,Timestamp,HRV_MeanNN,HRV_SDNN,HRV_SDANN1,HRV_SDNNI1,HRV_SDANN2,HRV_SDNNI2,HRV_SDANN5,HRV_SDNNI5,HRV_RMSSD,HRV_SDSD,HRV_CVNN,HRV_CVSD,HRV_MedianNN,HRV_MadNN,HRV_MCVNN,HRV_IQRNN,HRV_SDRMSSD,HRV_Prc20NN,HRV_Prc80NN,HRV_pNN50,HRV_pNN20,HRV_MinNN,HRV_MaxNN,HRV_HTI,HRV_TINN,HRV_ULF,HRV_VLF,HRV_LF,HRV_HF,HRV_VHF,HRV_TP,HRV_LFHF,HRV_LFn,HRV_HFn,HRV_LnHF,HRV_SD1,HRV_SD2,HRV_SD1SD2,HRV_S,HRV_CSI,HRV_CVI,HRV_CSI_Modified,HRV_PIP,HRV_IALS,HRV_PSS,HRV_PAS,HRV_GI,HRV_SI,HRV_AI,HRV_PI,HRV_C1d,HRV_C1a,HRV_SD1d,HRV_SD1a,HRV_C2d,HRV_C2a,HRV_SD2d,HRV_SD2a,HRV_Cd,HRV_Ca,HRV_SDNNd,HRV_SDNNa,HRV_DFA_alpha1,HRV_MFDFA_alpha1_Width,HRV_MFDFA_alpha1_Peak,HRV_MFDFA_alpha1_Mean,HRV_MFDFA_alpha1_Max,HRV_MFDFA_alpha1_Delta,HRV_MFDFA_alpha1_Asymmetry,HRV_MFDFA_alpha1_Fluctuation,HRV_MFDFA_alpha1_Increment,HRV_DFA_alpha2,HRV_MFDFA_alpha2_Width,HRV_MFDFA_alpha2_Peak,HRV_MFDFA_alpha2_Mean,HRV_MFDFA_alpha2_Max,HRV_MFDFA_alpha2_Delta,HRV_MFDFA_alpha2_Asymmetry,HRV_MFDFA_alpha2_Fluctuation,HRV_MFDFA_alpha2_Increment,HRV_ApEn,HRV_SampEn,HRV_ShanEn,HRV_FuzzyEn,HRV_MSEn,HRV_CMSEn,HRV_RCMSEn,HRV_CD,HRV_HFD,HRV_KFD,HRV_LZC,HR
0,2025-05-23 14:49:43+07:00,667.31843575419,51.924364242942545,,,,,,,30.47378685679314,30.559282372093012,0.07781047467129941,0.04566603472051881,670.0,59.303999999999995,0.08851343283582089,70.0,1.7039025864082165,630.0,710.0,6.145251396648044,44.134078212290504,560.0,820.0,9.421052631578947,78.125,,,0.013629875968267216,0.010168189343284667,0.0004147587531739748,0.024212824064725857,1.3404427777762356,0.5629197127865694,0.41995057313855694,-4.5884911237808845,21.60867579350149,70.35410476391533,0.3071416496025772,4776.034633456828,3.255826753857511,4.386037577384748,916.2431061361988,0.5642458100558659,0.5068493150684932,0.7432432432432432,0.1276595744680851,49.64871194379391,49.65924836237877,49.63954326309162,47.94520547945205,0.46823956442831216,0.531760435571688,14.786617861992987,15.75769922119859,0.5002838128744731,0.4997161871255269,49.76198164429328,49.733743474275016,0.4975213975736877,0.5024786024263123,36.7076210408928,36.89004150655536,1.2111792698309938,0.8757327100153827,1.3509665850639911,1.5300061561533216,0.07166589756851849,-0.6192230261353879,-0.29555454644809886,0.00031363349812493297,0.05349600683629457,1.0759115513980144,0.5445650169291834,0.5313465344688311,0.8036290429334227,1.006806234291486,-0.9782760204958716,0.0,0.0001517767512598977,0.02290936812564039,1.0116936305674016,1.263367521744165,4.295220700375694,1.0774236133096227,1.6516592624956339,1.3245586868218706,1.6280512031681433,1.851616710242811,1.7244579327871101,2.9374243246750296,0.9197985871497968,89.91209711176224
1,2025-05-23 14:49:44+07:00,666.8539325842696,51.99077505348517,,,,,,,29.905689801204648,29.990047142025198,0.07796426250648998,0.044845937528343954,660.0,44.477999999999994,0.06739090909090908,70.0,1.738491083104557,630.0,710.0,5.056179775280898,43.258426966292134,560.0,820.0,9.368421052631579,78.125,,,0.013732511789202187,0.009985725273455764,0.00047106165474500495,0.024189298717402958,1.3752142596698709,0.5677102072960202,0.4128158236464932,-4.606598678452221,21.206165702230255,70.51900103471222,0.30071562828565523,4698.055844342815,3.3254008303488702,4.378888284758803,938.0157783848194,0.5674157303370787,0.5104895104895105,0.7534246575342466,0.1276595744680851,50.36144578313253,50.38678945328776,50.33491614062415,47.55244755244755,0.48325963360707525,0.5167403663929249,14.742101120754306,15.244223943394545,0.5010865544110402,0.4989134455889595,49.91861488421352,49.81025391398161,0.4996081155162612,0.5003918844837386,36.80487506712235,36.83373289942036,1.1670409533811823,0.9329033201371288,1.31258100848546,1.5957512818951542,-0.17942041631009253,-1.1039377532009076,-0.19646343056419768,0.0004901984497006271,0.07095010399523671,0.7545745551323709,0.8349368041684355,0.1880827191677028,0.6055511212519206,1.0111715445535083,-2.520840018983912,0.0,0.0012168020574256672,0.07376167623947176,1.0074451821837038,1.2641267271456833,4.296925560930639,1.0618168477514776,1.2936521860640942,1.3213188536985285,1.6336031637352593,1.8535609112428102,1.7134807258005802,2.414695519310351,0.8819685508443503,89.97472620050549
2,2025-05-23 14:49:45+07:00,667.0786516853933,51.87342803425357,,,,,,,29.905689801204648,29.989190827906366,0.07776208682918254,0.04483083025614306,660.0,44.477999999999994,0.06739090909090908,70.0,1.7345671803284748,630.0,710.0,5.056179775280898,43.258426966292134,560.0,820.0,9.368421052631579,78.125,,,0.013628610125416059,0.0103636285993842,0.0003888254888574112,0.024381064213657672,1.315042313097351,0.5589833981808574,0.42506875452871945,-4.569452852568519,21.205560196710003,70.31148596826289,0.30159453899582983,4684.097205071525,3.3157099041963325,4.3775960089983545,932.5299616149229,0.5730337078651685,0.5174825174825175,0.7567567567567568,0.125,50.602409638554214,50.64296442491403,50.56051348847301,46.85314685314685,0.4838913455464309,0.5161086544535692,14.75173333420979,15.234903108562017,0.5044279720584179,0.4955720279415821,49.937391976345886,49.49709023433614,0.5027155806623026,0.49728441933769746,36.81953797756601,36.62010523191657,1.2793475994445778,0.6760382352957235,1.3681320146077256,1.555880478283671,0.0486499910160898,-0.8038151820003794,-0.22228129435043345,0.00012329733741108155,0.02915288948022808,0.831918011601628,0.9726290354922462,1.0872652271743366,0.8410137784524366,0.9491905747251517,1.0153979103737796,-0.7531812641160486,0.0008561569903577344,0.08960752303649204,1.0062108680989774,1.2513475400920373,4.290044513842438,1.064655693741038,1.595185251393681,1.3487766882688064,1.6654038589914535,1.8476988252722755,1.7094314504803243,2.3609581848664356,0.9239670532655099,89.944416371905
3,2025-05-23 14:49:46+07:00,668.6516853932584,52.09055590116651,,,,,,,30.578231613152038,30.65864463755391,0.07790387288193278,0.0457311815421027,665.0,51.891,0.07803157894736842,70.0,1.7035176056015542,630.0,710.0,5.617977528089887,43.258426966292134,560.0,820.0,9.368421052631579,78.125,,,0.013875096997785937,0.010594762596251445,0.0003795586285319787,0.02484941822256936,1.3096184904317831,0.5583670761830533,0.42635857714482844,-4.547395494662381,21.67893552520295,70.35685234433653,0.30812827468606935,4791.750843856657,3.245401614048016,4.387464337967555,913.344968630591,0.5674157303370787,0.5104895104895105,0.7534246575342466,0.125,51.306413301662715,51.29178864074273,51.316287641074254,46.85314685314685,0.5063444108761329,0.49365558912386703,15.429458247721524,15.234903108562017,0.5009304579156733,0.4990695420843265,49.79607598223412,49.703495737969355,0.5014000815266886,0.4985999184733114,36.86270042364379,36.75962296665739,1.2904694674905204,0.7505286506428699,1.3887822750086052,1.6263256350108304,-0.14358513327078626,-1.067335490071844,-0.1834986115469996,0.0001636036954948863,0.03761694612098713,1.1965138182974318,0.24947607668451566,1.2207449400603612,1.2479295214693933,0.22252049474667857,-0.7792283133576512,-0.3910333136134355,0.00010686862187653934,0.005507312452367309,0.9981950550315934,1.2669476034873248,4.2952935718550584,1.0733175616396053,1.6002046479769392,1.357847911508892,1.7017593438528893,1.8522383993533822,1.7249525372326568,2.490981539709878,0.9659655556866693,89.73281801377921
4,2025-05-23 14:49:47+07:00,669.3220338983051,51.989872487767265,,,,,,,30.849709001132336,30.93347491197635,0.07767542356997388,0.04609098078163605,670.0,44.477999999999994,0.06638507462686566,70.0,1.6852629788455697,630.0,710.0,5.649717514124294,44.06779661016949,560.0,820.0,9.833333333333334,78.125,,,0.013973756466002709,0.010590079014321477,0.00032894358287148653,0.02489277906319567,1.319513900425608,0.5613578311416063,0.42542775105327874,-4.5478376581764985,21.873269875922414,70.20164601984844,0.3115777352248704,4824.0397668312,3.2094719453502822,4.390380989202544,901.2408536724596,0.5649717514124294,0.5070422535211268,0.75,0.125,51.06382978723405,51.1185253830051,51.00736074233176,46.478873239436616,0.5002985074626866,0.4997014925373134,15.473479616058288,15.46424447371604,0.5065574666709989,0.49344253332900107,49.96451266106272,49.31347258547714,0.506003472536399,0.49399652746360095,36.985680316076845,36.54422961003189,1.2380260891299222,0.9141322528371245,1.2215129802064828,1.6569892851751111,-0.4926518938582216,-1.416446033111475,-0.023617831427484595,0.0002270417167279566,0.054778291723203004,0.8007970032968285,0.599218266350718,0.8970582797437945,0.8106829765553298,0.6845533618857846,0.501052630936119,-0.6441466457865118,2.113411895494712e-05,0.01607647392613562,0.9894242146013204,1.2620520670861723,4.300312707638954,1.0866170461787734,1.3818431236843585,1.3389964915940213,1.65626428581549,1.8644778437173188,1.72907299854035,2.3351959105160214,0.970366822892141,89.64294758166623
5,2025-05-23 14:49:48+07:00,670.056179775281,51.60144077841409,,,,,,,30.808319369496306,30.89052359330472,0.07701061841668237,0.04597871088932961,670.0,44.477999999999994,0.06638507462686566,70.0,1.674919042468292,630.0,710.0,5.617977528089887,43.82022471910113,560.0,820.0,9.88888888888889,78.125,,,0.014214918649152052,0.010712342021992956,0.00036657148502872367,0.025293832156173732,1.3269664672737425,0.561991499009867,0.42351597637917754,-4.536358742238814,21.8428987072288,69.63359789519338,0.31368332769627805,4778.361249409612,3.187928435164536,4.386249089761284,887.9477070916013,0.5617977528089888,0.5069444444444444,0.7397260273972602,0.125,51.1737089201878,51.206898687339,51.136935323797275,46.52777777777778,0.5011904761904762,0.4988095238095238,15.466238891680982,15.429458247721524,0.5070010963109816,0.49299890368901855,49.5819136322898,48.89245132318112,0.5064804066976664,0.4935195933023339,36.725813162504586,36.25286180571002,1.1691225574045179,0.9749021330637966,1.3289116558383216,1.5408862834968424,0.003575578793540757,-0.7048594783540247,-0.2825683004791934,0.00047910351250507905,0.0719030275886538,0.7090940724992535,0.30972353550232257,0.808377296748743,0.743662307887164,0.9873346208493499,0.2296917687354605,-0.7089443695540334,0.00016071125397104663,0.01138510197645756,1.0016398499652128,1.2871503108048439,4.281128087867875,1.0896777304071,1.544440076251117,1.3299948530798673,1.6377804235929891,1.8675172818881363,1.7314328275887618,2.389470640071516,0.8819685508443503,89.54473044353148
6,2025-05-23 14:49:49+07:00,670.9604519774011,51.65096601907506,,,,,,,30.886522509458274,30.970398518837058,0.0769806415070418,0.04603329811530915,670.0,44.477999999999994,0.06638507462686566,70.0,1.6722816886639846,630.0,710.0,5.649717514124294,44.06779661016949,560.0,820.0,10.411764705882353,78.125,,,0.00976253047594692,0.006776971395582072,0.000221746803076083,0.016761248674605076,1.4405447368880946,0.5824464910384692,0.4043237784455667,-4.99422497364538,21.899378808719486,69.7209535479569,0.31410039155095903,4796.726834209131,3.1836954900381333,4.387915096767573,887.8811414871542,0.5649717514124294,0.5104895104895105,0.7534246575342466,0.125,51.05882352941177,51.04955745827024,51.063516449943826,46.85314685314685,0.5008933889219773,0.4991066110780226,15.501152030920611,15.473479616058288,0.5059075846418869,0.49409241535811305,49.59054867506547,49.008048785299806,0.5054571999046554,0.49454280009534446,36.73899993317559,36.34018035983653,1.2371617164761766,1.1691826687777374,1.2326205874567648,1.785817726718649,-0.6087000515132281,-1.5368294032204357,-0.026851403091532274,0.0007268708478975525,0.10872919570470568,1.0490850087220294,0.88624990020603,0.17248465057256457,0.6156096006755796,1.0,-2.1563117699015724,0.0,0.0004252912626941219,0.056289793943868356,1.010477927837543,1.2920418228737012,4.289528019794778,1.0899747472285697,1.468537770698007,1.3465051625881133,1.6270241980672753,1.8759087605531133,1.7300342659647168,2.573959581066324,0.8859870991623895,89.42404850117885
7,2025-05-23 14:49:50+07:00,671.5819209039548,51.937301697843324,,,,,,,30.914103871563512,30.997067309959853,0.07733576512592133,0.0460317690356418,670.0,44.477999999999994,0.06638507462686566,70.0,1.6800519890087482,630.0,710.0,5.649717514124294,44.06779661016949,560.0,820.0,10.411764705882353,78.125,,,0.014511976480226747,0.010562526255649895,0.0003559022821782066,0.02543040501805485,1.373911517849652,0.5706545558328177,0.4153502961573285,-4.550442800559932,21.918236491768464,70.05262400417367,0.3128824480645093,4823.695544617375,3.1960885188223234,4.390349998756963,895.5775491724661,0.5649717514124294,0.5104895104895105,0.7397260273972602,0.125,51.17370892018778,51.13930728277627,51.20426061064618,46.85314685314685,0.501783590963139,0.4982164090368609,15.528775133372788,15.473479616058288,0.5107735914224382,0.4892264085775619,50.06550774408427,48.998112863631455,0.5099717383739738,0.49002826162602614,37.065468584761064,36.333480672967035,1.2507803912680662,0.6852263900100548,1.248297291503186,1.5521877909688433,0.003845773904812333,-0.9137426354866869,-0.05651080592328331,0.00014012550968509638,0.031385815492802574,1.1529020526823885,0.14374908187124902,1.2324089846663693,1.1605344437307448,1.1875160414874362,0.1815358141315011,-1.0,1.295394763060672e-05,0.001719944320962977,1.0159652403382018,1.291924599199074,4.296228764412238,1.0861720653337708,1.4319867950494696,1.3500521407936512,1.6175053833214483,1.8729592553934504,1.7290559942148735,2.6525395889462198,0.8859870991623895,89.34129721544544
8,2025-05-23 14:49:51+07:00,672.2598870056497,52.1740991339736,,,,,,,31.12474899497183,31.211001640072745,0.07761001383909007,0.04629868536944293,670.0,44.477999999999994,0.06638507462686566,70.0,1.6762897956993088,630.0,718.0000000000001,5.649717514124294,44.06779661016949,560.0,820.0,10.411764705882353,78.125,,,0.009177194470358328,0.0060128605137818696,0.00018147871934599084,0.01537153370348619,1.5262609949663057,0.597025296719545,0.3911685476393408,-5.113854684635668,22.06951090731989,70.52400116456623,0.31293617127339624,4889.669722763682,3.195539831432115,4.396249635256079,901.4490191733449,0.559322033898305,0.5034965034965034,0.7361111111111112,0.125,50.815850815850816,50.83395111411826,50.79410589987429,47.55244755244755,0.5020527859237537,0.4979472140762463,15.638779638176008,15.574704766750108,0.5044734179260896,0.49552658207391037,50.09058311633804,49.64441784657132,0.5042574791575395,0.49574252084246057,37.105511352804434,36.79089324748991,1.2357965360928016,0.890789183348885,1.3495164646517837,1.6346904375719267,-0.29724561099160596,-1.2061862068106448,-0.1798636779040767,0.0002800028946758108,0.05594536072441246,0.776576668197046,0.8865281204645692,0.9317740344310519,0.7886201339651131,0.6200441582312086,0.8066218143890769,-0.6614769990498683,7.120528452580695e-05,0.038683956317871006,1.0306797411697284,1.313482005644923,4.30211979053541,1.0885797088902134,1.4744618501475453,1.3375237934362454,1.589227605931403,1.877997600944994,1.7340015184631314,2.517930102497728,0.8859870991623895,89.25119757962854
9,2025-05-23 14:49:52+07:00,672.1468926553672,52.135323306873964,,,,,,,31.22498999199199,31.313247683999187,0.07756537131475744,0.046455604174015154,670.0,44.477999999999994,0.06638507462686566,70.0,1.6696666138322116,630.0,718.0000000000001,6.214689265536723,44.06779661016949,560.0,820.0,10.411764705882353,78.125,,,0.015089438704451986,0.010248681723241027,0.000352751160432031,0.025690871588125042,1.4723297212200015,0.5873463129770459,0.3989230839477716,-4.580606194035728,22.141809778329776,70.5031545761947,0.31405417121301304,4904.237993088692,3.1841640444945134,4.397541647446293,897.9744392998318,0.559322033898305,0.5034965034965034,0.7222222222222222,0.125,49.53488372093023,49.52356752948342,49.54787281982594,48.25174825174825,0.48426573426573416,0.5157342657342656,15.40871738427866,15.901482410679288,0.5046043957815565,0.4953956042184435,50.08227679319148,49.62318365849735,0.502778394909858,0.49722160509014196,37.0517409862102,36.84642112378148,1.281155519222893,0.7083946856661671,1.3695972605390248,1.6082553092707095,-0.10306894415855794,-1.0488738385880239,-0.1631001706241583,0.00016690870092037177,0.03478467175651476,0.8784440625739771,0.814416541914889,1.0582643648122347,0.877883996221539,0.7598062777589822,0.7750515668860047,-0.7214841660344694,0.000167967283667549,0.04152906427567963,1.0414385915816387,1.309560566888501,4.30149218462698,1.0895981097936684,1.8032644931534367,1.3201764249803019,1.5913612520015694,1.8607070173066311,1.7367796147416041,2.9617447407180886,0.8859870991623895,89.26620156341936
10,2025-05-23 14:49:53+07:00,671.9209039548023,52.19864225938906,,,,,,,31.17035304726126,31.25928433510366,0.07768569477770003,0.04638991414584413,670.0,59.303999999999995,0.08851343283582089,70.0,1.6746246723687792,630.0,718.0000000000001,6.214689265536723,43.50282485875706,560.0,820.0,9.833333333333334,78.125,,,0.015233061595762432,0.010154219565148014,0.00035346027169549346,0.025740741432605938,1.5001705939121461,0.591787988533486,0.39448046171217155,-4.589865939178013,22.103651928390214,70.6147403765075,0.31301753444871094,4903.534920039336,3.1947092093777054,4.397479382394087,902.3742455945769,0.5649717514124294,0.5070422535211268,0.7222222222222222,0.125,49.99999999999999,50.00183943401796,49.997850010987605,47.88732394366197,0.4877192982456142,0.512280701754386,15.436505896274396,15.820420799893856,0.504164658071616,0.4958353419283839,50.1396809254485,49.72377655745562,0.5026971304214316,0.4973028695785685,37.096315973365186,36.896745584275365,1.1629020592313684,1.0273579748770274,1.3300995400662665,1.5686767635779848,-0.13890758940162584,-0.9123067434779175,-0.26777595604854726,0.000444018865057272,0.07776824701565248,1.0880793856919722,0.37560800565944397,0.7124713800325282,0.9002753828622502,1.0099589721503188,-0.34861056587041417,0.0,0.00024384998643568975,0.016802113966585094,1.0358415313778204,1.3028516853431669,4.298748594810452,1.0881486018188178,1.4367239989000988,1.3289372071357402,1.6107069465228059,1.856039512351035,1.7360410722642543,2.658928697724262,0.8437972372975139,89.29622466997392
11,2025-05-23 14:49:54+07:00,672.3728813559322,52.027275944631185,,,,,,,31.097354462163732,31.182745811804907,0.07737860551382,0.04625016166543131,670.0,44.477999999999994,0.06638507462686566,70.0,1.6730450819516807,630.0,718.0000000000001,6.214689265536723,42.93785310734463,560.0,820.0,9.833333333333334,78.125,,,0.015451339833420567,0.009946915938354093,0.00035594721866644553,0.025754202990441104,1.55337995507151,0.5999541060989333,0.38622495683698604,-4.61049273180222,22.04953101954366,70.19966884888778,0.31409736514580444,4862.776316509099,3.1837261657250724,4.393854402820111,893.9860901577571,0.5649717514124294,0.5070422535211268,0.7222222222222222,0.125,50.93896713615024,50.99950606079566,50.87789815473229,46.478873239436616,0.4929494712103407,0.5070505287896593,15.482709249814311,15.702593052468389,0.5108425472935442,0.4891574527064559,50.1739848517455,49.09750248831725,0.5092354733084244,0.4907645266915756,37.129119580307,36.44952797473341,1.1847052877618194,1.0316582304530568,1.3514992731519893,1.624306435889841,-0.12810061775080506,-0.9493018096222317,-0.23556440041383928,0.0006352168299621727,0.08776908789078805,0.962041625516066,0.9067327580835118,0.18120248353154134,0.6345688625732973,1.2878779707047343,-1.4711422837471146,0.0,7.19451145777682e-05,0.03560202106600246,1.025007854396173,1.2746754432736418,4.286593066177482,1.0879539904784286,1.6416287834305223,1.3150436077627854,1.6073117253195965,1.8388712482377638,1.7342265868878133,2.342673286457548,0.8437972372975139,89.23619863876985
12,2025-05-23 14:49:55+07:00,672.7683615819209,51.73926671876775,,,,,,,31.015025684042534,31.097197852631584,0.07690502359104713,0.04610060082361042,670.0,44.477999999999994,0.06638507462686566,60.0,1.6682000281362976,630.0,718.0000000000001,6.214689265536723,42.3728813559322,560.0,820.0,9.833333333333334,78.125,,,0.015538715269849877,0.009855205948316844,0.000357722114841334,0.025751643333008056,1.576701222819571,0.6034067445292935,0.38270202102731804,-4.619755440745294,21.98903947749553,69.57000351883266,0.3160706966407308,4805.937924723545,3.1638491344759925,4.388748266957318,880.4359816742019,0.5706214689265536,0.5106382978723405,0.7361111111111112,0.12244897959183673,51.30023640661938,51.41987939939862,51.186783980507045,46.09929078014184,0.49556999409332547,0.5044300059066745,15.482709249814311,15.620499351813306,0.5205762874438484,0.4794237125561516,50.19543430836956,48.17056948183761,0.5183042018522296,0.48169579814777025,37.14361258090097,35.807846655478635,1.2983798437215,0.8790294702640211,1.3111155692121264,1.7158362067682489,-0.4737797592325421,-1.4296630150620189,-0.03958240167469862,0.00026253954697459745,0.05335428826194614,0.7010180447786719,0.6564655221694451,0.941521196850772,0.7461033336161295,0.878388845428046,0.5939483656433842,-0.7976818380176892,0.0002629256969520029,0.032576217007513474,1.0347074979596824,1.2924536892949257,4.2668932452664325,1.093058761682305,1.6550778677662896,1.3110096353838168,1.6065806256067117,1.8346136152361885,1.7317362829157932,2.207733253937812,0.8437972372975139,89.18374202216997
13,2025-05-23 14:49:56+07:00,673.8983050847457,50.66658894920106,,,,,,,31.015025684042534,31.099285914882103,0.07518432464795932,0.04602330270016372,670.0,44.477999999999994,0.06638507462686566,60.0,1.6336142831333977,630.0,718.0000000000001,6.214689265536723,42.3728813559322,560.0,820.0,9.833333333333334,78.125,,,0.01571909998489242,0.009698935577646724,0.00036300194965798973,0.025781037512197135,1.6207036183558592,0.6097155701144936,0.3762042382141568,-4.635739133757269,21.99051596047242,68.0382698841701,0.3232080415611621,4700.44043478711,3.093982424353651,4.379108663522175,842.0368448202105,0.5706214689265536,0.5106382978723405,0.7361111111111112,0.14285714285714285,51.06382978723404,51.16148089528255,50.97032592835298,46.808510638297875,0.4949793266391022,0.5050206733608977,15.473479616058288,15.629642167551827,0.5105904047392872,0.48940959526071254,48.617160050388705,47.598087329913334,0.5091134990139601,0.49088650098604,36.07670178102263,35.42501680840653,1.2225192171843549,0.8679611472131843,1.3591030398805133,1.5451153569901765,-0.10783908045742407,-0.8800161246627205,-0.28569050272940877,0.0001519983802273218,0.04551766759071968,0.7754402749444276,1.095007680776983,1.0296562449027766,0.8457619956838278,0.6612726110392542,0.8299162541560503,-0.6679387756334852,0.0003438539683258104,0.07927889084314974,1.0278603533738493,1.2727636352020375,4.225861995121854,1.1061423262467311,1.904621543319546,1.3116688175182747,1.6102335555159104,1.8303083841703396,1.7410275874926162,2.2468977855906216,0.8437972372975139,89.03420523138833
14,2025-05-23 14:49:57+07:00,674.6022727272727,50.118269214837305,,,,,,,30.974644008100746,31.06093381074372,0.07429306309956511,0.04591541603154831,670.0,44.477999999999994,0.06638507462686566,60.0,1.6180418151611349,630.0,720.0,6.25,41.47727272727273,560.0,820.0,9.777777777777779,78.125,,,0.016072376545669544,0.009627320901837164,0.00036986149387034444,0.02606955894137705,1.6694547433858242,0.6165189285254769,0.3692935858058145,-4.643150295217689,21.963396927563394,67.19327317962069,0.32686898387656993,4636.338969547722,3.059329729423374,4.373145290321191,822.2655130227193,0.5625,0.5,0.7285714285714285,0.12244897959183673,50.83532219570406,50.92833883628124,50.747975367333034,47.14285714285714,0.49374627754615846,0.5062537224538416,15.434325084194567,15.628591541249593,0.5110589306314716,0.4889410693685286,48.03538637181219,46.98444015524558,0.5093874923740657,0.4906125076259342,35.6764399477714,35.01278688040322,1.2343621543883085,0.8331515029831098,1.2360103084713696,1.6188641105304191,-0.1447462460856901,-1.0805986553868014,-0.04047517085639708,0.00032463914391752074,0.0531334912863329,1.123462497982579,0.2750883424968342,1.241391530860582,1.103847359612165,1.2397218586685392,0.23054501645862646,-1.0,0.00021356326434574,0.013201848955096561,1.030438063891252,1.283164744323732,4.218101451468502,1.1151114384139027,1.3526126949467074,1.2996294451583712,1.5731368794517768,1.8342618681782108,1.7487708814633935,2.2407183060006903,0.8476626839360566,88.94129537606332
15,2025-05-23 14:49:58+07:00,674.3502824858757,50.042611529273216,,,,,,,31.042492870843404,31.13105936428854,0.07420863137300067,0.046033187316850556,670.0,44.477999999999994,0.06638507462686566,60.0,1.612068068678712,630.0,718.0000000000001,6.214689265536723,42.3728813559322,560.0,820.0,9.833333333333334,78.125,,,0.016069635150457427,0.009581469261903142,0.0003749942892760435,0.026026098701636614,1.677157720930324,0.6174431033509802,0.36814850246074815,-4.647924331128173,22.012983182009393,66.86403144665076,0.32922010093832044,4624.037340978518,3.0374816031884717,4.3719914424926545,812.3930617368685,0.5536723163841808,0.4893617021276595,0.7101449275362319,0.12244897959183673,50.0,50.001810943084,49.997868450059194,48.226950354609926,0.4882075471698114,0.5117924528301887,15.380878667079735,15.748015748023619,0.49243667469990554,0.5075633253000944,46.921053331315875,47.63626198158827,0.4920231204516537,0.5079768795483464,34.91530233501936,35.476847771317786,1.1894418454080327,1.0362927374058888,1.3344281156877016,1.5834977317513959,-0.21899722055794157,-0.8912338573691292,-0.2596532262812335,0.0004389551748546798,0.07407541310117956,0.9178021485075829,0.49019418596205044,1.144796412783549,0.8996993198025238,1.5546293682073618,0.4747300223765212,-1.0,0.00012312452128583314,0.01798132182747255,1.0310183196724205,1.289739626083361,4.219783691623838,1.118973490445916,1.888784554745287,1.295786055547502,1.5755630966442085,1.8421170706700378,1.7569264760784633,2.2916325819239476,0.8437972372975139,88.9745308310992
16,2025-05-23 14:49:59+07:00,674.8295454545455,49.83371700615308,,,,,,,31.02073039574849,31.109531588646988,0.07384637697299774,0.04596824576620135,670.0,44.477999999999994,0.06638507462686566,60.0,1.6064649790767977,630.0,720.0,6.25,42.04545454545455,560.0,820.0,9.777777777777779,78.125,,,0.01650747076809413,0.009611258046769067,0.0003844371016003618,0.02650316591646356,1.7175140535991855,0.6228490143451058,0.36264565814752825,-4.644820154394245,21.99776074586939,66.79596656554412,0.32932768065095513,4616.135894847852,3.0364893653135434,4.371248695532735,811.3009684884549,0.5568181818181818,0.49645390070921985,0.7142857142857143,0.12244897959183673,49.76303317535545,49.73753937192168,49.786372775756234,48.226950354609926,0.4845605700712589,0.515439429928741,15.312829869775527,15.793203834444794,0.49791739659116657,0.5020826034088333,47.133412996404736,47.330143975437394,0.4966104846281852,0.5033895153718148,35.043126139874744,35.281495263749484,1.1134831012475033,1.3781210973819027,1.324711741651598,1.5612270812264488,-0.45619769428192214,-0.8422613325905646,-0.32837840591500067,0.0005269863840321108,0.11773564234978677,0.5700668559001983,0.7936789791180499,0.1601860601577858,0.5570255497168107,0.9803385451722686,-2.492486289694871,0.0,0.0013868376035561342,0.09403905387368298,0.4846608740971119,2.3460702049337847,4.233539815833028,1.1097799742605814,1.4884902184697733,1.4833339348265995,1.6511986324106704,1.8473712991487692,1.7572584707610404,2.4413870944865828,0.8476626839360566,88.91134124778984
17,2025-05-23 14:50:00+07:00,674.9431818181819,49.822509647070845,,,,,,,31.304951684997057,31.39472726168833,0.07381733898379045,0.04638161037595321,670.0,44.477999999999994,0.06638507462686566,60.0,1.5915216911498495,630.0,720.0,6.8181818181818175,41.47727272727273,560.0,820.0,9.777777777777779,78.125,,,0.010291925948805654,0.00608880441014657,0.00018608256086033456,0.01656681291981256,1.6903032607936745,0.6212375306355605,0.36753022078645287,-5.101303536706636,22.199424540241985,67.00410496456023,0.33131439561775644,4672.970072906751,3.01828116504095,4.376563109643696,808.9489119798357,0.5568181818181818,0.49645390070921985,0.7142857142857143,0.12244897959183673,49.88179669030733,49.886320236584226,49.87740012436018,48.226950354609926,0.49387755102040815,0.5061224489795919,15.600987295607322,15.793203834444794,0.5008316756319778,0.4991683243680219,47.418444622875725,47.3396365812949,0.5001438288551031,0.499856171144897,35.298014781644824,35.28786249551959,1.1836938816797011,1.1440385853595547,1.3459854187712765,1.6472774004940502,-0.35733334010672735,-1.0779994462247053,-0.23664176577743484,0.0006026798937247949,0.0962648327892149,1.0740124631821568,1.0208683549645516,1.2035612993914773,1.0039181291855972,0.2929144167219464,0.8885275973186331,-0.6955621106629487,8.407058874691414e-05,0.04153338983501458,0.4846608740971119,2.3460702049337847,4.2344439468210355,1.1123604461387193,1.5279914259006147,1.4833339348265995,1.6511986324106704,1.8441241410111402,1.7543335160602251,2.8293003780402506,0.8476626839360566,88.89637174846366
18,2025-05-23 14:50:01+07:00,675.1704545454545,50.17653898920356,,,,,,,31.240998703626616,31.329804503799654,0.07431684643692524,0.04627127637665812,670.0,44.477999999999994,0.06638507462686566,60.0,1.6061118745022325,630.0,720.0,6.8181818181818175,41.47727272727273,560.0,820.0,9.777777777777779,78.125,,,0.010561599070234394,0.006337694872970492,0.00019338171314622795,0.017092675656351114,1.6664732654262586,0.6179020349169282,0.3707842470301365,-5.061240161350916,22.153517217885575,66.82029916838431,0.3315387313974703,4650.514207643384,3.0162388442065144,4.3744710854744335,806.1839277327241,0.5511363636363636,0.4893617021276595,0.7101449275362319,0.125,49.526066350710906,49.58360414661039,49.4632474353732,48.226950354609926,0.47950819672131145,0.5204918032786885,15.340952629683947,15.983108900177788,0.49650697285691403,0.5034930271430863,47.08375506071002,47.41384175887295,0.4948234606268785,0.5051765393731216,35.01588795249339,35.38030638964554,1.2537454382431557,0.8965946773476654,1.3535292730517758,1.6638984261000442,-0.4688463511311358,-1.3864933160433708,-0.153835606110877,0.0002373624480608562,0.05338083214903156,1.2694095144171025,0.29929864037727283,1.364684257369141,1.3041413093685252,0.06715043136281285,-0.9348037512592682,-0.7022827364811944,0.00016490019855337234,0.010657843935364533,1.0157559170780623,1.2773342292258731,4.2344439468210355,1.1054909311472303,1.5090898970893865,1.3227764185105657,1.6057364548631026,1.8421134898865166,1.7541641055762214,2.2900915667999477,0.8900458181328594,88.86644786670033
19,2025-05-23 14:50:02+07:00,675.367231638418,49.92045547347293,,,,,,,30.02839565235788,30.11142726521033,0.0739160165534943,0.044462322490106614,670.0,44.477999999999994,0.06638507462686566,60.0,1.6624416452816082,630.0,720.0,6.214689265536723,40.67796610169492,560.0,820.0,9.833333333333334,78.125,,,0.01719107533472631,0.010052799181774803,0.0004205520547731648,0.02766442657127428,1.7100784591313458,0.6214144829799901,0.3633836094840028,-4.599904157708361,21.29199441043572,67.28374449097845,0.31645079463867526,4500.661694145178,3.160048945814163,4.360246479068274,850.4797033965839,0.5536723163841808,0.4928571428571428,0.7101449275362319,0.12244897959183673,50.85158150851581,50.80772801508589,50.89392129978584,47.85714285714286,0.5160680529300566,0.48393194706994325,15.297058540778352,14.813121596360821,0.5014269850723595,0.4985730149276405,47.644634994171824,47.50885211199497,0.502759910957297,0.49724008904270317,35.38369146745335,35.18891587153532,1.2345996466734042,1.1017304134596015,1.3884926222268645,1.7127245158067237,-0.46112686601441766,-1.2989230970465062,-0.20570668684572158,0.0005136942002027884,0.0889208051486111,1.1463432937522389,0.35244325062182935,1.3955481476158713,1.2193265223049568,1.6375809673732649,0.6459365792377285,-1.0,0.00014135247380328794,0.014212403420633951,0.49766288516651525,2.356652314264321,4.22198029133588,1.104352208958196,1.4375562074324753,1.485097619715022,1.6529623172990933,1.8418496478090673,1.738669703133175,2.887009381072679,0.970366822892141,88.84055546260666
20,2025-05-23 14:50:03+07:00,675.4545454545455,49.91213058186135,,,,,,,30.28436654683167,30.371211846602343,0.07389413679683375,0.04483553593743585,670.0,44.477999999999994,0.06638507462686566,62.5,1.6481153899876806,630.0,720.0,6.8181818181818175,40.340909090909086,560.0,820.0,9.777777777777779,78.125,,,0.011415355061540695,0.007208914861279698,0.00021729370076870017,0.018841563623589092,1.5835053237838193,0.6058602825961323,0.38260703863528317,-4.932436843689124,21.475689849585724,67.45057181931115,0.31839151648877817,4550.746374658148,3.140787201329987,4.365052741742453,847.3915707699261,0.5511363636363636,0.48571428571428577,0.7058823529411765,0.12244897959183673,49.878345498783446,49.8768274137819,49.880413854113975,48.57142857142857,0.5003115264797509,0.49968847352024925,15.190362946183397,15.180901492169115,0.4943730436180559,0.5056269563819442,47.42562106280304,47.962382192291756,0.494919638295672,0.5050803617043279,35.213184034033105,35.572811778621094,1.1540649650722128,1.0086338096985012,1.3119104029553386,1.5894874130541157,-0.21059157439422194,-1.0725777353667438,-0.22479902276748995,0.0005019684651198758,0.07937926218476103,0.5351613047925304,0.5803298893592499,0.7508538532990254,0.5960066744893763,0.9298326105088215,0.44696822632298083,-0.7668261305317533,0.00034058961024817044,0.03231613309315927,0.5005042382241971,2.367123614131617,4.223976694460406,1.116911748554391,1.6486993076599386,1.4868428363595714,1.6547075339436423,1.8342231989712041,1.741238406076431,2.8930321895087996,0.8900458181328594,88.82907133243606
21,2025-05-23 14:50:04+07:00,675.0282485875706,49.921805831553286,,,,,,,30.385777175274857,30.47199054528942,0.0739551358569211,0.04501408235707775,670.0,44.477999999999994,0.06638507462686566,60.0,1.6429333218495081,630.0,720.0,6.779661016949152,40.67796610169492,560.0,820.0,9.31578947368421,78.125,,,0.011853079943871043,0.007674199072216432,0.0002298658046284794,0.01975714482071595,1.5445364177199645,0.5999389107804047,0.3884265232580473,-4.86989134636582,21.54695115082651,67.41544728374596,0.31961445067830224,4563.469161605841,3.1287696719524054,4.366265230021408,843.7096275299622,0.5480225988700564,0.4859154929577465,0.6956521739130435,0.12244897959183673,49.640287769784166,49.631976680222714,49.6500951925901,48.59154929577465,0.4966153846153846,0.5033846153846154,15.184578643196804,15.287716824767708,0.4948789898756824,0.5051210101243179,47.42517350112248,47.91341618853703,0.49503993270491164,0.5049600672950886,35.21163522319716,35.56268927239789,1.2361825979527865,0.972455805125608,1.3656033643823489,1.604629162049854,-0.2573624996578019,-0.9548899380070628,-0.25420394797619494,0.0002647307364126238,0.05934070693568894,0.5707508259655892,0.8981249574620307,0.47954654396645235,0.49575916870456527,0.9898087250195144,1.2400496786073987,-0.48194836408518543,0.0009634512172949746,0.08583411515128957,0.5145035696805884,2.474435349920705,4.217915285467469,1.1159252134170385,1.8093517999227526,1.49138767437883,1.6616628823008268,1.8346809602764982,1.74885662634142,2.9105627193896617,0.8859870991623895,88.88516906595247
22,2025-05-23 14:50:05+07:00,674.8863636363636,50.119726784840054,,,,,,,30.378563870880118,30.465679632464795,0.07426394943704201,0.0450128577308882,670.0,44.477999999999994,0.06638507462686566,62.5,1.6498385834783704,630.0,720.0,6.8181818181818175,40.909090909090914,560.0,820.0,9.263157894736842,78.125,,,0.018647465343720596,0.011232370055275345,0.00047007334325434487,0.030349908742250287,1.6601541127967654,0.6144158620734614,0.3700956780683395,-4.488955485724727,21.542488661572737,67.66205991097027,0.3183835769989613,4579.214223994021,3.1408655227316022,4.367761071052768,850.0697246854666,0.5454545454545454,0.48226950354609927,0.6911764705882353,0.125,50.12106537530266,50.1272796511781,50.11459476168126,47.5177304964539,0.4984520123839009,0.5015479876160991,15.209268196743054,15.25642883146823,0.4972913701680286,0.5027086298319713,47.71453290399378,47.973718858865055,0.4973981941049024,0.5026018058950976,35.411851754227456,35.59660322164939,1.231270469683037,0.9939978571958754,1.3772766810389658,1.5863106165454948,-0.1980451849030942,-0.8489414692353154,-0.2897038368913334,0.00024412126772338017,0.060622097826744936,0.9053900784007557,0.48579047305551226,0.8388320368932889,0.701970339331998,1.0,1.3193952287974597,-0.7817298921085498,0.0001179429740339893,0.01584500406813926,1.0511663673860387,1.3156767939059375,4.220175877104524,1.114853976506541,1.5623407912254972,1.352540814627992,1.6085913456635583,1.8293472891808502,1.7469151259937234,2.542088005144738,0.8476626839360566,88.90385586799124
23,2025-05-23 14:50:06+07:00,675.1412429378531,49.92161292549241,,,,,,,30.35771580819132,30.443475406155503,0.07394247270135695,0.04496498492091936,670.0,44.477999999999994,0.06638507462686566,60.0,1.6444456243319279,630.0,720.0,6.779661016949152,40.67796610169492,560.0,820.0,9.31578947368421,78.125,,,0.01905247796941356,0.011861344636641468,0.000497459788142768,0.0314112823941978,1.6062662837194366,0.6065488740737589,0.3776141479289767,-4.434470516068323,21.526787902578437,67.41300310038848,0.31932693861037004,4559.0334532682955,3.131586719090305,4.365842888940792,844.4386608126805,0.5423728813559322,0.4788732394366197,0.6764705882352942,0.125,50.48076923076922,50.48761096272201,50.47179956146379,47.183098591549296,0.5006165228113441,0.499383477188656,15.231546211727814,15.212776585113296,0.49656672388631146,0.5034332761136885,47.50425165834985,47.831569714918956,0.4969414871515172,0.5030585128484828,35.27501896257346,35.491461176047146,1.2136778190938422,1.0391842803453732,1.39259597328325,1.5402837227844395,0.04843425118082756,-0.48748270324437204,-0.35788107817402187,0.0003562827537985232,0.07175024513226144,0.9655802503904577,0.5629103785829042,0.9900680029220315,1.191035819736383,-0.19171259077340252,-1.0048772698456663,-0.14298434624659612,5.6683964171901714e-05,0.015418161067308886,0.5197385470382079,2.2925347571405443,4.21312205883266,1.1105971596290398,1.3478511074006898,1.470616456741192,1.8304871893475079,1.8122237300499575,1.7436472942357455,2.6206043290399537,0.8437972372975139,88.87029288702928
24,2025-05-23 14:50:07+07:00,675.0,50.039984012787215,,,,,,,30.350335371176,30.436560851272304,0.07413330964857365,0.044963459809149633,670.0,44.477999999999994,0.06638507462686566,62.5,1.6487456695556206,630.0,720.0,6.8181818181818175,40.909090909090914,560.0,820.0,9.263157894736842,78.125,,,0.01986093680448464,0.012596249068985117,0.0005193130814977519,0.03297649895496751,1.5767342083912004,0.6022754820518275,0.38197654293703137,-4.374356202281732,21.521898573931644,67.59198561133867,0.3184090299948417,4570.0995221302555,3.1406144480770544,4.366895767677456,849.1214663407465,0.5454545454545454,0.4788732394366197,0.6764705882352942,0.125,49.51690821256038,49.50968590720628,49.52625237041309,47.88732394366197,0.49193548387096775,0.5080645161290323,15.09548154973503,15.340952629683947,0.49625062255253416,0.5037493774474658,47.615213605916324,47.9736172510097,0.4958533861968372,0.5041466138031628,35.32054734821807,35.61469345461633,1.25238766432792,1.0310132665860308,1.2897530790860845,1.753876853495574,-0.43575144252102227,-1.4077165542702996,-0.04983724317502597,0.000704708180328529,0.09071596173821628,0.7257406322395068,0.7864205660443297,0.939890713794931,0.9678198828120352,0.6343843535999225,-0.06060941137764919,-0.46448570876320416,0.0005201645275551942,0.058419637036944146,1.0374978146327325,1.280651797794139,4.215986588078562,1.1160488968392521,1.4419768053177286,1.3281769974884603,1.6236534525058899,1.8045510668030305,1.7400716942094532,3.0312100813412513,0.8052795497392538,88.88888888888889
25,2025-05-23 14:50:08+07:00,674.180790960452,50.40214499230536,,,,,,,30.451153135353138,30.5327161131589,0.0747605770857123,0.045167636847041864,670.0,44.477999999999994,0.06638507462686566,60.0,1.6551801755510385,630.0,720.0,6.779661016949152,41.24293785310734,560.0,820.0,8.85,78.125,,,0.014490722147497501,0.010644250314122758,0.0003004544201995677,0.02543542688181983,1.361366157301962,0.5697062689305544,0.41848129239501064,-4.542735409220744,21.589890611658422,67.83435707663189,0.3182736822767924,4600.976634923124,3.1419500124748994,4.369820137760445,852.5286362526014,0.536723163841808,0.4722222222222222,0.6617647058823529,0.1276595744680851,48.80952380952381,48.734989097261106,48.88307661018653,48.61111111111111,0.48590686274509814,0.5140931372549021,15.052289811567823,15.482709249814311,0.48913591841169807,0.5108640815883019,47.442164037609295,48.48444153982359,0.4888388137958252,0.5111611862041747,35.194675429266695,35.989271714935114,1.284485902397764,0.9023758135879119,1.4012336206783624,1.640744448801334,-0.2582890832144962,-1.0226973139889006,-0.2345775180180648,0.000206269027436332,0.05028795040996585,0.696473883203138,0.9963916008370215,0.9234653429303183,0.7199389185053928,0.7490553911808675,0.9528295613116571,-0.7042634886263118,0.00026877377114949006,0.06425649055938325,1.0267184759082424,1.2803753422361532,4.217785760300795,1.1103003261852755,1.7590315921111526,1.3308422391542882,1.6274830827565718,1.8073210235235169,1.7384057243235886,3.0501115748544816,0.8437972372975139,88.99689935473057
26,2025-05-23 14:50:09+07:00,673.1073446327683,51.26751144575657,,,,,,,30.282758370819764,30.368301997868866,0.07616543164259622,0.044989493298934854,670.0,59.303999999999995,0.08851343283582089,70.0,1.692960423815208,630.0,720.0,6.779661016949152,40.67796610169492,560.0,820.0,8.85,78.125,,,0.020391238118587878,0.013930133434207972,0.0005617624845527841,0.03488313403734864,1.4638221675977265,0.584558660834643,0.39933721033475006,-4.273700912326898,21.47363227581405,69.10330117849821,0.31074683712065065,4661.805815528777,3.2180536711681467,4.375524289270604,889.5125281892172,0.536723163841808,0.4722222222222222,0.6617647058823529,0.1276595744680851,49.51923076923077,49.46501434131172,49.57006594559557,47.91666666666667,0.4919454770755886,0.5080545229244113,15.061777546396799,15.306394555404424,0.4897284929192275,0.5102715070807726,48.35890751402902,49.36276225876972,0.48992373098988923,0.5100762690101107,35.81508815295277,36.54427460014451,1.1865374018819108,1.17529142571897,1.3677108045917716,1.5227663361695272,-0.2506684645917012,-0.6273830769733557,-0.36807056685289585,0.00021557984596501522,0.07554012238556829,0.8921814176147472,0.6492328551972891,0.2429485624174581,0.5675649900161026,1.0037283521277804,-1.037101338635538,0.0,0.0003623542649772667,0.03997755263456362,1.0309941163784537,1.2837787975942958,4.238979130632937,1.0932152482036481,1.5340733313466015,1.3044670614526042,1.608045951281545,1.8106750280591197,1.7347239874523075,2.4807554150124833,0.8016073754326382,89.13882826926306
27,2025-05-23 14:50:10+07:00,672.8813559322034,51.52396333892611,,,,,,,30.273375641432402,30.359266541454275,0.07657213695205643,0.04499065901371566,670.0,59.303999999999995,0.08851343283582089,70.0,1.7019563311733883,630.0,720.0,6.779661016949152,40.67796610169492,560.0,820.0,9.833333333333334,78.125,,,0.020739723587186537,0.014462503751388666,0.0005774337086507892,0.03577966104722599,1.4340341025111327,0.5796512035095004,0.40421019450965284,-4.236195927075086,21.46724324331218,69.55460108768888,0.30863872278194787,4690.855059961373,3.240034144084041,4.378222124100284,901.4371296090276,0.5423728813559322,0.4722222222222222,0.6617647058823529,0.1276595744680851,49.640287769784166,49.602971837707074,49.67575044812342,47.91666666666667,0.49411035337879744,0.5058896466212028,15.09020495931999,15.26901624672844,0.48928853771188097,0.5107114622881193,48.65286115318791,49.70655524250449,0.4897079176216324,0.5102920823783675,36.0195445841953,36.76876725713692,1.2503403483853421,1.0102839805426065,1.2546164644748696,1.7155766458685076,-0.383737192450992,-1.3039258068747164,-0.043732069129648096,0.0004940377563074735,0.07866592916385935,0.8730914000037922,0.8904489891003746,0.006751681769546547,0.45197617631973386,1.045771008228844,-1.7977082034007887,0.0,0.00016574007450142117,0.046802842562781576,1.0398323962428022,1.299761338600038,4.271433593053196,1.0888433612926938,1.5604127984326026,1.3149882553152419,1.5827279892525514,1.8285119371891885,1.7340397977629085,2.483616445460044,0.8016073754326382,89.16876574307304
28,2025-05-23 14:50:11+07:00,673.4463276836158,51.38965120179367,,,,,,,30.840498757905387,30.925129528647677,0.07630845857984463,0.0457950359072924,670.0,44.477999999999994,0.06638507462686566,60.0,1.6663041543263268,630.0,720.0,7.344632768361582,42.3728813559322,560.0,820.0,10.411764705882353,109.375,,,0.022362520741965822,0.01634371807248477,0.000639374707559034,0.03934561352200963,1.3682639802514658,0.5683612159067338,0.41538856836842103,-4.113911671218824,21.867368798779108,69.37812822010028,0.3151911035911124,4766.163987385364,3.1726783802161775,4.385139090815567,880.4579498551121,0.5310734463276836,0.46258503401360546,0.6323529411764706,0.1276595744680851,50.93023255813953,50.954366467692026,50.903024528930786,47.61904761904761,0.51194743130227,0.48805256869773,15.647911773049552,15.278369396914428,0.49074868355406553,0.5092513164459346,48.601777209623556,49.50951350387914,0.4926647464275945,0.5073352535724056,36.10394639641923,36.637552448405735,1.2654192041644623,1.0113558965911214,1.397102825024511,1.677019074109432,-0.3569897375148674,-1.1247372050258404,-0.22322675921660481,0.0003490934230777447,0.06858769660754795,0.6793585036194617,1.1717892084189185,0.9724607778059892,1.0396540192046042,0.35385684762916103,-0.18485784711992226,-0.4426575693684036,0.0008988829300792194,0.11973218160267178,1.0477082162022833,1.3206252576120334,4.280960504513428,1.1035128085618342,1.6804340052270015,1.3317346709826654,1.56514978759276,1.861046406146492,1.7474000750167882,2.459288246660953,0.8016073754326382,89.09395973154363
29,2025-05-23 14:50:12+07:00,673.9204545454545,51.336140784532596,,,,,,,30.77104390262285,30.858009475150418,0.07617537120038562,0.045659756570791854,670.0,44.477999999999994,0.06638507462686566,62.5,1.6683262663102836,630.0,720.0,7.386363636363637,42.04545454545455,560.0,820.0,10.352941176470589,109.375,,,0.024178213191921642,0.018187780466192016,0.0006547321593498461,0.0430207258174635,1.329365792426669,0.5620131397715035,0.4227678664316958,-4.007005313347771,21.819907753797594,69.40343967285514,0.31439231047696514,4757.554562988224,3.180739371401604,4.384353887744562,883.0170123125856,0.5340909090909091,0.4620689655172414,0.6417910447761194,0.1276595744680851,50.588235294117645,50.59847776438207,50.575316872424935,47.58620689655172,0.5075437537718768,0.492456246228123,15.545631755148023,15.312829869775527,0.4901239017213156,0.5098760982786843,48.58854967250519,49.55794869792474,0.49169096635911624,0.5083090336408836,36.0729387903465,36.677466091367535,1.225237843600154,1.080917037862374,1.3936600210251968,1.6627044400768405,-0.3374600682965472,-1.125817282313374,-0.25109614371172556,0.0003954825354212101,0.08099046345786924,0.9261139635535219,0.8850738631948674,1.063032046646835,0.8601776913774983,0.4865315943643651,0.8522283348279025,-0.7291948318720989,0.00010368441804298748,0.03569818916860098,1.0478217536785244,1.3202395394643556,4.282091134077836,1.1033335748995012,1.4074583792174433,1.3206397016737652,1.539854883888541,1.864105963301598,1.7441787479593518,2.5784369390023594,0.8052795497392538,89.03127898153613
30,2025-05-23 14:50:13+07:00,673.7853107344632,51.24383786723163,,,,,,,30.76671755470364,30.85428678461087,0.07605365841438873,0.045662493771445115,670.0,44.477999999999994,0.06638507462686566,60.0,1.6655607728097546,630.0,720.0,7.344632768361582,42.3728813559322,560.0,820.0,10.411764705882353,109.375,,,0.0255522688408081,0.019980338602787813,0.000755154414994829,0.046287761858590744,1.2788706612430907,0.5520307704414475,0.4316548867458273,-3.9130065588188527,21.81727541407282,69.0759040438887,0.3158449493503668,4734.530997668805,3.1661104667236586,4.382247074248787,874.8077711670204,0.536723163841808,0.4657534246575343,0.6470588235294118,0.1276595744680851,50.233644859813076,50.25424285319896,50.213662051254936,47.94520547945205,0.5048019207683072,0.4951980792316927,15.501152030920611,15.352989471574768,0.4920310661238902,0.5079689338761098,48.45324186253561,49.23173643587178,0.4931895128848025,0.5068104871151975,35.97222790761706,36.46558760122639,1.2341563871330388,0.686744855483614,1.3549470573491957,1.498333389909278,0.2383818509681035,-0.6012998826219613,-0.2912087270619484,0.0001593931155421918,0.033058691070844574,1.0125214724566334,0.33490126939414644,0.8223480315424048,0.8450708377595602,1.0004581691705707,1.0609028153198394,-0.43215073129384635,0.000271491524453338,0.012732545917519957,1.0365970426890394,1.2968095720357422,4.2752606713315835,1.1056141561124688,1.7048742100559469,1.3081801707681722,1.522087234647782,1.867399012333732,1.7443085999228483,2.3983135570003915,0.8437972372975139,89.04913634076807
31,2025-05-23 14:50:14+07:00,674.2045454545455,51.06235047824998,,,,,,,30.91000762582519,30.998702234607904,0.0757371792025282,0.045846631907510815,670.0,44.477999999999994,0.06638507462686566,62.5,1.651968226484279,630.0,720.0,7.386363636363637,42.61363636363637,560.0,820.0,10.352941176470589,109.375,,,0.027946562425552126,0.022342368139508836,0.0008248435089891038,0.05111377407405007,1.2508325997964909,0.546752082619943,0.4371105155948917,-3.8012704865048677,21.91939255807383,68.42713334633211,0.32033188424148373,4712.015751140991,3.1217623008958584,4.380176843485781,854.4529809558137,0.5284090909090909,0.45517241379310347,0.6212121212121212,0.1276595744680851,50.0,49.998944163491295,50.000914369840224,48.275862068965516,0.5023923444976076,0.49760765550239233,15.536386656646632,15.462226869701365,0.4850213180733496,0.5149786819266503,47.65503139605163,49.10468980288998,0.4866379192836586,0.5133620807163413,35.44278013716964,36.40296018463445,1.2767821429770063,0.8949339215637568,1.4040822308548395,1.5466457180421793,-0.06752768591016434,-0.6167068746177922,-0.3406994262344728,0.0001040247387014162,0.041807799684127366,0.7395041629101712,0.44199782540895316,0.33967221075844467,0.5606711234629213,1.0170093631803743,-1.2773661498372,0.0,0.00018124587976172673,0.014343657660868266,1.0380903055400057,1.303743958070886,4.271584709716822,1.1159295837377203,1.5435645738631318,1.313067960426189,1.5255000340750595,1.8712308589616116,1.7519564886117442,2.3045177054201926,0.8476626839360566,88.99376369458959
32,2025-05-23 14:50:15+07:00,674.2372881355932,50.65043041964121,,,,,,,30.904912819220772,30.992615375153605,0.07512255894315815,0.045836849078281186,670.0,44.477999999999994,0.06638507462686566,60.0,1.6389119333849103,630.0,720.0,7.344632768361582,42.93785310734463,560.0,820.0,9.833333333333334,78.125,,,0.029396642383148146,0.02433539567215525,0.0008892259673045587,0.05462126402260795,1.2079788132142026,0.5381904448600963,0.44552970546567244,-3.7158233764430277,21.91508849847757,68.09598601744682,0.3218264361846926,4688.291582316026,3.1072649340283256,4.377984724203248,846.3690780003826,0.5310734463276836,0.4589041095890411,0.6268656716417911,0.1276595744680851,50.34802784222736,50.3823765648084,50.31525561302853,47.94520547945205,0.5050565139797739,0.494943486020226,15.574704766750108,15.417985786550902,0.4892792212475193,0.5107207787524807,47.632118638774614,48.66461327977457,0.49075998956544026,0.5092400104345598,35.43578808626759,36.096806447276585,1.2612841195722504,1.0554152094305858,1.4143452365200204,1.6891769332544384,-0.3308157370906546,-1.1057284367552507,-0.23959850656056558,0.00039566298916742464,0.07709361163971812,0.6321165548437454,0.6980439130696516,0.24984176907478872,0.5988637256096145,0.9634231681396446,-2.2415420019529493,0.0,0.001100581746209677,0.055750726742477545,1.0381042456734169,1.3002653024803714,4.253624795856281,1.1167953631588607,1.5447442605240274,1.309834501452845,1.5261066674688866,1.8634533143416199,1.7538330942818185,2.3551246966245696,0.8437972372975139,88.98944193061841
33,2025-05-23 14:50:16+07:00,674.9431818181819,50.38137024270447,,,,,,,31.02073039574849,31.10889819325059,0.07464535030487403,0.04596050635282207,670.0,44.477999999999994,0.06638507462686566,62.5,1.6241194066020261,630.0,720.0,7.386363636363637,43.18181818181818,560.0,820.0,10.352941176470589,109.375,,,0.03233791493223093,0.02726445678070979,0.000972151800447203,0.06057452351338793,1.186083228883941,0.5338533934168501,0.45009775066053825,-3.6021713744882766,21.997312867689423,67.93124119562123,0.323817325880207,4694.496875311463,3.08816088602356,4.378559164288216,839.1304079973992,0.5227272727272727,0.452054794520548,0.6060606060606061,0.13043478260869565,50.462962962962955,50.47456610056518,50.44944616647785,47.94520547945205,0.5059382422802852,0.49406175771971506,15.646967316604725,15.462226869701365,0.4866282382895557,0.5133717617104445,47.38798073145091,48.67271116933291,0.4884609642768806,0.5115390357231193,35.287733732922405,36.11172435887976,1.2374137729355243,0.9215825041289014,1.3762205377140149,1.6155939296469528,-0.19138813878412364,-1.0238849934669698,-0.24025831560333447,0.0002673791495513595,0.05780691318748376,0.860155023842563,1.2355619140562952,1.0532522581967516,0.9501046053598041,0.06144474064884431,0.4624764275970392,-0.5834823829251246,6.394098159087924e-05,0.06548322215482895,1.027579587845271,1.2806367127901412,4.262397817683391,1.1236696509886286,1.5335561900445949,1.2983733791270458,1.5210898797361203,1.8739011153191354,1.7565696778367925,2.5996388041662866,0.8476626839360566,88.89637174846366
34,2025-05-23 14:50:17+07:00,675.3409090909091,50.20981949804215,,,,,,,30.96541849962863,31.052368500502002,0.07434736859881724,0.04585153673174019,670.0,44.477999999999994,0.06638507462686566,62.5,1.621480410434121,630.0,720.0,7.386363636363637,42.61363636363637,560.0,820.0,10.352941176470589,109.375,,,0.03668414659739563,0.03183476129951024,0.0011082099720474499,0.06962711786895333,1.152329877779231,0.5268657919524924,0.45721785238083695,-3.447196463593395,21.957340338608507,67.4887815283689,0.32534800364381655,4655.4449276538135,3.0736318920056345,4.3749313034189985,829.7426850327818,0.5284090909090909,0.45517241379310347,0.6060606060606061,0.13043478260869565,50.69767441860464,50.750711510496885,50.64567203040221,47.58620689655172,0.5077473182359952,0.49225268176400483,15.646967316604725,15.406372767107785,0.49346079109276175,0.5065392089072379,47.40868536751322,48.03282402595173,0.49482843920294284,0.505171560797057,35.301636183630066,35.66867327044228,1.3011057391690068,1.0112637154311968,1.4195139078036054,1.76564498469184,-0.5687690551006153,-1.4876673203128559,-0.15772422009559958,0.00036997850960497126,0.07201025292155104,1.0453362664285517,0.23563958663372353,1.0980873189345284,0.9802675256176666,1.099232241396424,0.05422945410487667,-1.0,0.00017030954110925723,0.008624323949982226,1.024352426665478,1.246914998612945,4.259233946579984,1.125238046592082,1.5857961725465521,1.2428251058821844,1.5084939669269528,1.860189402947229,1.7537308957647337,2.3561515257147807,0.8900458181328594,88.84401817264008
35,2025-05-23 14:50:18+07:00,675.0847457627119,50.182832133969214,,,,,,,31.25227264463411,31.341385858517288,0.07433560371338647,0.04629385101766036,670.0,44.477999999999994,0.06638507462686566,60.0,1.605733851889501,630.0,720.0,7.909604519774012,43.50282485875706,560.0,820.0,10.411764705882353,109.375,,,0.038034771751116275,0.033815169299867734,0.0011585756281584135,0.07300851667914242,1.1247843065291128,0.5209634914002069,0.46316746097552597,-3.3868457813178265,22.161706472341738,67.41775894213052,0.3287220877716317,4693.830287872073,3.042083380459409,4.378497492971891,820.3617761026959,0.5310734463276836,0.4589041095890411,0.6119402985074627,0.1276595744680851,50.11441647597253,50.123808503582076,50.105240559168884,47.94520547945205,0.49854566608493306,0.5014543339150669,15.647911773049552,15.693492736982236,0.489915719674985,0.510084280325015,47.188372520217804,48.14988805461932,0.4907573174741603,0.5092426825258398,35.153944614822315,35.809896913828766,1.257042884777924,0.8107982413644486,1.3973803515401242,1.5026002624265713,0.2086318467561732,-0.40180760367704593,-0.37022676478752814,0.00015372688500252233,0.04001985080586898,0.7906033685027466,0.3040629693099772,0.8575362617488904,0.8855553716398483,0.7748661828531889,-0.10382850990895554,-0.40785096273136173,4.1026646106718064e-05,0.0070211659040984205,1.0298311319399152,1.2702816647043418,4.25554238450442,1.1327607101285875,1.5810220287963563,1.263480043534835,1.5340838732914839,1.8685856367301783,1.7551492493751057,2.478323320896509,0.8859870991623895,88.87773035400451
36,2025-05-23 14:50:19+07:00,675.3409090909091,50.18705271023852,,,,,,,31.231851873185033,31.320998165901006,0.07431365705032794,0.04624605358977423,670.0,44.477999999999994,0.06638507462686566,62.5,1.6069188888964985,630.0,720.0,7.954545454545454,43.18181818181818,560.0,820.0,10.352941176470589,109.375,,,0.04074117217400803,0.03627572230352778,0.0012143657430622196,0.07823126022059804,1.1230974764090633,0.5207786766968252,0.4636985547879044,-3.3166065685278974,22.147290196640018,67.59101387013982,0.3276661930118523,4702.831623654851,3.051886405515836,4.379329539861045,825.1203854612481,0.5340909090909091,0.4620689655172414,0.6268656716417911,0.1276595744680851,49.65357967667436,49.641259827856935,49.667116160386804,48.275862068965516,0.49502050380785,0.50497949619215,15.582557298274983,15.738524372547996,0.4896704448433915,0.5103295551566084,47.29779634213866,48.285231874466604,0.49018917656842925,0.5098108234315707,35.21290694316821,35.910755816303094,1.2179810527390744,0.8430918313869586,1.3561251141859538,1.4929160135754245,0.03505570842587602,-0.6359874010373074,-0.3377508898829706,0.00012446283954879863,0.04112960551343794,0.6458901826062509,0.7973518071176791,0.5847635136886247,0.6375194911476875,0.9582744282710192,0.963416491011923,-0.4338360094150051,0.0008389285229010927,0.06829701780670278,1.0358956218317217,1.2953225829141641,4.257031585427118,1.1354007389734144,1.5766915867848466,1.2613881380687901,1.5214093745904076,1.8755061957182095,1.7561948202055833,2.8659843653130483,0.8900458181328594,88.84401817264008
37,2025-05-23 14:50:20+07:00,675.3409090909091,50.18705271023852,,,,,,,31.277559276352022,31.36709915959736,0.07431365705032794,0.046313734079067435,670.0,44.477999999999994,0.06638507462686566,62.5,1.6045706209622108,630.0,720.0,7.954545454545454,43.75,560.0,820.0,10.352941176470589,109.375,,,0.04083433609557234,0.03656121064271259,0.001206790272028292,0.07860233701031322,1.1168759288257177,0.5195053690352053,0.46514152165622613,-3.308767419084686,22.179888521902143,67.62453087229414,0.32798583939588216,4712.0891345089285,3.048912117187444,4.380183606991101,824.725006382616,0.5284090909090909,0.45517241379310347,0.6060606060606061,0.13043478260869565,49.769585253456235,49.77012047885456,49.77019359235849,48.275862068965516,0.4964953271028038,0.5035046728971964,15.628591541249593,15.738524372547996,0.490077654671745,0.5099223453282549,47.34092243396718,48.28989789592609,0.49070098741084045,0.5092990125891593,35.252062425212195,35.91389277302208,1.3062828184849844,0.8873836214060828,1.4259145129069242,1.7141711857208262,-0.24280168667772628,-1.171194799743327,-0.1751611525608827,0.00035372353871191065,0.05973476029952373,0.8316177127881708,0.7922716602421804,0.1653357848170578,0.561471614938148,1.0,-2.1957510698804605,0.0,0.0007817929751358652,0.072529065992257,1.0219737403983125,1.2625411584770032,4.257031585427118,1.1277971170993193,1.4820800526595217,1.2604243042865115,1.521900877510376,1.8754399386049778,1.7602846675009667,3.117531637399517,0.8476626839360566,88.84401817264008
38,2025-05-23 14:50:21+07:00,675.625,50.09312755829315,,,,,,,31.075943842694233,31.16321776092942,0.0741433895404894,0.04599584657568064,670.0,44.477999999999994,0.06638507462686566,62.5,1.6119583627729377,630.0,720.0,7.386363636363637,44.31818181818182,560.0,820.0,9.777777777777779,109.375,,,0.04160021514316126,0.03756346591285629,0.0012086310139439792,0.08037231206996151,1.1074647701484694,0.5175938587775055,0.4673682384570261,-3.2817233521991933,22.035722602346247,67.35604975370546,0.32715283456975586,4662.875054736732,3.056675334374274,4.375623888323128,823.5423036121515,0.5284090909090909,0.45517241379310347,0.6060606060606061,0.1276595744680851,50.69444444444445,50.735510868795366,50.65295070422775,47.58620689655172,0.508284023668639,0.49171597633136105,15.711113278815414,15.452931872245985,0.49463914809401893,0.5053608519059811,47.37190523488497,47.88256501943815,0.4959584971837561,0.5040415028162437,35.291192145085525,35.57761330028335,1.2347481484187397,1.0806659005861476,1.3800745487437809,1.6185354721928107,-0.34839726344503674,-0.9596144987743607,-0.27933890268982314,0.00027828514522873303,0.07007830510978456,1.0116966721644758,0.38861729466441375,1.0255961419361836,1.1684493366147102,-0.07707931300739634,-0.9117867525217269,-0.13240649183694755,8.023787157039887e-05,0.008628542775519913,1.032375023266559,1.2698193701235225,4.254805700069611,1.1324843816877526,1.3952126409347088,1.2524176288591848,1.5271246068478335,1.887337734671363,1.7630084696989758,2.41245616876609,0.8476626839360566,88.80666049953746
39,2025-05-23 14:50:22+07:00,675.9659090909091,49.790176624628366,,,,,,,31.121880222303865,31.210709289989495,0.07365782202180879,0.04604060619589376,670.0,44.477999999999994,0.06638507462686566,62.5,1.5998447480993017,630.0,720.0,7.386363636363637,44.31818181818182,560.0,820.0,10.352941176470589,109.375,,,0.04310661964994252,0.038959506165865,0.001221217722864548,0.08328734353867207,1.1064467672259943,0.5175650683339085,0.46777222697438153,-3.245232475702279,22.069304184593545,66.97670109319183,0.3295071842055369,4643.679803437787,3.0348351961158744,4.373832376068317,813.0529991894047,0.5227272727272727,0.452054794520548,0.6060606060606061,0.1276595744680851,50.34642032332564,50.36353266487771,50.32858375013625,47.94520547945205,0.5050147492625369,0.4949852507374631,15.683654277439707,15.52713605347066,0.49091289160343654,0.5090871083965633,46.927343634357335,47.788104259843855,0.49229407997999974,0.5077059200200004,34.986801740594345,35.530232639068764,1.237422006676094,0.9326778634272301,1.2423472473876327,1.6699674755029683,-0.39723269699943664,-1.3296457712259553,-0.04151347975173679,0.0003548606679355073,0.06346756515464164,0.7311011819044524,0.7452478242419329,0.9263078420820952,0.952153105599951,0.6538235540912618,-0.03025944239098477,-0.4653199074493834,0.0004473395179722451,0.050688261850737173,0.44400417766412303,2.197224577336219,4.249764286002222,1.1336092074655886,1.5457697873166336,1.527918254010551,2.0711133334888587,1.8900314608355384,1.7638174325392795,2.5336366646604374,0.8476626839360566,88.76187274102715
40,2025-05-23 14:50:23+07:00,676.0795454545455,49.70742320899286,,,,,,,31.085136549253154,31.173016835935698,0.07352303962335274,0.045978519477843136,670.0,44.477999999999994,0.06638507462686566,62.5,1.5990736643615329,630.0,720.0,7.386363636363637,44.31818181818182,560.0,820.0,10.352941176470589,109.375,,,0.04410060993413767,0.03984677027377955,0.001233577450827218,0.08518095765874445,1.1067549422733838,0.5177285058336089,0.46778964887217356,-3.2227139241124743,22.042651594732543,66.76409957297274,0.33015725121313233,4623.349288854137,3.028859721619296,4.371926815100421,808.8763681870287,0.5284090909090909,0.45517241379310347,0.6212121212121212,0.1276595744680851,50.58004640371229,50.61942480761973,50.54084500847358,47.58620689655172,0.5062093435836783,0.4937906564163217,15.683654277439707,15.490078396690963,0.49507744833094136,0.5049225516690589,46.97638228525945,47.44116882180478,0.4961716839245457,0.5038283160754543,35.01969091886085,35.28885821271789,1.2829943844234586,0.6863969430613777,1.3791215943558661,1.5397308576069766,0.1534616159170863,-0.6343966284288802,-0.2660111035244678,0.00013453626668553055,0.030092501743951398,0.6784282269209977,1.04904309434321,0.925843915863059,0.7630078170551112,0.7263628817012933,0.8363551463916723,-0.6552234600141923,0.0003919819194177043,0.0755245399934271,0.4360369686921697,2.0918640616783932,4.248000224986927,1.1320366660786634,1.8122034221435,1.5019671344620424,1.937956387345794,1.891849505037608,1.7611046231536154,2.4098475172888474,0.8476626839360566,88.74695352550634
41,2025-05-23 14:50:24+07:00,676.9886363636364,48.91415087522379,,,,,,,30.983866769659336,31.065162722499455,0.07225254346654962,0.045767188849853487,670.0,44.477999999999994,0.06638507462686566,52.5,1.578697431113489,640.0,720.0,7.386363636363637,43.75,560.0,820.0,9.777777777777779,109.375,,,0.046513857935503805,0.042013788839719145,0.0012688432551699357,0.08979649003039289,1.1071093376736918,0.517991938435016,0.46787785163427864,-3.169757408871696,21.96638721974291,65.19975621258581,0.33690903917065007,4499.398711014432,2.9681601967749023,4.36012458952902,774.0932849184974,0.5227272727272727,0.4482758620689655,0.6,0.1276595744680851,51.4018691588785,51.54140499436569,51.27307149765604,46.206896551724135,0.5107142857142859,0.4892857142857142,15.701965613830996,15.369023929701067,0.5207611148585414,0.4792388851414586,47.050608655005455,45.13588855195109,0.5197365199527771,0.48026348004722286,35.07357622872527,33.715392122336894,1.2207809370995797,0.9277117614262487,1.3652064578179939,1.457480808081696,0.10292057144709688,-0.3123390699229285,-0.40053553905381,0.00013217252124184456,0.04622952671698523,0.9589004347085408,0.6690968133546098,0.289803621353931,0.6243520280312359,0.995732943654821,-1.313206319966928,0.0,0.00027075470991383383,0.037075902363633104,0.4612458522497427,2.1400661634962708,4.223492266131674,1.1450565343430987,1.6297830421417876,1.6056010118781814,1.997088619319237,1.872189886192808,1.7627772267501272,2.184988098479451,0.8476626839360566,88.62778010910617
42,2025-05-23 14:50:25+07:00,678.0571428571428,47.49709177857107,,,,,,,31.063524087515123,31.15184072015334,0.07004880381973654,0.04581254605861408,670.0,44.477999999999994,0.06638507462686566,55.0,1.529031015436553,640.0,720.0,7.428571428571429,44.0,580.0,820.0,9.210526315789474,85.9375,,,0.04747970931735489,0.042154649194870504,0.0012525985979702568,0.09088695711019565,1.1263220124989761,0.5224039931250888,0.46381406678364434,-3.1664102994338337,22.027677819663648,63.240103392004556,0.3483181816310662,4376.341054003468,2.870938276369352,4.348081269745135,726.2337337186447,0.5314285714285715,0.45833333333333337,0.6212121212121212,0.1276595744680851,50.585480093676814,50.64754451385425,50.527389310435346,47.22222222222222,0.5050625372245384,0.4949374627754616,15.655245293584898,15.497529170955744,0.5077689041945411,0.492231095805459,45.06357287221882,44.368739862899545,0.5074760574519066,0.4925239425480934,33.732864577530975,33.23220190888858,1.2167363407875418,0.6944930894304222,1.3407010902881114,1.5128888686015773,0.20841856084070365,-0.6950705540995004,-0.2520669666350703,0.00023015403230821455,0.03751195567912746,0.7705168109241853,0.21885139640832185,0.7950223860977954,0.8522066552137065,0.9135308353392149,-0.030997456831505676,-0.2387073143951085,9.142064147767242e-05,0.005845677436906087,0.45738967117112495,1.9924301646902063,4.179950462458176,1.1708223791586705,1.867285862038459,1.5908374119975752,1.9941033230042688,1.8849554298734634,1.774886265034351,2.3054494739504516,0.8941453334198795,88.48811730996124
43,2025-05-23 14:50:26+07:00,678.125,47.07934032794306,,,,,,,30.983866769659336,31.071927784148137,0.06942575532231235,0.0456904947755345,670.0,44.477999999999994,0.06638507462686566,52.5,1.5194791753379557,640.0,720.0,7.386363636363637,43.75,580.0,820.0,9.263157894736842,85.9375,,,0.04382044403389876,0.039326727348811034,0.0011474350946509791,0.08429460647736078,1.114266225237366,0.5198487289417233,0.46653907043712356,-3.235850906048596,21.97117084070984,62.803470143527626,0.34984007715653487,4334.976171981466,2.85844894652408,4.343956824598609,718.0820522792923,0.5284090909090909,0.45517241379310347,0.6212121212121212,0.125,50.467289719626166,50.50429100964408,50.43130599547199,47.58620689655172,0.5047619047619049,0.49523809523809526,15.610194134588466,15.462226869701365,0.4982543013008811,0.5017456986991187,44.33116752120457,44.486216385256476,0.49896394150880685,0.5010360584911931,33.23349646601034,33.30243165330406,1.229958812926418,0.9183447308800128,1.3605558318077484,1.6273549846345765,-0.14521069917214646,-1.0117812059177913,-0.20947821242338355,0.00041013864506183744,0.06488203562747845,0.67809157660487,1.5275398685998804,0.9828397763745167,1.1892540314872309,-0.43909981576839385,-0.8985872719586232,-0.36487144502361807,0.0007760484022791887,0.16054229128552538,0.4656454129434433,1.9459101490553135,4.16233638700804,1.1740235172066589,1.5279829645058711,1.6069493469119103,2.010523424572345,1.8809038878776188,1.7780708936911458,2.40201910762605,0.9324289523296622,88.47926267281106
44,2025-05-23 14:50:27+07:00,678.6857142857143,46.73216140612387,,,,,,,30.998702234607904,31.08816476473493,0.06885685144457084,0.04567460546481757,670.0,44.477999999999994,0.06638507462686566,55.0,1.5075521888768186,640.0,720.0,7.428571428571429,43.42857142857143,580.0,820.0,9.210526315789474,85.9375,,,0.04233216603042081,0.03719190546650053,0.001070811789271288,0.08059488328619263,1.1382091210290426,0.5252463221529732,0.46146732832197274,-3.291664136366805,21.982652119788753,62.3890950097409,0.3523476677511762,4308.624492032577,2.838105915053731,4.341308755791995,708.2674383279794,0.5314285714285715,0.4620689655172414,0.6268656716417911,0.1276595744680851,50.000000000000014,49.99917475537911,50.000791391890495,48.275862068965516,0.5017942583732057,0.49820574162679426,15.571947506106868,15.516167216381278,0.49275693533547144,0.5072430646645286,43.795053249589024,44.43413650562074,0.49375500022261537,0.5062449997773848,32.867097820368066,33.28020381613402,1.2554904226275805,0.8757224668434622,1.3885699503092557,1.6209231803863955,-0.04958000429343379,-0.890447029730935,-0.23467252597200572,0.00034324880516865955,0.0573817720852135,0.8064971115477935,1.0491854328136183,0.985618230195045,0.8456503973344769,0.3711184923769828,0.6518196555838487,-0.6334061915873289,8.167356964020338e-05,0.05147621140896875,0.4523835822081459,1.9459101490553135,4.146819828114542,1.1743904438504518,1.373894155823642,1.6069493469119103,2.025345019003089,1.8888867074910072,1.7772499444645238,2.586008560944398,0.9793020318408204,88.4061631725183
45,2025-05-23 14:50:28+07:00,678.4,46.81536244567097,,,,,,,30.74739499291891,30.83478556862448,0.06900849417109518,0.04532340063814698,670.0,44.477999999999994,0.06638507462686566,55.0,1.5225797976203348,640.0,720.0,7.428571428571429,42.857142857142854,580.0,820.0,9.210526315789474,85.9375,,,0.03751502708040661,0.03263178910072829,0.00092213853171956,0.07106895471285446,1.1496466517543575,0.5278680013232437,0.45915673352131176,-3.4224683399465694,21.80348597200746,62.64141532425911,0.34806822066747967,4290.791079924452,2.8730000058101566,4.339507479063365,719.8751463622114,0.5257142857142857,0.45517241379310347,0.6212121212121212,0.125,49.4061757719715,49.390922866640985,49.423370439204,48.275862068965516,0.4936170212765957,0.5063829787234042,15.319336830452402,15.516167216381278,0.49444218131319756,0.5055578186868025,44.04730265781864,44.53966818911931,0.4943530076781619,0.5056469923218382,32.97610462406326,33.35066331786784,1.210469076088932,1.0346063043653622,1.3729534057102715,1.6553911685121405,-0.2406404810781062,-1.09755640855131,-0.22700943188711836,0.0005206103072086095,0.0829787005005125,0.9073553994100079,0.24928895698019227,0.6885246614929852,0.8131691399830814,1.0609164381263392,-0.017741157699949772,0.0,0.0002060269117021113,0.009358189653816398,0.46035079118009836,1.9459101490553135,4.146069340414503,1.1648000160283623,1.8190140532642627,1.5676179500980516,1.827666342520958,1.8823970433825958,1.7724204304658304,3.068360744876066,0.93672368263035,88.44339622641509
46,2025-05-23 14:50:29+07:00,677.8857142857142,47.19230128413543,,,,,,,30.84071051852334,30.92837447852476,0.06961689896926326,0.04549544247442961,670.0,44.477999999999994,0.06638507462686566,55.0,1.5301950081789168,640.0,720.0,7.428571428571429,42.857142857142854,580.0,820.0,8.75,85.9375,,,0.035535027670665256,0.030796591903868353,0.000801320194023062,0.06713293976855667,1.153862342352295,0.5293232769661749,0.45874040389175214,-3.480351247596851,21.869663324841806,62.94366151262813,0.3474482227325492,4324.580371088954,2.8781266806759787,4.342914082719378,724.6393263157311,0.52,0.45517241379310347,0.6212121212121212,0.12244897959183673,49.40898345153664,49.35581036849643,49.45999882031343,48.275862068965516,0.49244712990936557,0.5075528700906344,15.34761000768448,15.581224806605814,0.4895418779620661,0.5104581220379338,44.03996118625756,44.970949993626235,0.4898548463026712,0.5101451536973289,32.97777519963292,33.65383269260145,1.2402689773502351,0.8426533510545138,1.3845656526046732,1.5245864139360181,0.16688914395011167,-0.5051217105597976,-0.33383349611543106,0.00022908614655200708,0.04741648689691613,0.7924645379032219,0.25832742759909444,0.5341371103041275,0.6633008241036746,0.9938155602289066,-0.5666425136286687,0.0,4.6691879471400895e-05,0.005338488566784618,0.4701679599696247,2.009761621041846,4.147659267230072,1.1679837337483125,1.781992772332721,1.2562628805780367,1.7067937867739573,1.8584114674089212,1.7739028043617457,2.652611794053375,0.8941453334198795,88.51049481581389
47,2025-05-23 14:50:30+07:00,677.2727272727273,47.5749579440342,,,,,,,30.75246796135695,30.83937942762656,0.07024490434689615,0.045406328533547174,670.0,44.477999999999994,0.06638507462686566,62.5,1.5470289410208027,640.0,720.0,7.386363636363637,42.61363636363637,580.0,820.0,8.8,85.9375,,,0.03204393946450003,0.028059655842354883,0.0007773101758998145,0.060880905482754724,1.141993317542086,0.5263380892647347,0.4608941936696906,-3.573422469445231,21.80673432085965,63.70220124414661,0.34232308923333166,4364.102525496047,2.921216918904315,4.346865054841926,744.3517921833943,0.5227272727272727,0.45517241379310347,0.6212121212121212,0.14583333333333334,49.40898345153665,49.3760444115273,49.44252649879571,48.275862068965516,0.49244712990936546,0.5075528700906344,15.303444131921758,15.536386656646632,0.49533390353548445,0.5046660964645157,44.833584957440706,45.253951244214015,0.49503107727248935,0.5049689227275106,33.49810250174556,33.832672179112066,1.2776932192237362,0.9126439044736092,1.40507981289075,1.7016231580184082,-0.1364250765431585,-1.071641049658893,-0.17507223389751658,0.0005554188969583116,0.0718994800164011,0.7251777406090585,0.3107813148888212,0.6092869060412038,0.7646775634856144,0.9889713768800257,-0.9334482863584266,0.0,0.0003495267867208616,0.018122505160902212,0.46907648049646244,2.0476928433652555,4.160615510338118,1.159432530236694,1.5603223205050156,1.4776613552638638,1.8908977626668384,1.8703719803137573,1.7698251032326842,2.8293003780402506,0.8900458181328594,88.59060402684564
48,2025-05-23 14:50:31+07:00,677.2727272727273,47.5749579440342,,,,,,,30.983866769659336,31.07277331329327,0.07024490434689615,0.04574799120352385,670.0,44.477999999999994,0.06638507462686566,62.5,1.5354751651146892,640.0,720.0,7.386363636363637,43.18181818181818,580.0,820.0,8.8,85.9375,,,0.029207078155360063,0.025541384734939575,0.0006994225794756121,0.05544788546977525,1.143519760516585,0.5267482773762563,0.4606376693816797,-3.6674552115648247,21.97176872010205,63.79184128694143,0.3444291350875273,4403.317785036828,2.9033548504712794,4.350750139347656,740.8414072837417,0.5227272727272727,0.452054794520548,0.6212121212121212,0.12244897959183673,50.0,49.999353507194876,50.00063177361681,47.94520547945205,0.4999999999999999,0.4999999999999999,15.536386656646632,15.536386656646632,0.4966998973013828,0.5033001026986172,44.95853726177869,45.256258595464814,0.4970498748624642,0.5029501251375358,33.635170454923895,33.83421531825742,1.1839904702286779,1.1495818998041898,1.3640871105399097,1.6053487095374575,-0.25077468391643265,-0.8942109900469237,-0.29013100411667736,0.00047957419404197685,0.09099361910552149,0.806691712672075,0.9613276130607065,0.9848235423080213,0.7234783472395654,0.783086968227118,1.2907213226495253,-0.7718586166857067,0.00013272941506667208,0.05114430297798755,0.4627464773673253,2.068012845856213,4.160615510338118,1.1637160355316358,1.4470616319503915,1.559318229354921,2.004680685761593,1.887120042909744,1.7781416611336103,2.8476313686121406,0.8900458181328594,88.59060402684564
49,2025-05-23 14:50:32+07:00,677.1590909090909,47.60429425134702,,,,,,,30.91000762582519,30.998490349384543,0.07030001500450643,0.04564659625897998,670.0,44.477999999999994,0.06638507462686566,62.5,1.5400932548322577,640.0,720.0,7.386363636363637,42.61363636363637,580.0,820.0,9.777777777777779,85.9375,,,0.028060421257426346,0.02456533485675405,0.000669917044849451,0.05329567315902985,1.142277173140644,0.5265046784135062,0.4609255010899879,-3.7064189819969102,21.91924273259556,63.782831463419434,0.34365427544819216,4392.1707295377055,2.909901233429455,4.349649323338027,742.406959788109,0.5227272727272727,0.452054794520548,0.6212121212121212,0.12244897959183673,50.234741784037574,50.244925871766114,50.22401071840773,47.94520547945205,0.5023923444976076,0.49760765550239233,15.536386656646632,15.462226869701365,0.4971881550933555,0.5028118449066445,44.97427606819609,45.22791263846534,0.49773785028096323,0.5022621497190367,33.645689309353905,33.798258397458646,1.176297931199909,0.8028655529343478,1.3164159333308043,1.473862675882824,0.146332319046925,-0.6337487671107285,-0.30389401192195076,0.00022201093326864362,0.04499721345959968,0.9578965358160667,0.3428034495517083,0.9843657925574472,0.8477546834414065,0.8828186481730222,0.706904657612228,-0.8985114773339944,3.496140940495002e-05,0.006072006147250916,0.446903113240241,2.0564520234551376,4.165628403937504,1.1619913804873103,1.6706391795723772,1.5578731265547865,2.0032355829614588,1.906213766195304,1.7773195889255544,2.581465743117521,0.8900458181328594,88.60547071656319
50,2025-05-23 14:50:33+07:00,676.9886363636364,47.73162936207438,,,,,,,30.96541849962863,31.054060600877236,0.07050580585585473,0.0457399383628589,670.0,44.477999999999994,0.06638507462686566,62.5,1.5414495160996073,640.0,720.0,7.386363636363637,42.04545454545455,580.0,820.0,10.352941176470589,85.9375,,,0.025998604239675843,0.022831253257955725,0.0006192175362739212,0.049449075033905485,1.1387287393264944,0.5257652286084121,0.46171244340366613,-3.7796249247234797,21.958536834258283,63.961323494123135,0.34330960703581853,4412.357701961737,2.9128226519325655,4.351640822635448,745.2319676850739,0.5227272727272727,0.4557823129251701,0.6268656716417911,0.14583333333333334,49.76635514018691,49.75515524009668,49.7781082651241,48.29931972789115,0.4976162097735399,0.5023837902264602,15.490078396690963,15.564105477358625,0.49718752418987217,0.5028124758101278,45.10010498720494,45.35450841165584,0.4972327231133018,0.5027672768866981,33.71914885189527,33.90628859498858,1.2583829175938248,0.7274092539551908,1.378915262859219,1.5613875721497497,0.1930130023285237,-0.6715848959694339,-0.2491476657763675,0.0002676965925491906,0.041480981608673195,0.7689437868284856,0.7420225891503613,0.8844407410621099,1.0646945451930374,-0.04192525245380008,-0.8903520003877294,-0.2570777402648568,0.00011032695971412192,0.033101119577435126,0.43902695808511005,2.1041341542702074,4.170130831874324,1.158948900464625,1.8432355271092398,1.5414303532342486,1.9956404607716824,1.914163044601592,1.7800871747236107,2.749784026433371,0.8900458181328594,88.62778010910617
51,2025-05-23 14:50:34+07:00,677.1428571428571,47.81257881498596,,,,,,,31.01723658737576,31.106539017541905,0.07060929360862907,0.04580604559317095,670.0,44.477999999999994,0.06638507462686566,60.0,1.5414841576972085,640.0,720.0,7.428571428571429,42.285714285714285,580.0,820.0,9.722222222222221,85.9375,,,0.025217834388964494,0.022037628759779094,0.0005595776799290019,0.047815040828672585,1.1443079772261886,0.5274038033204494,0.4608932331301931,-3.815003888517232,21.99564467854781,64.01173194908196,0.34361895872531945,4423.297460505178,2.9102003094054405,4.3527162560038155,745.1478484951857,0.5257142857142857,0.4589041095890411,0.6417910447761194,0.14583333333333334,50.23474178403755,50.24894261181555,50.220410349437905,47.26027397260274,0.4994026284348865,0.5005973715651134,15.544082382367462,15.562664675173961,0.5024357177596798,0.4975642822403203,45.37324400493312,45.152746932937774,0.5021154050099934,0.49788459499000637,33.91422834623416,33.77104593717693,1.1644093167774485,0.9385345795519413,1.3372124654676094,1.4133287799825105,0.29723532369944916,-0.16782592208227598,-0.41889876390996783,0.0002651833721117744,0.057454440205559086,0.6970637057058774,0.5958020341583139,0.5008950180816294,0.5998317767236319,1.0081188837957102,1.031143443671173,-0.33394357023005156,0.00041796962713663366,0.038852328948226975,0.4445545329293479,2.116255514802552,4.169739041701015,1.1612895906408685,1.538558283037359,1.5429455233007916,1.988958175132478,1.902528448130324,1.7783415333477215,2.5177730564294842,0.8941453334198795,88.60759493670886
52,2025-05-23 14:50:35+07:00,677.1590909090909,47.628295638774915,,,,,,,31.0391457908972,31.127999951046984,0.07033545924168808,0.04583730205737462,670.0,44.477999999999994,0.06638507462686566,55.0,1.5344589686724814,640.0,720.0,7.386363636363637,42.61363636363637,580.0,820.0,9.777777777777779,85.9375,,,0.026240291323616338,0.01597038461300141,0.0007192561306042307,0.042929932067221975,1.643059447814065,0.6112353330195792,0.3720104794946829,-4.137019233576125,22.01081985015984,63.65251005360899,0.3457965731692597,4401.5093235009335,2.891873655180852,4.350571736099725,736.3000676406647,0.5227272727272727,0.4557823129251701,0.6268656716417911,0.14583333333333334,50.23255813953488,50.25058419776386,50.21493059719386,46.93877551020408,0.4982206405693949,0.5017793594306048,15.536386656646632,15.591775020050218,0.5061534319699632,0.4938465680300366,45.28523514014623,44.73130351807848,0.5053061667744022,0.49469383322559796,33.853595318984674,33.49621592584991,1.231959758729176,0.9900083618711109,1.2659943272839715,1.7010684312417197,-0.36331142942777284,-1.3115204125817495,-0.060534919992533937,0.0005815408323905971,0.08036563326662731,0.8812837897576903,0.8347485549314182,0.11239737207359912,0.5297716495393082,1.0,-1.9841673893272316,0.0,0.0007235426008886152,0.07392914051579956,0.4562686326707297,2.0907410969337694,4.166376536099556,1.1678464768318608,1.5607099086909773,1.539756221067194,1.9792434491475799,1.8874144216966418,1.778587705727277,2.4632539662294373,0.8900458181328594,88.60547071656319
53,2025-05-23 14:50:36+07:00,677.5428571428571,47.51548014972368,,,,,,,31.03575987155136,31.125115887559662,0.07012911382475874,0.045806342055507196,670.0,44.477999999999994,0.06638507462686566,55.0,1.5309913579167205,640.0,720.0,7.428571428571429,42.285714285714285,580.0,820.0,9.722222222222221,85.9375,,,0.023466546846075215,0.02094867034397779,0.0005319230913496385,0.04494714028140265,1.1201926642958153,0.5220920997232997,0.46607348571729984,-3.8656801026960594,22.008780509310583,63.61739499004378,0.3459553870879968,4398.673568377807,2.890546114680507,4.350291843542999,735.5560556582648,0.5314285714285715,0.4620689655172414,0.6417910447761194,0.14583333333333334,49.76525821596244,49.75402436493506,49.77704233399478,47.58620689655172,0.49522673031026265,0.5047732696897376,15.488201737567334,15.636773021318405,0.5010739467249663,0.49892605327503375,45.0325762175519,44.93595469698653,0.5004489197327538,0.4995510802672458,33.673560205695544,33.64334031461395,1.2542443397926508,1.1199292182393243,1.4028722272805265,1.7234513677133272,-0.42625663033661887,-1.2172571630802462,-0.21375053421965975,0.0005546045470100619,0.0919034431162859,0.9274542912245108,0.7051500070802046,0.9982593908331205,1.2068172840169833,-0.1406810650607353,-0.9406550281993411,-0.20423613261037502,9.307629960025487e-05,0.02768134718765083,0.4588878596850252,2.0907410969337694,4.164187231940641,1.1690009472881944,1.7762231865755869,1.596971448411441,1.9072703592820106,1.8821357712682587,1.7752111467554104,2.74826467641642,0.9793020318408204,88.55528379859999
54,2025-05-23 14:50:37+07:00,677.4431818181819,47.43413067872914,,,,,,,31.011518597358073,31.100451688650686,0.07001934915253148,0.045777298273379355,670.0,44.477999999999994,0.06638507462686566,52.5,1.5295649108512261,640.0,720.0,7.386363636363637,42.61363636363637,580.0,820.0,9.263157894736842,85.9375,,,0.022317978795233184,0.020336036527757048,0.0005535252730197642,0.04320754059601,1.0974596138618724,0.5165297188263045,0.47065943229444024,-3.895360768325153,21.99134028700951,63.57576967152474,0.34590757454658577,4392.312163524111,2.8909456559625673,4.34966330799725,735.1763806254846,0.5227272727272727,0.4557823129251701,0.6417910447761194,0.14285714285714285,49.883449883449885,49.88222568408288,49.885212601800674,47.61904761904761,0.4967320261437909,0.5032679738562092,15.49935111730395,15.600987295607322,0.4998728094693326,0.5001271905306675,44.949139657989356,44.960575322534886,0.4995371674245809,0.5004628325754192,33.62034384900683,33.651479446905704,1.1997787454785187,0.8005731022491114,1.3455509557906038,1.408385632074428,0.398938374739533,-0.1162860222509483,-0.4215128810756971,0.00019294454439230902,0.04121735393793187,0.7839208794594489,0.8087865101513346,0.7505492757261782,1.0983159247111256,0.28363153613332415,-0.5475727537243382,-0.07001428112361126,0.0003804583981571493,0.05385180415879559,0.4592130951552589,2.014903020542265,4.158970529373025,1.1656286427844458,1.389203915975045,1.5843317690128569,1.8946306798834265,1.879632765322998,1.7788592548181663,2.9642024407102525,0.9324289523296622,88.56831334395706
55,2025-05-23 14:50:38+07:00,677.6,47.500272231524804,,,,,,,30.933744547405475,31.022966067517416,0.07010075594971192,0.04565192524705648,670.0,44.477999999999994,0.06638507462686566,55.0,1.535548732508972,640.0,720.0,7.428571428571429,41.714285714285715,580.0,820.0,9.210526315789474,85.9375,,,0.022014965965401555,0.020238416910460102,0.0005148934950204767,0.04276827637088213,1.0877810286645124,0.5147498995397901,0.47321095512371397,-3.900172653508253,21.936549678861727,63.69501038973358,0.3443998131821873,4389.586438742401,2.903602039618414,4.349393715435662,739.779848324586,0.5257142857142857,0.45517241379310347,0.6212121212121212,0.14893617021276595,50.11820330969267,50.11876698316235,50.117130480964356,46.89655172413793,0.4972972972972973,0.5027027027027027,15.46952999872662,15.553376303904788,0.5026440695993766,0.49735593040062337,45.15810346261398,44.91992920974074,0.5020771262454085,0.4979228737545916,33.753227006625984,33.61329762652711,1.20700268244754,0.723920869096411,1.3218240519064135,1.5240465375668577,0.10862703529175732,-0.805746360041292,-0.22065664315927816,0.00024376088104561945,0.04035273955022462,0.6262487216503464,1.4715381976590578,0.8492287867855312,0.9616566701969882,-0.554899262434879,-0.5252078948192289,-0.4235983927632264,0.00015077680180487755,0.10146651579323451,0.4542622127524929,1.9236870122706031,4.162178187916953,1.1625357533299996,1.905256779076451,1.5246186367594057,1.8455004470681686,1.8672947097086225,1.7746652163859615,2.835061181169499,0.8941453334198795,88.5478158205431
56,2025-05-23 14:50:39+07:00,677.1590909090909,47.60429425134702,,,,,,,31.00230406184123,31.089362168846137,0.07030001500450643,0.04578289574495768,670.0,44.477999999999994,0.06638507462686566,55.0,1.535508269204421,640.0,720.0,7.386363636363637,42.61363636363637,580.0,820.0,9.263157894736842,85.9375,,,0.021209846971457995,0.01989938068073284,0.0005465835242500959,0.04165581117644093,1.0658546269228362,0.5091689820087705,0.4777095948616944,-3.9170666693071907,21.98349881235561,63.68815136250797,0.3451740762143849,4398.50743130992,2.8970889441271592,4.350275440012861,738.0409567368757,0.5227272727272727,0.452054794520548,0.6212121212121212,0.14583333333333334,49.29906542056075,49.266184469602,49.333139758670804,47.94520547945205,0.4916765755053508,0.5083234244946491,15.41569583771422,15.67449058733373,0.4995018546108612,0.5004981453891386,45.01188447856318,45.056751765547965,0.4986686776959093,0.5013313223040905,33.64307820690934,33.732777345147724,1.2448623501866618,0.8559861992175888,1.3628813012088163,1.6132198341183224,-0.06335492792972275,-0.9279912006252502,-0.20754372776298602,0.0003747695456365546,0.05670046210421438,0.8208995360822535,1.2064140086010906,0.9649232412272993,0.8329648849510629,-0.05319625093142033,0.5851536327859268,-0.6093806565038564,4.234767821614027e-05,0.05223327519474345,0.45210493565151744,1.8137383759468306,4.164378907098732,1.1627617112221633,1.2731075572271802,1.5292914878677604,1.8005512301256434,1.864985491744215,1.7785630143621098,2.9602375477699687,0.8900458181328594,88.60547071656319
57,2025-05-23 14:50:40+07:00,676.8,47.93482164811695,,,,,,,31.007970795806088,31.096979351309386,0.07082568210419171,0.045815559686474716,670.0,44.477999999999994,0.06638507462686566,65.0,1.5458870870260322,640.0,720.0,7.428571428571429,42.285714285714285,580.0,820.0,9.210526315789474,85.9375,,,0.02097723893578759,0.019946226329673123,0.0005075555650311381,0.041431020830491855,1.0516896073008393,0.5063172114829726,0.48143217159142176,-3.914715309945956,21.98888497372891,64.1530610455354,0.3427565982879812,4431.701122937732,2.9175222446332265,4.3535405735423325,748.6719306466512,0.5257142857142857,0.45517241379310347,0.6212121212121212,0.14583333333333334,49.64705882352942,49.621739040733694,49.672220470600514,47.58620689655172,0.49432157800358634,0.5056784219964137,15.460185672897412,15.636773021318406,0.4994226245932472,0.5005773754067527,45.33686541581795,45.38924846018274,0.4988863312774819,0.5011136687225184,33.87070051513883,33.94622619894907,1.2475167088313583,0.7072600149012849,1.3622057129959364,1.5281893700069114,0.32271931298139833,-0.5108799965830242,-0.2653145186863958,0.00032421265054743633,0.04154612618044094,1.0242389842642463,0.4540839646937993,1.0296344904768737,1.2446664348986989,0.2318319166475904,-0.7549390199275154,-0.02644893644983296,8.06478867322373e-05,0.014812071572442572,0.4398828327657629,1.9236870122706031,4.171434199572475,1.1552014623897864,1.216387408472577,1.498926856788196,1.8062958935186562,1.8837594139599694,1.7772051474565373,2.6590608587654927,0.851566984209409,88.65248226950355
58,2025-05-23 14:50:41+07:00,676.6477272727273,47.8283931865288,,,,,,,30.94695923211658,31.035548239327095,0.07068433286446443,0.04573570261862892,670.0,44.477999999999994,0.06638507462686566,62.5,1.5454957247267371,640.0,720.0,7.386363636363637,42.04545454545455,580.0,820.0,8.8,85.9375,,,0.020459009692896095,0.019860389511054576,0.0005508388799448431,0.04087023808389551,1.0301414119551038,0.5005845488567817,0.4859377004432072,-3.9190280077148127,21.945446617870402,64.0555998226315,0.34259997062921654,4416.227102891699,2.918856058753909,4.352021508694857,747.8763025576153,0.5340909090909091,0.45833333333333337,0.6363636363636364,0.14583333333333334,50.235849056603776,50.25001854092558,50.22153953412566,47.22222222222222,0.5005966587112174,0.49940334128878283,15.52713605347066,15.508618293687876,0.5014013011960026,0.49859869880399743,45.357575344123255,45.2306337291364,0.5013167764150894,0.4986832235849106,33.899864270530685,33.8107044360111,1.1821419531965982,0.6669781236294332,1.3057864786646312,1.3897970956665602,0.4258702405647661,-0.27543314924337636,-0.3740429198115581,0.00015331889332265123,0.030347429523252895,0.8305157903389774,0.9080728907474264,1.0299045083239293,1.1935901326850413,0.23195376625233877,-0.5970095846666559,-0.319743958850722,0.0005365006628206534,0.07191810800169637,0.42945088633166506,1.8777018990287797,4.162580822603244,1.1613376233498178,1.7689403230986727,1.4665600138633181,1.7953267873385805,1.8949705474665421,1.7799302633584106,2.5077966960753284,0.8476626839360566,88.67243261398941
59,2025-05-23 14:50:42+07:00,676.5340909090909,47.96342627190284,,,,,,,30.873011792548798,30.959690939254987,0.07089580098979507,0.04563408142679591,670.0,44.477999999999994,0.06638507462686566,62.5,1.5535713390774144,640.0,720.0,7.386363636363637,41.47727272727273,580.0,820.0,8.8,85.9375,,,0.02939622484009756,0.0214326018501719,0.0008994104034877344,0.05172823709375719,1.371565853067988,0.5682819769561649,0.4143307998555104,-3.8428420652858577,21.89180740658691,64.20543792734153,0.34096500410698705,4415.73806711539,2.93285231022191,4.351973413953712,753.2202678160522,0.5340909090909091,0.4620689655172414,0.6417910447761194,0.1702127659574468,49.29245283018869,49.24748754238951,49.33741151162268,48.275862068965516,0.4934052757793765,0.5065947242206237,15.378369642896581,15.582557298274983,0.4938915282122063,0.5061084717877935,45.12192308361105,45.67658389895632,0.49384087988129366,0.5061591201187063,33.708175533814305,34.12599015876623,1.2295848731910497,0.610460186365338,1.3402906752573638,1.4005647638531236,0.4973399552907356,-0.17374941983673065,-0.40126450513565853,0.00010846539571879282,0.023970155184855485,0.6270255031560314,1.8389365055927205,0.9041657047622441,1.2037259400812095,-1.3138123286443228,-1.4986924504799277,-0.337101371141462,0.00037531309348744235,0.17458077554642157,0.4373725683952072,1.9009587611930472,4.173041355724516,1.1533431878714129,1.4072719373428448,1.413440449391522,1.8254200576420632,1.8893898990921703,1.7855284147197639,2.8329648778691783,0.8900458181328594,88.68732678256488
60,2025-05-23 14:50:43+07:00,676.1363636363636,48.30691918926772,,,,,,,30.845235797908426,30.92944457748831,0.07144552754042957,0.045619844541444396,670.0,44.477999999999994,0.06638507462686566,62.5,1.5661063350516953,640.0,720.0,7.386363636363637,41.47727272727273,580.0,820.0,8.8,85.9375,,,0.020195855852853564,0.02034034541536822,0.0005683855210649803,0.041104586789286766,0.9928964056625367,0.49132852147092454,0.49484369030732106,-3.8951489064327496,21.870419999075477,64.66071612795999,0.33823349490585786,4442.705302413858,2.9565374661617554,4.354617616139816,764.6873192846534,0.5284090909090909,0.45517241379310347,0.6212121212121212,0.17391304347826086,48.936170212765965,48.87682512792048,48.99554834423011,48.96551724137931,0.4918918918918918,0.5081081081081079,15.340952629683947,15.591775020050218,0.48661126084360545,0.5133887391563943,45.10571667486794,46.33014713366626,0.48715349336108565,0.5128465066389142,33.68880009988236,34.56577774116349,1.2792415975420202,0.7252329809053575,1.2750364468892954,1.6226523972978277,0.03280193688623001,-0.9287866817200277,-0.02068375327528572,0.00034810377569715315,0.04496354939095378,0.7730917836614725,0.8956022265679424,0.8929095526050522,0.7882949414788709,0.23686354587410996,0.40425204833869266,-0.6168092351970554,3.752598110347064e-05,0.030554970735884868,0.42945088633166506,1.91238745701667,4.18116676637582,1.144155794470227,1.5361488675342532,1.4148690363694747,1.826848644620016,1.8911658911426976,1.7853892746733009,3.069959043470238,0.8476626839360566,88.73949579831933
61,2025-05-23 14:50:44+07:00,675.5681818181819,48.55295676258667,,,,,,,30.75246796135695,30.840657275990516,0.07186980984201222,0.045520894543303804,670.0,44.477999999999994,0.06638507462686566,62.5,1.5788312282317478,630.0,720.0,7.386363636363637,41.47727272727273,580.0,820.0,8.8,85.9375,,,0.020187634145555966,0.020828571317152916,0.0005836258808114928,0.041599831343520376,0.9692279819946594,0.4852816344098089,0.5006888404223588,-3.8714296138122037,21.807637896103127,65.16892285243884,0.3346324742159984,4464.769500826887,2.988353124850999,4.356769152782564,778.9910169970371,0.5284090909090909,0.45517241379310347,0.6212121212121212,0.17391304347826086,50.11876484560571,50.12656192746924,50.11100000164681,46.89655172413793,0.4984894259818732,0.501510574018127,15.39704405128599,15.443631280448153,0.5080378253150304,0.49196217468496933,46.45030467712458,45.709492462172726,0.5070762760336172,0.49292372396638284,34.6027438949207,34.11644360331145,1.1720076749514485,1.0707175036357013,1.3235777314004724,1.5587657731850855,-0.26151861842342683,-0.9107270274953772,-0.28034538429976674,0.00033607477029393395,0.07348871470124772,0.9180018520129385,0.8579277547910393,0.0880933081573616,0.5170571855528813,1.056038421870925,-1.3283593152277033,0.0,0.00025639592923740916,0.04981623259005104,0.41360752220457986,1.865867441381777,4.184127369203162,1.1343990662828216,1.3921675949572263,1.4475917043719277,1.8735288523482632,1.8951235906351986,1.7825314873209401,2.4991801359448207,0.8476626839360566,88.81412952060553
62,2025-05-23 14:50:45+07:00,675.7954545454545,48.43190426412481,,,,,,,30.75246796135695,30.840657275990516,0.0716665137925506,0.04550558568352803,670.0,44.477999999999994,0.06638507462686566,62.5,1.5748948775423017,640.0,720.0,7.386363636363637,41.47727272727273,580.0,820.0,8.8,85.9375,,,0.02032584280356811,0.021214770889389355,0.0005948706404093574,0.04213548433336682,0.9580986242813565,0.4823925279404515,0.5034894276174136,-3.8530575998493095,21.807637896103127,65.12335144262669,0.3348666401991847,4461.6473709568,2.9862634253599643,4.356465352534574,777.9019301999165,0.5284090909090909,0.45517241379310347,0.6363636363636364,0.17391304347826086,50.1187648456057,50.12084897222986,50.11620503176505,46.89655172413793,0.4984894259818732,0.5015105740181268,15.397044051285992,15.443631280448153,0.5074253302064204,0.49257466979357956,46.3898335299647,45.705954187414484,0.5065243280006069,0.4934756719993933,34.56215864536732,34.11407330786275,1.1922512972556583,0.7979350163275276,1.3186668675554416,1.4902607588987054,0.03242167674246055,-0.7450849550837892,-0.2849525489769586,0.00016452773841666224,0.04057262313583459,0.8173962628704533,0.578932719347362,0.2799888777450308,0.5694552374187118,1.0,-1.5925400041375037,0.0,0.00025392306634744374,0.02433343781492439,0.4215292042681229,1.8893979387919713,4.181166766375821,1.1331513088229983,1.2475310640921828,1.450533016548202,1.8764701645245374,1.8898684053444845,1.7826433357746163,2.7258520414812124,0.8476626839360566,88.78426097191861
63,2025-05-23 14:50:46+07:00,675.1704545454545,48.59129177500467,,,,,,,30.584776792197967,30.666059821224984,0.07196892495498462,0.045299341205308784,670.0,44.477999999999994,0.06638507462686566,60.0,1.5887410951254703,630.0,720.0,7.386363636363637,40.909090909090914,580.0,820.0,8.8,85.9375,,,0.02062149615431873,0.02196757883206308,0.0006152914656450731,0.04320436645202689,0.9387241221240251,0.47730120466449505,0.5084573767898057,-3.8181876020238135,21.684178851860505,65.13890677389254,0.33289135365949146,4437.44843000004,3.0039830984101856,4.3541034288820555,782.7046999907599,0.5340909090909091,0.45833333333333337,0.6363636363636364,0.17391304347826086,48.68105515587529,48.690558306782044,48.675065265243276,47.91666666666667,0.48320097739767875,0.5167990226023212,15.076433615902422,15.591775020050218,0.5020896684353667,0.4979103315646334,46.15631281083675,45.96381145429578,0.500204588902426,0.4997954110975738,34.33441468021936,34.32036867285893,1.2546492634635027,0.5193209260832399,1.324540533987904,1.4522331636499861,0.4104175060851638,-0.4242893241097523,-0.2541161481299238,0.00012423953863796778,0.019296706686336016,0.6916788896315126,0.9260598660564854,1.1172119541337198,0.7589962908871598,0.8566310718269592,0.8275867947311486,-0.8868169611668609,0.0005534833637751265,0.06919371455020593,0.4403625577881476,1.91238745701667,4.175743008262402,1.1287870379556901,1.456858474805436,1.5374726929959406,1.8940667337596726,1.879526975232152,1.7789188341177606,2.7121867529272974,0.8476626839360566,88.86644786670033
64,2025-05-23 14:50:47+07:00,674.6022727272727,48.41323072354198,,,,,,,30.55673879382886,30.64099017894398,0.07176559089820087,0.04529593217985243,670.0,44.477999999999994,0.06638507462686566,60.0,1.5843716520337359,630.0,720.0,7.386363636363637,40.909090909090914,580.0,820.0,8.8,85.9375,,,0.020831799324208568,0.02237491091697114,0.0006255429133608235,0.043832253154540535,0.9310338441798158,0.47526188650994833,0.5104668208153326,-3.799814996193562,21.66645193780169,65.01041977870128,0.33327660414369537,4425.075050224033,3.000510649612958,4.352890750785864,780.2578275272082,0.5397727272727273,0.4652777777777778,0.6417910447761194,0.17391304347826086,49.03846153846153,49.03989644946359,49.040587597595426,47.22222222222222,0.48470012239902077,0.5152998776009792,15.085960589122312,15.554871358790008,0.507646188727837,0.49235381127216316,46.3194650812596,45.61646450996534,0.5053518228047916,0.49464817719520865,34.44618304188854,34.07943556881065,1.2181515124220885,0.8555667913351153,1.3381776558568168,1.5163750665317424,0.0795052676489405,-0.5871357403412691,-0.29172004748238556,0.00027080379639571827,0.048851106555927455,0.8128308538526591,0.9514353606643733,1.1601321365343589,0.7140734388697597,0.9168284876836115,1.4176711828505422,-0.9688271175386239,0.0002520745584979096,0.05923165225484743,0.4532159325222924,1.9348603128687285,4.17037677600613,1.1295762029228453,1.407281161465329,1.5402817999774479,1.8968758407411799,1.867903814728199,1.7799817975271583,2.912761213533404,0.8476626839360566,88.94129537606332
65,2025-05-23 14:50:48+07:00,674.2045454545455,48.25460074963312,,,,,,,30.612789110808855,30.7004169245824,0.07157264227149358,0.04540578866932714,670.0,44.477999999999994,0.06638507462686566,60.0,1.5762889351560339,630.0,720.0,7.386363636363637,41.47727272727273,580.0,820.0,8.8,85.9375,,,0.021494705046684517,0.023374851427440186,0.0005780145576118423,0.04544757103173654,0.9195654189892079,0.47295608013186285,0.5143256481433797,-3.756094559872926,21.708472992626465,64.87279456404232,0.3346313834406485,4424.271346497161,2.988362865784117,4.352811864938485,775.4538010993032,0.5284090909090909,0.45517241379310347,0.6212121212121212,0.17391304347826086,49.76076555023922,49.76508583305822,49.757551681065124,46.206896551724135,0.48902439024390254,0.5109756097560976,15.180901492169115,15.517879935775676,0.5093195623727617,0.49068043762723834,46.2975261135167,45.44247517814889,0.5072757771175855,0.49272422288241446,34.452290884255454,33.95455159487331,1.2324747041990667,0.9470786234160586,1.2581205065537384,1.6830558588691527,-0.39158848119115497,-1.3456721671152683,-0.051319877981516854,0.0004762946283604895,0.07075879014184872,0.9532758392802054,0.3101964936275303,0.9560287765919839,1.0896368711244864,0.3542419319751344,-0.5689349168226236,-0.06927915925144888,3.125025018656303e-05,0.005702845402418852,0.45321593252229153,1.9236870122706033,4.158597074323965,1.133297593007604,1.0864655224836037,1.5574121304411128,1.9278895029076748,1.8704225515884305,1.7786275940450713,3.199572647075006,0.8900458181328594,88.99376369458959
66,2025-05-23 14:50:49+07:00,674.375,48.39901120595632,,,,,,,30.761757334159476,30.850026546682816,0.07176869131559788,0.045615210134064096,670.0,44.477999999999994,0.06638507462686566,60.0,1.573350009890739,630.0,720.0,7.386363636363637,41.47727272727273,580.0,820.0,8.8,85.9375,,,0.021896751172923144,0.02391160676920187,0.000587354566549631,0.04639571250867464,0.9157373397895678,0.47195635089835275,0.5153839757225649,-3.733391299050328,21.814262970944426,64.80912988856562,0.33659243702935676,4441.468718602614,2.9709520773123685,4.354496717668482,770.1792762849645,0.5227272727272727,0.4482758620689655,0.6153846153846154,0.17777777777777778,50.0,49.999848284845775,50.00020493554902,46.206896551724135,0.49396135265700497,0.5060386473429951,15.331584108120326,15.517879935775676,0.5082800061120706,0.49171999388792936,46.204864821711,45.4459435342736,0.5068228676093168,0.49317713239068317,34.42344407854155,33.956872510741725,1.2489381845951144,0.463310349731227,1.305553500134064,1.4466617932311223,0.3881244238152739,-0.5132165398399149,-0.19543461919441824,0.0001097086001987383,0.01600579140294241,0.7541630034898097,0.24889702096479793,0.8534391583363776,0.8113890487980864,0.9548069799114327,0.09057302322513716,-0.6689458129120736,0.0001001605371087922,0.007188560766614225,0.4611376145858337,1.9676501356917193,4.161077058361821,1.1354443450267786,1.4604171161383888,1.3601872455618127,1.9058896887953316,1.8660664897655712,1.7758183916760637,2.8183118055552123,0.8900458181328594,88.97126969416126
67,2025-05-23 14:50:50+07:00,673.7853107344632,48.1925495118699,,,,,,,31.005864547914744,31.092446988621848,0.07152508186819531,0.046017424324844125,670.0,44.477999999999994,0.06638507462686566,60.0,1.5543043296662735,630.0,718.0000000000001,7.909604519774012,41.80790960451977,580.0,820.0,8.85,85.9375,,,0.02209828041532589,0.0243326121599255,0.0006688150549626244,0.04709970763021401,0.9081754260531291,0.4691808405441153,0.5166191763007115,-3.7159377642043836,21.985680109337753,64.61956601284406,0.3402325559563149,4463.276727579598,2.9391661159210103,4.356623924325299,759.7105554018888,0.5254237288135594,0.452054794520548,0.6212121212121212,0.17391304347826086,49.29577464788733,49.276872371046814,49.31696179149687,46.57534246575342,0.483451536643026,0.516548463356974,15.287716824767708,15.802350638885523,0.5080978385029664,0.49190216149703364,46.06146117342493,45.32140891739112,0.505540545608615,0.49445945439138533,34.31743355166014,33.939242713794194,1.2532447716535156,0.8056997834944424,1.3697340402144578,1.5591337582893776,0.10638197335687138,-0.656908543709342,-0.26492519676067866,0.00028242418102532877,0.0465619988014449,0.6176841702963681,0.77949699750299,0.7882319554451305,0.8046862411409503,0.5651675905069924,0.07888805693063405,-0.47889114935845956,0.0002694532048173528,0.04404014615322467,0.461493810005285,1.967650135691719,4.152180109981632,1.1449545502639553,1.2448959868979739,1.3601872455618127,1.924951724756197,1.8672645670145245,1.781730687839663,3.075849155841504,0.9281769610272652,89.04913634076807
68,2025-05-23 14:50:51+07:00,673.1073446327683,48.51141855110795,,,,,,,30.97836488436875,31.065442026658634,0.07207085012209256,0.046022919124838586,670.0,44.477999999999994,0.06638507462686566,60.0,1.565977375893914,630.0,718.0000000000001,7.909604519774012,41.80790960451977,580.0,820.0,8.85,85.9375,,,0.022926968202367514,0.02522606684162605,0.0006856872301915923,0.048838722274185155,0.9088602018819381,0.469442424673876,0.5165177479460775,-3.6798774206089973,21.96658471760788,65.07546817689104,0.33755553871540855,4490.862039768045,2.9624754604992427,4.3592998236110665,771.1379102181564,0.519774011299435,0.4452054794520548,0.6,0.1702127659574468,49.41176470588235,49.382260646705745,49.44222256655284,46.57534246575342,0.4843102427471876,0.5156897572528123,15.287716824767708,15.775206586829308,0.5041848169672909,0.4958151830327091,46.20746921665273,45.82233458733468,0.5021517211735916,0.49784827882640864,34.41543619600219,34.26764866379652,1.2140548392589734,0.8925030656500839,1.3585247516506205,1.5789377171057053,0.03743845662694412,-0.7942519819184488,-0.2530395424529551,0.0004066943313417464,0.0627225293063578,0.8159085783965154,0.5979800326534939,0.2564649145122453,0.5554549308389922,1.0,-1.351311488657494,0.0,0.00040439236790970563,0.04069778703097121,0.4585208091884416,1.9676501356917195,4.154869745478999,1.1358462394923547,1.035880139959893,1.360187245561813,1.9131632176295068,1.8697634868541622,1.7814987467219046,2.8309004202111323,0.8859870991623895,89.13882826926306
69,2025-05-23 14:50:52+07:00,672.9378531073446,48.609781819572916,,,,,,,31.051643200554548,31.13893249427663,0.07223517237901442,0.04614340396690585,670.0,44.477999999999994,0.06638507462686566,60.0,1.5654495804172064,630.0,718.0000000000001,7.909604519774012,41.80790960451977,580.0,820.0,8.428571428571429,85.9375,,,0.023376327242148477,0.025651671136634913,0.000693016872084838,0.04972101525086823,0.911298414736151,0.4701498375325367,0.5159120546354287,-3.6631465579618996,22.018550325613134,65.27463211234972,0.337321706964432,4515.262750343206,2.9645290515070304,4.3616531376354475,774.0341728939778,0.5141242937853108,0.4421768707482993,0.6,0.17391304347826086,49.414519906323186,49.41291643529947,49.41865660414722,46.93877551020408,0.48615203299941073,0.5138479670005892,15.352989471574768,15.784259790780721,0.5015820281726016,0.4984179718273984,46.22909764312494,46.08305684853185,0.5000055597371983,0.4999944402628016,34.444475279875185,34.44409227754358,1.1865446426421433,0.6768671217068865,1.2923205794185728,1.4900152832388434,0.14563426365979382,-0.7844398958267198,-0.2079268626289088,0.00022686242972962093,0.03589376172352257,0.9546000085006621,0.6649528624826679,0.28964714601799413,0.6221235772593281,1.0105540796522998,-1.0386773150744837,0.0,0.0003425724772754503,0.03956374729525249,0.44276746417571555,1.9568392195875037,4.160499712291422,1.1432149948745658,1.3446094802496429,1.3729047282487816,1.8980282868497742,1.8772121939205049,1.7811866869268749,3.2343691642709866,0.8437972372975139,89.16127948954747
70,2025-05-23 14:50:53+07:00,672.5988700564972,48.523923327361004,,,,,,,31.088217586849083,31.176445904252446,0.07214392632459385,0.04622103748737747,670.0,44.477999999999994,0.06638507462686566,60.0,1.5608461048563802,630.0,718.0000000000001,7.909604519774012,41.80790960451977,580.0,820.0,8.428571428571429,85.9375,,,0.024132238195881096,0.02626339768871585,0.0007005897547066152,0.051096225639303564,0.918854387459913,0.4722900350063903,0.5139987809297966,-3.6395790320066745,22.045076312192467,65.15913337620185,0.3383267267370382,4512.703280869209,2.9557227406903688,4.361406888702943,770.3693291348665,0.5141242937853108,0.4391891891891892,0.6,0.1702127659574468,49.650349650349646,49.654823845186016,49.64746609759014,46.62162162162162,0.48736037624926515,0.5126396237507348,15.390163834642658,15.784259790780721,0.5013925539129009,0.4986074460870989,46.1385816313183,46.010259153669615,0.4999512917672074,0.5000487082327926,34.39204746599834,34.39539798091233,1.2161721922270086,0.6388214595013162,1.3326125567339315,1.4138773903522917,0.49733920633441464,-0.20172819382320384,-0.3727894431070021,0.00017776629964345525,0.029338080044362808,0.725438196349351,0.47889604643481976,0.7715694856407107,0.9378427983418056,0.3018321670359567,-0.6440809905141327,-0.15279873588656662,8.265953174049083e-05,0.015337869817808152,0.43742547912764174,1.8827312474337818,4.150898968437507,1.1406998199215204,1.3419187353052242,1.43593804975128,1.9116895927659674,1.871133892068672,1.7856301870339883,3.2438513038707018,0.8437972372975139,89.20621587568249
71,2025-05-23 14:50:54+07:00,672.2598870056497,48.51757209774503,,,,,,,31.024184114977142,31.112489662304636,0.0721708568896619,0.04614909310320997,660.0,44.477999999999994,0.06739090909090908,60.0,1.5638629502047996,630.0,718.0000000000001,7.909604519774012,41.24293785310734,580.0,820.0,8.045454545454545,85.9375,,,0.04407616295760427,0.040561576265218016,0.0012595634245017944,0.08589730264732408,1.086648178300705,0.513126275205306,0.4722101278518041,-3.204934057899654,21.999852419811965,65.17623461386488,0.3375440841305054,4504.627738631275,2.962575992335768,4.360629016766705,772.3581917515182,0.5084745762711864,0.43624161073825507,0.6,0.1702127659574468,49.76635514018691,49.76071898360762,49.77291933760078,46.97986577181208,0.48937426210153495,0.5106257378984652,15.390163834642658,15.720777879699755,0.5009232586503108,0.499076741349689,46.12908765638689,46.04398799442694,0.49974198574983814,0.5002580142501619,34.38567922019113,34.40342779123753,1.2538940063489834,0.6397182877239023,1.373816777594973,1.486420219287128,0.5065259297760605,-0.2888655266942628,-0.3239796425192179,0.00031228355156511786,0.035018365379706214,0.6089327983321959,1.9696237622165629,0.8426417008633484,1.4914602403920365,-2.1839531113813937,-2.980589507710099,-0.1705875751628195,0.0009961804158386976,0.24919142533035823,0.4561968345143921,1.978345424808467,4.145900185600268,1.1435344675908379,1.188955712765124,1.4454994674887485,1.9345892854031699,1.8650560608614994,1.7843647905365774,2.841844967107925,0.8437972372975139,89.25119757962854
72,2025-05-23 14:50:55+07:00,671.7514124293785,48.766434417892576,,,,,,,31.270447855617757,31.35961295480741,0.07259595367507977,0.046550624646293885,660.0,44.477999999999994,0.06739090909090908,60.0,1.5595054680079248,630.0,718.0000000000001,7.909604519774012,42.3728813559322,580.0,820.0,7.695652173913044,85.9375,,,0.048585963587768705,0.04475842080335854,0.0013409535724249913,0.09468533796355223,1.0855155904902472,0.5131308039104341,0.4727069868049439,-3.106475677587123,22.17459497572982,65.4849913408339,0.33862102630992647,4561.916619623082,2.953153886801877,4.366117453162718,773.5490268214836,0.5028248587570622,0.42953020134228187,0.578125,0.14583333333333334,49.88452655889146,49.881150263938714,49.88832794928339,46.97986577181208,0.4904125508425334,0.5095874491574666,15.528775133372788,15.829448144879482,0.5004569326680941,0.49954306733190584,46.326034824337704,46.28371839387303,0.49942367582454533,0.5005763241754544,34.54883760482114,34.5886832427513,1.208288208104355,1.123954205049992,1.3632678741450734,1.7146004147271185,-0.5064751406415482,-1.3988152050467435,-0.18741382967073975,0.0005968978013697402,0.096878603905009,0.7275109046622793,0.7077255465987842,0.030616333476122026,0.3844791067755141,1.0,-1.5189868769913244,0.0,0.0005263354135687063,0.0577512686417746,0.4390078557561212,1.934860312868728,4.151179679320591,1.1457693974483518,1.290522526695465,1.42824325206726,1.8978404633485968,1.8855047744645888,1.7887977103113537,2.761516515289301,0.7594175135677625,89.31875525651809
73,2025-05-23 14:50:56+07:00,671.8644067796611,48.76222141461703,,,,,,,31.343043305275312,31.432415644470492,0.07257747385122111,0.046650846493724606,660.0,44.477999999999994,0.06739090909090908,60.0,1.5557589905894658,630.0,718.0000000000001,7.909604519774012,42.93785310734463,580.0,820.0,7.695652173913044,85.9375,,,0.024754769033267277,0.026323924955861798,0.0006886157125512893,0.05176730970168037,0.9403905031173894,0.47819307543547573,0.5085047901379994,-3.6372770591801338,22.226074251279208,65.4849913408339,0.33940714958024115,4572.507305177967,2.9463138924349157,4.367124517952989,771.7573589339164,0.4971751412429379,0.4228187919463087,0.5714285714285714,0.14583333333333334,50.114942528735625,50.115322903126334,50.11400535801194,46.97986577181208,0.4927703875072297,0.5072296124927703,15.602197647401194,15.829448144879482,0.5004569326680941,0.49954306733190584,46.326034824337704,46.28371839387303,0.4996629285400906,0.5003370714599094,34.565373381277986,34.5886832427513,1.1992530009662554,0.4628270424298362,1.2868700902339247,1.3225750537562115,0.703582469072316,-0.020784511941601913,-0.4228546298097966,0.00010517589531133429,0.015452967801375192,0.9628866846754086,0.91673902335591,0.046147661319498656,0.5045171729974536,1.0200401671833044,-1.5417049893322385,0.0,0.000455963140217725,0.06591648119550275,0.4311311832497582,1.9348603128687283,4.151179679320591,1.1442125175528994,1.3854075090677112,1.4857796665576164,1.9410850850425239,1.889558114326798,1.7929701080593876,2.867412339571323,0.7594175135677625,89.30373360242179
74,2025-05-23 14:50:57+07:00,672.2598870056497,48.79782299993119,,,,,,,31.315839732982063,31.404979338836178,0.07258773570037667,0.0465829366563394,660.0,44.477999999999994,0.06739090909090908,60.0,1.558247309221505,630.0,718.0000000000001,7.909604519774012,42.93785310734463,580.0,820.0,8.045454545454545,85.9375,,,0.056290549836780814,0.05213905202115977,0.0014893513683744317,0.10991895322631501,1.0796235768524567,0.5121095878786502,0.47434087107624934,-2.953841052054421,22.206673853514477,65.5339210271658,0.33885770156052675,4571.929662756272,2.9510912556944793,4.367069650295752,773.5863251785663,0.4971751412429379,0.4228187919463087,0.5555555555555556,0.14583333333333334,50.23041474654376,50.229337235672645,50.230391241215365,46.97986577181208,0.4936268829663963,0.5063731170336038,15.602197647401194,15.802350638885521,0.5005335625568625,0.4994664374431374,46.36419837480862,46.31474834495161,0.49982218093809855,0.5001778190619013,34.59094868869007,34.60325273706566,1.1825988498210034,0.4363830387143446,1.2595429521380315,1.3317719041623244,0.6655847388738492,-0.15001449831397995,-0.3344826777935938,0.00014505540649864925,0.01544419254661654,0.7862668320716761,0.29796428411912723,0.5206498592979987,0.6696320013575623,1.0,-0.8153684688077023,0.0,9.424991360452362e-05,0.0071440318559078736,0.41577114203840804,1.8777018990287795,4.165549493569003,1.1436317970741052,1.2968598980324277,1.233386520978018,1.7416726844210213,1.9107565463351528,1.7896706927324166,2.8637571866217226,0.7594175135677625,89.25119757962854
75,2025-05-23 14:50:58+07:00,672.2598870056497,48.72791138264016,,,,,,,31.06993577545517,31.158528464994877,0.07248374077424412,0.04621714961135864,660.0,44.477999999999994,0.06739090909090908,60.0,1.5683299680694722,630.0,720.0,7.344632768361582,42.93785310734463,580.0,820.0,8.045454545454545,85.9375,,,0.023764683282138425,0.02492756733354724,0.0006468975460091771,0.04933914816169484,0.9533494770729666,0.48165978067267246,0.5052289766303691,-3.6917809660896763,22.032406769391944,65.48568545873212,0.33644615025487307,4532.712687302997,2.972243847172735,4.363328301494903,778.5577027304223,0.4971751412429379,0.4228187919463087,0.5714285714285714,0.14285714285714285,49.88399071925754,49.88541436856431,49.88317100470729,47.651006711409394,0.49499705709240727,0.5050029429075926,15.501152030920613,15.657038581508862,0.4972505350844684,0.5027494649155316,46.17788175515262,46.43251271046122,0.49702138811893765,0.5029786118810621,34.443304702645555,34.64910600397938,1.1743772938180703,1.0009220722334202,1.3410878842685388,1.5164339890923904,0.06127308440310131,-0.5666836897622325,-0.32481542800570795,0.00040379024967112336,0.07110971266393015,0.6063391717795525,1.4535397738480649,0.8068225709400972,1.186580801528422,-1.1482295117972328,-1.836116945676563,-0.23873557681675103,0.00037223834698264704,0.12303754926940129,0.42855148623428985,1.8777018990287797,4.157402038905739,1.1349451977503375,1.1625034476941736,1.3249375450336938,1.7897064568720191,1.8974294044486477,1.785220154034505,3.0973496367131506,0.7594175135677625,89.25119757962854
76,2025-05-23 14:50:59+07:00,671.1299435028249,49.05782831258218,,,,,,,31.388330199729847,31.461169635046865,0.07309736182613895,0.04676937827554662,660.0,44.477999999999994,0.06739090909090908,60.0,1.5629320833704117,630.0,710.0,7.909604519774012,42.93785310734463,580.0,820.0,8.045454545454545,85.9375,,,0.02358929262964401,0.02442051282176037,0.0006363451843401013,0.04864615063574448,0.9659622138902961,0.484915914648156,0.5020029848737206,-3.7123318104479894,22.246406393001934,65.20691342520023,0.34116637676035844,4557.255550814771,2.931121201027435,4.365673492548384,764.5174655766593,0.5028248587570622,0.42567567567567566,0.5714285714285714,0.14583333333333334,47.926267281105986,47.9328515860575,47.9175434481447,48.64864864864865,0.4705882352941174,0.5294117647058824,15.26901624672844,16.195237395163872,0.48386848830362794,0.5161315116963721,45.35835682912784,46.846142041827406,0.4824825806122695,0.5175174193877304,33.841715318385866,35.04887115506563,1.266668165515083,0.7275194210858182,1.2919920999146477,1.6219967530037624,0.07809673637480685,-0.9050410175167336,-0.04639746579330508,0.000459876289337937,0.049962924135339745,0.7344714362264753,0.9413228981656867,0.8301674991281818,0.8066751303262107,-0.04112157562805763,0.07052886946520198,-0.5249567590969576,1.2965586529191144e-05,0.029380956113151287,0.43935615000031714,1.8607523407150068,4.162629001978402,1.135086040790976,1.1474334040611998,1.3235250818408792,1.8682228403895191,1.8872877668159587,1.7870602142708742,2.532219300368501,0.7594175135677625,89.40146476976177
77,2025-05-23 14:51:00+07:00,669.8314606741573,49.05289107971217,,,,,,,31.181988137076683,31.26423661329048,0.07323169179056249,0.046551991012326176,660.0,44.477999999999994,0.06739090909090908,67.5,1.5731162126056433,630.0,710.0,7.865168539325842,42.13483146067416,580.0,820.0,8.090909090909092,85.9375,,,0.02313442557077843,0.024183678343886388,0.000627055884316925,0.04794515979898174,0.956613185215755,0.4825184787739462,0.5044029146066169,-3.7220773219620056,22.107153717878436,65.69743568803553,0.33649949174354876,4562.79673571695,2.971772690706216,4.366201232137312,780.9513809085277,0.5056179775280899,0.43333333333333335,0.5846153846153846,0.14285714285714285,48.729792147806,48.712629348384304,48.75000498255241,48.0,0.4770482277745498,0.5229517722254504,15.272152316017422,15.99005372667078,0.49263849940234083,0.5073615005976589,46.111854925719165,46.795831986331784,0.491052175556505,0.5089478244434951,34.347793241009,34.968069073619226,1.225595763516138,0.360186541050576,1.2994581955486653,1.3523986948675264,0.7511932154114831,-0.12328668258076636,-0.3530192184181934,0.00010565017652495175,0.011337080944073876,0.8925944404256623,0.280631053894427,0.6191544333038537,0.7522789134784488,1.006564544879411,0.9098280517163118,-0.025624558197766857,0.00016578932943897798,0.01222330019344596,0.421257562912448,1.8893979387919708,4.17296978672324,1.1378564104035347,1.5247245161196494,1.3259122150139595,1.875901423281696,1.911447001043586,1.7827822162210227,2.96717725622121,0.8819685508443503,89.5747714501384
78,2025-05-23 14:51:01+07:00,669.2134831460675,49.05259990347785,,,,,,,31.018492752797762,31.102308932864066,0.07329888165563345,0.04635066915713567,660.0,44.477999999999994,0.06739090909090908,70.0,1.5813985642179043,630.0,710.0,7.303370786516854,42.13483146067416,580.0,820.0,8.090909090909092,85.9375,,,0.022842721840339315,0.023820734566067155,0.0006211862652235719,0.047284642671630045,0.9589427973761554,0.48308965764997835,0.5037731749712296,-3.737198877324461,21.99265355698711,65.82276770878276,0.33411924661521974,4547.823957768782,2.992943418047466,4.364773755148702,788.0152774866746,0.5,0.4228187919463087,0.5714285714285714,0.14285714285714285,48.95591647331785,48.942588893262254,48.97261119381812,47.651006711409394,0.48209042865531415,0.5179095713446857,15.272152316017422,15.829345590332588,0.5007671744280917,0.49923282557190857,46.57941887295408,46.508004540103244,0.49889111446381035,0.5011088855361897,34.661801012827844,34.73875838397542,1.2054353980465289,0.8937277457867272,1.3320629641420276,1.5342872992197718,0.07376249741279128,-0.6274592587179635,-0.27372937560562033,0.00039374619505430376,0.058471042957727024,0.9191769087517092,0.8601480261477881,0.07350475082078223,0.5035787638946763,1.0289517364337222,-1.4635392121439286,0.0,0.00026440852420603177,0.050902506360487945,0.44762127976053456,1.8137383759468302,4.1552591841266056,1.130708178864101,1.0751206920748928,1.4351317815368556,1.9175434717865645,1.876653224971686,1.7815240624111395,3.0902552507954653,0.8819685508443503,89.65748824714574
79,2025-05-23 14:51:02+07:00,668.4269662921348,48.87199645064956,,,,,,,31.018492752797762,31.105198676337075,0.07311493837800993,0.046405208522423955,660.0,44.477999999999994,0.06739090909090908,67.5,1.5755761197081852,630.0,706.0,7.303370786516854,42.13483146067416,580.0,820.0,7.739130434782608,85.9375,,,0.02197680485563846,0.022934366000085676,0.0006058563135629203,0.04551702716928705,0.9582477603940026,0.48282601528219904,0.5038634424605131,-3.775118794651224,21.994696914192765,65.67102080679008,0.33492241545784857,4537.761035348417,2.985766117305022,4.363811731576347,784.3132352549877,0.4887640449438202,0.40939597315436244,0.5409836065573771,0.12244897959183673,49.4199535962877,49.422657922936416,49.4199400899692,46.97986577181208,0.4844392248972401,0.5155607751027599,15.30931089239486,15.793410593719715,0.5018545403472142,0.49814545965278584,46.52246265496479,46.35022591447922,0.5000979123294584,0.4999020876705415,34.63173783888554,34.6249567545223,1.2403851719540515,0.8639157649689482,1.2509327885830492,1.6460105478520943,-0.17696391133398492,-1.1242988981611224,-0.04268948977537709,0.0004358171575070089,0.060988092695558174,0.6929173430436036,0.8385257267753096,0.8809652691522167,1.01593361152742,0.29316502840100167,-0.5217940053889043,-0.33904090469084774,0.00043375786535759683,0.059530491157442814,0.4587562362657325,1.791759469228055,4.129183583246887,1.1291962129967632,1.1625283575405816,1.2134915314577026,1.9004405218330442,1.8564025610614359,1.7839874383902543,3.245340151589232,0.8819685508443503,89.76298537569339
80,2025-05-23 14:51:03+07:00,668.0898876404494,48.85991516152912,,,,,,,31.02759843118348,31.113763124670733,0.0731337445236477,0.04644225126766448,660.0,44.477999999999994,0.06739090909090908,60.0,1.5747243625669636,630.0,706.0,7.303370786516854,42.13483146067416,580.0,820.0,7.739130434782608,85.9375,,,0.021480307035187083,0.02249115903055878,0.0005985165555067216,0.04456998262125259,0.9550555845522122,0.4819456004217621,0.5046257078824656,-3.7946329789649247,22.000752893686613,65.63041256080827,0.3352219197662722,4536.203717616665,2.983098482036118,4.363662660134586,783.1279363422052,0.4887640449438202,0.41333333333333333,0.5483870967741935,0.12,49.30555555555556,49.3033930268925,49.31073194889255,47.333333333333336,0.48415492957746464,0.5158450704225352,15.30931089239486,15.802402003838184,0.5007368679602056,0.4992631320397948,46.44189353843349,46.373500810988055,0.49906155483111736,0.5009384451688829,34.57762625915196,34.64258568985302,1.237158446589615,0.45256012402213575,1.3019647956087832,1.4190838975060553,0.517739353543563,-0.3712327396056754,-0.24120764141485965,0.0001249747264120748,0.016362613397082806,0.5614560969389668,0.8173518976114071,0.7175781345304866,0.7370442678359671,0.4458880802398877,0.04146348288248425,-0.47618390149656775,0.0001600959017655058,0.040531345589667846,0.4587562362657325,1.8225311278948084,4.124851757334861,1.1243553376037807,1.186627473852578,1.206469718342818,1.8981029691214437,1.8590287517217479,1.7871781657093009,3.250062570491297,0.8819685508443503,89.80827447023209
81,2025-05-23 14:51:04+07:00,667.5280898876405,48.99627332482225,,,,,,,30.605933474439365,30.689412022262882,0.0733995678490015,0.0458496562737772,660.0,44.477999999999994,0.06739090909090908,60.0,1.6008749860788147,630.0,706.0,7.303370786516854,41.01123595505618,580.0,820.0,8.090909090909092,85.9375,,,0.03131309244681694,0.030318210123570825,0.0007994923753375337,0.062430794945725294,1.0328146786763195,0.5015648523142981,0.4856290897773799,-3.496006752814233,21.70069135157004,65.86878892848252,0.32945332234864244,4490.587067136787,3.0353313570222693,4.359273231221565,799.7344019348171,0.4943820224719101,0.4161073825503356,0.5645161290322581,0.12244897959183673,49.05660377358489,49.038942624651824,49.07749437828163,47.651006711409394,0.48250904704463204,0.5174909529553678,15.075567228888179,15.612494995995993,0.4973872453233156,0.5026127546766844,46.45441556674397,46.697801118010226,0.4959302022084576,0.5040697977915422,34.53465978492094,34.81691133096988,1.1809735054088872,0.5866401471840104,1.3036748453359146,1.2886371156899925,0.7396204002280182,0.21504849595250697,-0.5256336524496426,0.0001555246279205811,0.02359957093796578,0.7543645869114731,0.38985072820260624,0.7572384993515147,0.8199616553190687,0.26553491691308295,-0.3403936680676982,-0.33910981452635197,3.747960865668465e-05,0.0051035791366262065,0.4774212845059065,1.9070703157390494,4.12440513742122,1.1171149073431608,1.3378726440494328,1.2125082317602638,1.9360191327266336,1.8539311703833443,1.7889631770840713,3.2123602571668957,0.7979715460020312,89.88385793637434
82,2025-05-23 14:51:05+07:00,667.0224719101124,49.06595987763712,,,,,,,30.346399371297082,30.424892999344657,0.07355968043644746,0.04549531784798181,660.0,44.477999999999994,0.06739090909090908,60.0,1.6168626556745904,630.0,706.0,6.741573033707865,40.44943820224719,580.0,820.0,8.090909090909092,85.9375,,,0.029562780365413203,0.02886410995537654,0.0007605214437938306,0.05918741176458357,1.024205506808171,0.49947749840791167,0.48767312330167106,-3.54515632567956,21.51364815671172,65.86513375747121,0.32663181457930895,4451.634633285698,3.0615511268795634,4.355489622484437,806.5978979090368,0.4943820224719101,0.4161073825503356,0.5483870967741935,0.12244897959183673,48.57142857142856,48.566209613301275,48.57979877528441,48.322147651006716,0.47607361963190187,0.5239263803680981,14.847711791873703,15.576059718800396,0.49203653750514126,0.5079634624948584,46.201306293971896,46.94310536830905,0.4904969661498633,0.5095030338501368,34.31483096799365,34.973338259192545,1.2001064401235768,0.9128676689009299,1.3405181945218305,1.5810703737277407,-0.0488437792557086,-0.8959532311253664,-0.2364873492611158,0.00039797493186460604,0.06433321750002695,0.8237004059511586,0.5003661690958605,0.8580901408411417,1.0738834904990888,-0.21489291274310052,-1.2201160425165498,-0.06872913680819752,8.965739507570083e-05,0.016270207862737043,0.47737678353129365,1.8523840910444898,4.099975274805507,1.1060056720982854,1.2078098174299894,1.2086020728535094,1.9366485021505337,1.8522297412526085,1.7882608094225336,2.807106019039239,0.7979715460020312,89.9519919144277
83,2025-05-23 14:51:06+07:00,666.0674157303371,48.2605447048075,,,,,,,30.494975042207507,30.579596307400372,0.07245594599743366,0.045783616375783875,660.0,44.477999999999994,0.06739090909090908,60.0,1.582573674450004,630.0,700.0,7.303370786516854,40.44943820224719,580.0,820.0,8.090909090909092,85.9375,,,0.019191243682379528,0.02086358723117118,0.0005230188801795103,0.04057784979373022,0.9198439112957003,0.4729487584959421,0.5141619710563092,-3.8697498772156522,21.62303991490991,64.60298630677585,0.33470650740865193,4388.531466242997,2.987692135842085,4.349289326603747,772.0553365626724,0.5,0.4189189189189189,0.5645161290322581,0.12244897959183673,49.28571428571427,49.33533333423355,49.23559346105893,47.2972972972973,0.48420413122721756,0.5157958687727825,15.047273990509195,15.53039541731574,0.4985734163766106,0.5014265836233892,45.615995086485576,45.74633135042843,0.497125658824811,0.5028743411751887,33.96497800879408,34.16079634494322,1.2599478460211893,0.760368186918142,1.381492420707001,1.554983865675871,0.2488771492093278,-0.544452726467985,-0.2718323202446825,0.0003345209423439819,0.046024698913949974,0.5912166111778492,0.8571817377738578,0.7768310812678842,0.795329289573298,0.48627821886390166,0.032645112075654126,-0.4784197358736848,0.0002700755100097757,0.0512247708312833,0.4852534560376567,1.9266787871274256,4.080482962554519,1.122137964122805,1.3455115481286846,1.2381801278302045,1.9748185195528123,1.8604481941001774,1.7866881682835962,2.6286769299499047,0.7979715460020312,90.08097165991903
84,2025-05-23 14:51:07+07:00,665.8426966292135,47.95970504435306,,,,,,,30.448623024166405,30.534949706354425,0.07202858165621705,0.04572945408624384,660.0,44.477999999999994,0.06739090909090908,60.0,1.5751025918738095,630.0,700.0,7.303370786516854,39.8876404494382,580.0,820.0,8.090909090909092,85.9375,,,0.024918342613912483,0.025332485919967618,0.0006174672451045094,0.050868295778984614,0.9836516910593169,0.4898599851306023,0.49800146696546715,-3.675667678450991,21.59147000055339,64.2830656713,0.33588114964767746,4360.423424562039,2.9772435906240946,4.34649877400607,765.5453810221826,0.4943820224719101,0.41216216216216217,0.5409836065573771,0.125,49.88066825775655,49.88858428767291,49.87282293872682,46.62162162162162,0.48811700182815365,0.5118829981718465,15.084986515798352,15.447859516333114,0.506549299165783,0.493450700834217,45.75172146564078,45.15631201760272,0.5046806461992249,0.49531935380077496,34.06447442168595,33.74706564034461,1.2182317276498535,0.6858721655350406,1.3248189266058201,1.4371612359153514,0.34615923108100866,-0.3367031141541439,-0.3362051779402735,0.0001653531850041972,0.031027066936151343,0.5573283357167529,0.6934188654799165,0.7307969152861142,0.642566823268941,0.8203407739477968,0.46508256316387,-0.6272392437089364,0.00023596398538735285,0.03606063624503883,0.4774212845059065,1.916922612182061,4.086681856081262,1.120488411539414,1.324001016797102,1.228263469457311,1.9698569408924747,1.8662505889067094,1.7853450886426199,2.912307699978336,0.8399700484231907,90.1113736078299
85,2025-05-23 14:51:08+07:00,666.0335195530727,47.89289307617651,,,,,,,30.17737823773581,30.259935279309165,0.0719076317785237,0.04530909834385766,660.0,44.477999999999994,0.06739090909090908,60.0,1.587046187342015,630.0,700.0,7.262569832402235,39.10614525139665,580.0,820.0,8.136363636363637,85.9375,,,0.017859791996458988,0.020278384216702316,0.0005769766066260658,0.03871515281978737,0.8807305259434205,0.46131270822030235,0.5237841707895313,-3.8981997771659027,21.397005434265555,63.934173619946286,0.33467243295360405,4297.698311485655,2.9879963257643958,4.340206035715719,764.1403034687298,0.4972067039106145,0.4161073825503356,0.5483870967741935,0.12244897959183673,49.16067146282973,49.23594978146146,49.081543347107846,46.97986577181208,0.4793337446020974,0.5206662553979025,14.815246384172243,15.440792696492144,0.49861525997965783,0.5013847400203421,45.1456425872895,45.2708461578326,0.4966728523067345,0.5033271476932656,33.59777202466717,33.82209034745038,1.2448281325235462,0.6691940688822662,1.3465835155970622,1.5497657289656015,0.24905478008467608,-0.6872176266538119,-0.19637774329364854,0.000334050129030827,0.04031137556834053,0.8226163978225717,0.38440169026312077,0.4382147075594509,0.6304155526910113,0.9955852721592392,-0.7539513152886897,0.0,9.18586318650692e-05,0.01200334071321855,0.48253099729713256,1.9169226121820608,4.090559409780286,1.11691266783502,1.0742333891980835,1.228263469457311,1.9698569408924747,1.8670945237682326,1.7749717403825631,2.4756073129731764,0.8361805337725425,90.08555611474584
86,2025-05-23 14:51:09+07:00,665.586592178771,47.286682914094754,,,,,,,30.0,30.077029274245426,0.07104512541231292,0.045073023333892896,660.0,44.477999999999994,0.06739090909090908,60.0,1.5762227638031585,630.0,700.0,7.262569832402235,39.10614525139665,580.0,820.0,8.136363636363637,85.9375,,,0.022174154703294507,0.02372692101554231,0.0006332523888240828,0.0465343281076609,0.9345567715578998,0.47651176249913446,0.5098799527232493,-3.741144967667427,21.267671357765245,62.4725420545687,0.34043230286976794,4174.062920978777,2.9374415752272167,4.327529101415691,734.0377693648833,0.4972067039106145,0.4161073825503356,0.5483870967741935,0.12244897959183673,48.55072463768116,48.724490665989926,48.35695230122548,46.97986577181208,0.4700374531835206,0.5299625468164794,14.584644815928142,15.486462103223454,0.4752277940389793,0.5247722059610207,43.06655119002333,45.255835859665154,0.4746884933404735,0.5253115066595264,32.15151392866034,33.82248651290684,1.1592452349845292,0.6301026414916278,1.2914515298129312,1.3513963901308599,0.5527700472198998,-0.17070791334572988,-0.4048649277584005,0.00017805694720163714,0.02997911123511716,0.8803083364551522,0.7692517232086056,0.11681735376950675,0.5014432153738095,1.0115214810459203,-1.31547728992432,0.0,0.00025123745487470433,0.04317497465433056,0.47474282672904256,1.916922612182061,4.077439211201533,1.125953743128715,1.1557157666418785,1.228263469457311,1.9698569408924747,1.8747236536104792,1.7727647702526392,2.220157254352964,0.8361805337725425,90.1460466677858
87,2025-05-23 14:51:10+07:00,663.8547486033519,44.35810754362921,,,,,,,29.783865626969803,29.861452437033428,0.06681899562660631,0.044865033638202434,660.0,44.477999999999994,0.06739090909090908,60.0,1.489333456549783,630.0,700.0,6.70391061452514,39.10614525139665,580.0,790.0,7.782608695652174,85.9375,,,0.017132915421805936,0.020465604316611513,0.0005969925233522465,0.0381955122617697,0.8371565851050633,0.44855833597379074,0.5358117512956033,-3.8890096401988177,21.11523551430589,58.80522103908998,0.3590707617656912,3900.8719037845303,2.784966381229731,4.298131799214128,655.0822545385955,0.4972067039106145,0.42,0.5555555555555556,0.125,48.668280871670696,48.73883966440324,48.59639598496037,47.333333333333336,0.4768841038632045,0.5231158961367955,14.584644815928142,15.275252316519465,0.494424916810585,0.505575083189415,41.34910001299914,41.81274864884183,0.4924208705657647,0.5075791294342353,31.003708941768444,31.47728770800113,1.2236397459240076,0.6352522778997631,1.3366358881764118,1.4301662528361634,0.40630112763194326,-0.3223027168243755,-0.35276658122505805,0.00013947198076664453,0.0271718640345633,0.6560878319160126,0.10754971625895449,0.6796733215329249,0.6917661092564329,0.9588849348463717,-0.004921903575514364,-0.38756095186349565,1.878522785995281e-05,0.0013113795723530381,0.4951677421200271,1.9266787871274256,4.024806263265519,1.1630988751470566,1.453754068677683,1.3279813648905434,1.9925753362210377,1.838350920997999,1.78000422134332,2.5292937161206455,0.8361805337725425,90.38121686442818
88,2025-05-23 14:51:11+07:00,663.1843575418994,43.800166499678234,,,,,,,29.70831987277169,29.78780837158128,0.06604523463433917,0.044796472556870796,660.0,44.477999999999994,0.06739090909090908,55.0,1.4743400733281462,630.0,700.0,6.70391061452514,38.547486033519554,580.0,790.0,7.782608695652174,85.9375,,,0.016960063520583598,0.020634277121751574,0.0005507046699286463,0.03814504531226382,0.821936403224186,0.4446203532266051,0.5409425248504699,-3.8808016480485166,21.063161296230533,58.19374616687501,0.36194888082699317,3850.7891685055815,2.7628210859919387,4.292519851523723,643.1156359308193,0.49162011173184356,0.41333333333333333,0.532258064516129,0.1276595744680851,48.90510948905109,48.93442601358131,48.87765475391767,47.333333333333336,0.4793125397835774,0.5206874602164228,14.584644815928142,15.20110016833267,0.5041355975180033,0.4958644024819968,41.31901859281713,40.978662685123226,0.5012595523368905,0.49874044766310965,30.983650219755802,30.905697223884093,1.2851265329959,0.6499887641683113,1.392741864171381,1.578120981889199,0.3297317105240447,-0.6062684230942419,-0.2147964273582195,0.0003394271776470416,0.03916274084491917,0.5016099563872773,1.6650349860442517,0.7010974109943279,1.226201066932743,-1.7267030710658293,-2.5042903202194093,-0.18462905564168156,0.000554782741212644,0.16726206300470028,0.5029559126881162,1.9553888930098569,4.010047863468264,1.171832654820513,1.3038229051209278,1.3300320867392885,2.00266030354448,1.840549659484139,1.781582145325255,2.7691702098768567,0.8779895604611697,90.4725802375537
89,2025-05-23 14:51:12+07:00,662.7222222222222,43.426307650449154,,,,,,,29.700553951533177,29.781283778133716,0.06552716386185639,0.044815992214569306,655.0,37.065,0.05658778625954198,50.0,1.4621379695918917,630.0,692.0000000000002,6.666666666666667,38.88888888888889,580.0,790.0,7.826086956521739,85.9375,,,0.01672395634736241,0.020932157475883877,0.0006156838497710815,0.03827179767301737,0.7989599909436105,0.4369785942705598,0.546934263572406,-3.8664686672879833,21.058547711959275,57.579326334772965,0.365731054050935,3809.2973026391533,2.7342496321374203,4.287814979145956,629.7450073982939,0.5,0.42,0.5396825396825397,0.125,49.152542372881356,49.19945211628313,49.10556136458619,47.333333333333336,0.4819506016466117,0.5180493983533881,14.620671836267313,15.158340308189295,0.4947273457686176,0.5052726542313823,40.499488446313514,40.928843823802275,0.49321973420254805,0.5067802657974518,30.4464497877577,30.86215755299744,1.1846679963594364,0.5623264622655135,1.2886998133281886,1.3528785282932692,0.5826686249255184,-0.1361439465680343,-0.3858692960908937,0.00014010733321122979,0.02270936173359274,0.43474169361072806,1.5232891655214769,0.6740972999252881,0.8118638304047637,-0.5355098928342237,-0.5492144225245619,-0.4095598304000848,0.0002672320975655956,0.11836542966997639,0.5174938520433798,1.927891643552635,3.9999294491822623,1.1787357385665116,1.4502487264298107,1.1620594978058012,1.9377477784428656,1.8285615933044257,1.7813123396650312,2.678705734356667,0.8740495279051288,90.53566937714812
90,2025-05-23 14:51:13+07:00,662.0111731843575,42.68225808644007,,,,,,,29.125840876128763,29.207132016942598,0.06447362191960146,0.04399599592259113,650.0,44.477999999999994,0.0684276923076923,50.0,1.4654429469681682,630.0,690.0,6.145251396648044,39.10614525139665,580.0,790.0,7.782608695652174,85.9375,,,0.016780793670314133,0.021633413377188986,0.0005791823694484549,0.038993389416951574,0.7756886709338424,0.43034970596885397,0.5547969463712304,-3.833516243922903,20.65256110819083,56.781691392291144,0.3637186670877276,3684.105967819742,2.7493777209922627,4.273302223500039,624.4572690968936,0.4972067039106145,0.4161073825503356,0.532258064516129,0.1276595744680851,50.49261083743842,50.472330877838786,50.51226764025045,46.97986577181208,0.5119205298013245,0.4880794701986756,14.77706269597933,14.428863101280022,0.48635668081416566,0.5136433191858344,39.599141255658466,40.69482140498712,0.48934359055755167,0.5106564094424482,29.88689989030726,30.530808862354743,1.2038529785376881,0.7806639812767822,1.3464279306221059,1.4697988782813263,0.22626165899813344,-0.496935953472744,-0.3419666455503093,0.00019437573622151994,0.04110922763669341,0.7115948598686229,0.3572531242834074,0.6342570036246213,0.6340095251143113,1.0025394051389978,0.6929656826326236,-0.5006927259511206,9.17727937691686e-05,0.01106044741759513,0.5203972308021543,1.9547990964725594,3.9851802329565404,1.181835936713678,1.3057688978720472,1.3299899584151957,2.007014126458494,1.8298937738358023,1.7869891718794493,3.1209226945868673,0.9197985871497968,90.63291139240506
91,2025-05-23 14:51:14+07:00,662.6666666666666,43.10050616042596,,,,,,,29.12120692446366,29.199454147781662,0.06504100527227258,0.043945483286413976,655.0,37.065,0.05658778625954198,52.5,1.4800384569301213,630.0,700.0,6.111111111111111,39.44444444444444,580.0,790.0,7.826086956521739,85.9375,,,0.0167048286226931,0.022117452142925292,0.0006477254219750577,0.03947000618759345,0.755278162907045,0.42322842675266426,0.560361000142874,-3.811388292374179,20.647132034842073,57.23678747042604,0.36073184655079293,3712.657254602922,2.772142270114748,4.276654967804884,634.6740718093687,0.5,0.4161073825503356,0.532258064516129,0.1276595744680851,50.98039215686274,50.930123017786435,51.03088785831933,46.308724832214764,0.5151515151515154,0.48484848484848475,14.82102969932638,14.378510807232708,0.4942360208150287,0.5057639791849714,40.23856156575489,40.705134848734644,0.49664481778644237,0.5033551822135578,30.321648687277555,30.52580528083886,1.3016564705994353,0.7221130926789789,1.3039513880556948,1.6427478840820025,0.14756072072931659,-0.8125090135568387,-0.030826266050098708,0.0004236010474123677,0.04820248328435875,0.8724850157463949,0.1699325936124092,0.959916708664426,0.8749504118582214,1.264040051290512,0.15014048653046164,-1.0,4.512482413701698e-06,0.0010594290107109727,0.506826016820562,1.936941479072553,3.999300927301959,1.1736402663192333,1.0938904795609077,1.1901842778705873,1.9947844918322406,1.8353165773858247,1.7891757962976356,2.9794274772254568,0.8740495279051288,90.54325955734407
92,2025-05-23 14:51:15+07:00,662.68156424581,43.116829085037985,,,,,,,29.0098782091181,29.091493389329557,0.06506417472788568,0.04377649805624802,650.0,44.477999999999994,0.0684276923076923,60.0,1.4862809410722009,630.0,700.0,6.145251396648044,39.66480446927375,580.0,790.0,7.782608695652174,85.9375,,,0.01705164846063201,0.023208734983885693,0.000614165431282848,0.040874548875800554,0.7347082239713334,0.4171703157494003,0.5678040644413384,-3.7632265632450883,20.570792250438547,57.35322568668044,0.3586684446105331,3706.455066909254,2.7880902683977924,4.2759288495303975,639.6238815930241,0.5083798882681564,0.42567567567567566,0.5555555555555556,0.1276595744680851,49.75247524752475,49.76629217947017,49.73890228619071,47.2972972972973,0.5026702269692925,0.4973297730307075,14.584644815928142,14.506963066097944,0.48389076834948175,0.5161092316505183,39.89619859855523,41.202983314948696,0.48603128478401375,0.5139687152159864,30.036798489703756,30.88800585545359,1.2378893981166628,0.7654079972570509,1.3683351927333876,1.4556930397709276,0.4312908363968262,-0.1416452802469097,-0.3858676060994929,0.00025798655729709907,0.040653809166294304,0.7400203974213313,0.6706387477977804,0.8228796190241034,0.9927542229098942,-0.04678638222907239,-0.842750178799319,-0.2466973024692967,5.266697502195169e-05,0.023319836294275476,0.5018812933526924,1.927891643552635,4.012924021317757,1.1649007698668083,1.2737479260634235,1.1896186631505923,1.9274011083143323,1.833362948492466,1.7863475477585535,2.8480320412862423,0.8361805337725425,90.54122407688418
93,2025-05-23 14:51:16+07:00,662.68156424581,43.116829085037985,,,,,,,28.961423392917347,29.042628305153894,0.06506417472788568,0.043703378750060744,650.0,44.477999999999994,0.0684276923076923,60.0,1.488767609936686,630.0,700.0,6.145251396648044,39.10614525139665,580.0,790.0,7.782608695652174,85.9375,,,0.017395156459196377,0.02408111439114537,0.0006299205354557941,0.04210619138579755,0.7223567886705683,0.4131258583758724,0.5719138587126631,-3.7263273809102926,20.53623941805468,57.0561732560199,0.35993019240714563,3681.064538432488,2.7783165210792333,4.272943541763087,634.0804351470368,0.5083798882681564,0.42567567567567566,0.5555555555555556,0.15217391304347827,49.627791563275444,49.66153280416311,49.59207147486114,47.2972972972973,0.5010046885465506,0.49899531145344933,14.536142370940391,14.506963066097944,0.4782681094947477,0.5217318905052523,39.45829832704081,41.2122506028876,0.4808758798154411,0.5191241201845592,29.73429620735961,30.894186970661156,1.1509254578813692,0.854158054557665,1.3077815993858266,1.3790245881018244,0.29986918100120796,-0.22727118006463787,-0.41659273323496115,0.0001800311177635166,0.045506674727044734,0.5368314446865136,0.886033871385524,0.6856750045846037,0.7492952670392907,0.11942153700275338,-0.3165921928452202,-0.4281965797140445,8.54468024627568e-05,0.04015707668990707,0.5018812933526915,1.927891643552635,4.012924021317757,1.162851491096613,1.52477545588991,1.1896186631505923,1.9354684234565287,1.8344532411381678,1.7875631782415615,2.5702522226204016,0.9197985871497968,90.54122407688418
94,2025-05-23 14:51:17+07:00,662.9444444444445,43.1406329899485,,,,,,,28.96732892849109,29.048583867705172,0.06507428088653926,0.04369495690210673,655.0,37.065,0.05658778625954198,60.0,1.4892858467014929,630.0,700.0,6.111111111111111,39.44444444444444,580.0,790.0,7.826086956521739,85.9375,,,0.017656404885908604,0.024952433720407105,0.0007007731386002294,0.04330961174491594,0.707602516201395,0.4076786693425223,0.5761407852689014,-3.690783917637614,20.540450636720472,57.41264484708229,0.3577687579352885,3704.8224029213657,2.795101522478034,4.275737504117924,641.8966840862814,0.5111111111111111,0.42953020134228187,0.5625,0.14893617021276595,50.0,49.99811414414225,50.00223831972947,46.97986577181208,0.5039946737683091,0.49600532623169113,14.58219631736599,14.46615577551093,0.4882568097122834,0.5117431902877164,40.117301154359126,41.070840464101295,0.49004264787722707,0.5099573521227729,30.183093788971885,30.790287424356798,1.255496653359853,0.9715730781180458,1.2955451184930658,1.7075502175233246,-0.2911065232066896,-1.2236405734155866,-0.07594018575697892,0.0005187256106643647,0.07546884562183025,0.44950999538817293,0.7001395259933882,0.5921027062625497,0.49682465265561737,0.6893844333615551,0.44626436580106676,-0.6360843804265267,8.391933028032655e-05,0.028095538423561384,0.4990813555852549,1.927891643552635,4.017234575415791,1.1654725536002513,1.3325890661308288,1.1896186631505923,1.9523099977027982,1.8363119241883106,1.7857678308314184,2.9710419665530563,0.9156709339958492,90.50532137769211
95,2025-05-23 14:51:18+07:00,662.68156424581,43.116829085037985,,,,,,,28.805820260823616,28.885704541711842,0.06506417472788568,0.04346857044922802,650.0,44.477999999999994,0.0684276923076923,60.0,1.4968096271737685,630.0,700.0,6.145251396648044,39.10614525139665,580.0,790.0,7.782608695652174,85.9375,,,0.01849617779092358,0.026646569485635523,0.000667500552049384,0.04581024782860849,0.6941297941145629,0.40375633548467116,0.5816726769374678,-3.6250948613976557,20.425277560795497,57.568775988098395,0.3547978432791095,3694.0675719799465,2.8185064225808385,4.274474945264611,649.0318594502916,0.5139664804469274,0.43243243243243246,0.578125,0.14893617021276595,50.62344139650873,50.63103759562818,50.61436184955919,46.62162162162162,0.5125253893026405,0.4874746106973595,14.623330944405398,14.26148065624585,0.48841858974401403,0.5115814102559861,40.23306217286995,41.17602065476743,0.4911141279650194,0.5088858720349804,30.269961180315573,30.812777442729082,1.2966582162889126,0.8713982098218329,1.4215807228756927,1.6133879315256103,0.05281448466825722,-0.6524682030836875,-0.2798856980792573,0.00030057309548204837,0.05252340395384231,0.6420562642978894,0.3256825141941013,0.6235239744483128,0.5716850022958316,0.9956489846646386,0.647129667074531,-0.6591702651914126,4.7617201512561515e-05,0.0074423977033117135,0.4989856980030698,1.9740810260220094,4.012924021317757,1.1625463635017363,1.3193045891378956,1.1925054995549282,1.9515110369709052,1.8396888483476779,1.7833773815323577,2.6432130606258593,0.8779895604611697,90.54122407688418
96,2025-05-23 14:51:19+07:00,663.1111111111111,42.992644412955926,,,,,,,28.696056996577735,28.773060688859786,0.06483475196323783,0.04327488488089806,660.0,44.477999999999994,0.06739090909090908,60.0,1.4982073815257333,630.0,700.0,6.111111111111111,38.88888888888889,580.0,790.0,7.826086956521739,85.9375,,,0.018916049757673088,0.027620537368914757,0.0007346614156458987,0.04727124854223374,0.6848545162253779,0.4001597237435531,0.5842988755466789,-3.589195675400435,20.345626328584824,57.30216736112359,0.3550585826948708,3662.621035509699,2.816436635357656,4.270762095319979,645.5516937650569,0.5166666666666667,0.43243243243243246,0.578125,0.125,51.0,51.02271358038421,50.97586250271341,45.94594594594595,0.514246947082768,0.48575305291723214,14.591824708192142,14.181805086293421,0.49306472662123807,0.5069352733787619,40.236761248843735,40.79879199787371,0.49543665187693825,0.5045633481230618,30.26481706628226,30.54230692000345,1.2092715252453352,0.6472889387933303,1.324031185562157,1.3156317206152568,0.6149018118079219,0.19145855251026056,-0.5129763764580286,8.585600999214624e-05,0.02384756788750142,0.699819579661076,0.43397907211135434,0.8062495439200248,0.6713176076588608,0.9739420449564675,0.6029087213596007,-0.8109180717049459,9.3552646913859e-05,0.013884875629522026,0.5024347510231024,2.001480000210124,4.015081155621877,1.1612390977330431,1.3826139397260524,1.186639857714631,1.9664416049947755,1.8325624008732577,1.783077486399653,2.4864128693785346,0.9156709339958492,90.48257372654156
97,2025-05-23 14:51:20+07:00,663.463687150838,42.785886702688344,,,,,,,28.53147286454425,28.61057003681549,0.06448866385804322,0.04300381982783277,660.0,44.477999999999994,0.06739090909090908,60.0,1.4996031542366641,630.0,700.0,5.58659217877095,39.10614525139665,580.0,790.0,7.782608695652174,85.9375,,,0.020385964723466078,0.03055182999055606,0.0006619447498241878,0.05159973946384633,0.6672583845146961,0.3950788305384687,0.5920927180642528,-3.4883306936673586,20.230728086644877,57.138001002043204,0.35406783107307943,3631.503173041073,2.824317580530496,4.267056537925989,645.5034429857589,0.5083798882681564,0.42857142857142855,0.5714285714285714,0.12244897959183673,49.370277078085635,49.35940666510382,49.38342573616787,46.93877551020408,0.48861283643892334,0.5113871635610766,14.14213562373095,14.46796578300851,0.4919885737281498,0.5080114262718503,40.0776779024485,40.72506467099937,0.4916124887726328,0.508387511227367,30.051790845575315,30.56021045702554,1.2051751207871704,0.7903620967507556,1.1800284815514113,1.5489303252430324,0.04485816827980571,-0.8593450946769132,-0.033249576101628035,0.00028625559083964806,0.047918481397975575,0.618224672663445,0.8918504762305139,0.7382291976035921,0.9487291205733295,-0.23554483434136309,-0.94903110767026,-0.2639739748086089,0.00014221229531619287,0.045140133880734894,0.5203806229133798,1.9203768470501488,3.993097903878458,1.1630995956655348,1.3919309380649176,1.1815709106421326,1.9672754550177705,1.802840734605842,1.7798712992948158,3.247255376477003,0.8779895604611697,90.43448972718086
98,2025-05-23 14:51:21+07:00,663.0555555555555,42.78172771109901,,,,,,,28.549672482931946,28.629262556585832,0.06452208620023311,0.043057738139319235,655.0,37.065,0.05658778625954198,60.0,1.498501523499981,630.0,700.0,5.555555555555555,39.44444444444444,580.0,790.0,7.5,85.9375,,,0.021174126114220995,0.03153240164450611,0.0007783429146981945,0.0534848706734253,0.6715037551828902,0.3958900124019867,0.5895574065615797,-3.456739638186222,20.243945694131956,57.17267777355616,0.3540842668645355,3636.081172067958,2.824186482091217,4.267603679832872,645.865214852137,0.5055555555555555,0.42953020134228187,0.578125,0.12244897959183673,49.625935162094756,49.62529738534368,49.62833851978331,46.97986577181208,0.4914324880054833,0.5085675119945168,14.191705125953767,14.436999906217869,0.49017846961603706,0.5098215303839629,40.02816205357664,40.822314074676,0.4903181813695913,0.5096818186304088,30.030469957773015,30.61770968494888,1.309150156726096,0.8130164065778098,1.4218947255667866,1.619219385202452,0.03368986689426379,-0.7216162599392746,-0.25729313942598736,0.00024903082147236823,0.04511230728607372,0.6877680867393071,0.12680167239704998,0.6667370571681303,0.6471956267287859,0.8582605133399235,0.16631385558612122,-0.6541101948415543,1.5055105327005387e-05,0.0009457028587011378,0.5315150827040451,2.03688192726104,3.9892911784834504,1.1554684401479036,1.2933860259092564,1.1659678818717962,1.9306528681054747,1.8174129519198021,1.774187032404914,3.2598012608572304,0.8740495279051288,90.49015500628404
99,2025-05-23 14:51:22+07:00,663.2960893854748,42.85822638526753,,,,,,,28.50192187488061,28.578768633930903,0.0646140193966385,0.04297013404871245,660.0,44.477999999999994,0.06739090909090908,60.0,1.5036960164794873,630.0,700.0,5.58659217877095,39.66480446927375,580.0,790.0,7.458333333333333,85.9375,,,0.02240974522704628,0.034688672747800256,0.0006836894048973176,0.057782107379743854,0.6460248678285729,0.387831912736749,0.6003358880600597,-3.3613420791014,20.208241099013943,57.147596406384224,0.3536148914349858,3628.075835956124,2.8279352035824994,4.266646466297218,646.4387987109546,0.5027932960893855,0.42567567567567566,0.5714285714285714,0.125,51.005025125628144,51.029551327100776,50.97919812184273,45.94594594594595,0.5069156293222684,0.49308437067773175,14.389654161676553,14.191984687792297,0.4940664030575348,0.5059335969424655,40.168963929145995,40.64851918441737,0.4954948521025797,0.5045051478974202,30.171243014116,30.444330681298265,1.291193219305356,0.725322343772318,1.4014206372897653,1.5312867020127083,0.31809579786121756,-0.3730813772297159,-0.3209539995038281,0.0002187139733574874,0.03631265726457491,0.8349460741240092,0.11347903061324183,0.7548296833833668,0.8115691986899877,1.0089250463994193,-0.2862368734934957,0.0,3.3437804432135005e-05,0.0022777533424471474,0.5315578833047283,2.028148247292285,3.997688773784983,1.1558107551514405,1.353183426009833,1.188306623157266,1.9609012136803445,1.8165447257429062,1.7744964335034314,2.4844298530274025,0.8779895604611697,90.45734018360989
100,2025-05-23 14:51:23+07:00,664.6368715083798,43.51490747065914,,,,,,,28.61994276017172,28.695146169674377,0.0654717024228628,0.04306102172035588,660.0,44.477999999999994,0.06739090909090908,60.0,1.5204400594125453,630.0,700.0,5.58659217877095,40.22346368715084,580.0,790.0,7.458333333333333,85.9375,,,0.023058770528797377,0.034553867598172174,0.0007638766901452961,0.05837651481711485,0.6673282075670492,0.3950008081338387,0.5919138493694669,-3.365235792973527,20.290532443715932,57.8359283162497,0.35082919967613047,3686.7274026032205,2.850389878958634,4.273611136930019,659.419778851261,0.5027932960893855,0.42567567567567566,0.5714285714285714,0.125,51.25000000000001,51.17518278253883,51.327089492658054,45.94594594594595,0.5109739368998628,0.48902606310013713,14.506963066097946,14.191984687792297,0.5074260844307487,0.4925739155692514,41.19875622458028,40.59134254677937,0.5078150354529356,0.49218496454706456,30.885186512740393,30.406163183872053,1.2836288868499919,1.0132131725543392,1.4435858646284285,1.6741996965198878,-0.1694716231249238,-0.9194005826481035,-0.2723935711277073,0.0003541446919294276,0.07105704694953285,0.45002830496839447,1.3330044548273712,0.6466187921951112,0.7965577936057882,-0.48276137764453875,-0.6540758030860556,-0.38751800425896205,0.0001721197732780911,0.08702974431945124,0.5315578833047283,2.0368819272610397,4.01215956344429,1.1466922806600643,1.340455931867108,1.2073069780060712,2.0262861922532864,1.8080166165773628,1.7835787245819514,2.95213180301733,0.8779895604611697,90.27485920820376
101,2025-05-23 14:51:24+07:00,665.195530726257,44.10585813116451,,,,,,,28.452602021568307,28.530137887043978,0.06630510292666875,0.042773291020918175,660.0,44.477999999999994,0.06739090909090908,60.0,1.550152007107482,630.0,700.0,5.58659217877095,39.10614525139665,580.0,790.0,7.458333333333333,85.9375,,,0.023381675258082893,0.035001671975283276,0.0007483995071445627,0.059131746740510735,0.6680159529120225,0.3954166170786272,0.5919269073663924,-3.352359447911329,20.17385396811603,58.62049910227921,0.34414333342534875,3715.251834008791,2.9057660075723044,4.2769583672006535,681.349814553303,0.4972067039106145,0.4189189189189189,0.5645161290322581,0.125,50.881612090680115,50.799888831131156,50.96894260633952,45.94594594594595,0.5052047189451769,0.494795281054823,14.340492234024753,14.191984687792297,0.5209214484528593,0.4790785515471409,42.30927968060499,40.57447187467339,0.5192568691902217,0.4807431308097783,31.58896060814425,30.39490251084212,1.2469720778733828,0.6641126161714075,1.3583915475060975,1.4297874393102608,0.4317951832502942,-0.19357243906953503,-0.3924942998135485,0.00011956224416305985,0.027353636308494637,0.30627365633459935,1.3146197678546812,0.5137000394014417,0.6269020697935679,-0.2049572162834643,-0.3192088127469389,-0.41388990705893625,0.00028199668940813314,0.09321148650074701,0.5315578833047283,2.0368819272610397,4.015608092260194,1.1361781677668092,1.4636635276789114,1.2073069780060712,2.0262861922532864,1.8049450039243524,1.7825192932838283,3.0793471883052113,0.8361805337725425,90.19904257999497
102,2025-05-23 14:51:25+07:00,664.8314606741573,44.07524022900167,,,,,,,29.265972991534774,29.348778443004385,0.0662953588031291,0.044020138520307506,660.0,44.477999999999994,0.06739090909090908,60.0,1.506023402732945,630.0,700.0,6.179775280898876,39.325842696629216,580.0,790.0,7.416666666666667,85.9375,,,0.024798724477221146,0.03690565418324264,0.0006819415054180884,0.06238632016588187,0.6719491911480935,0.3975026001098105,0.5915664537532024,-3.2993905097759826,20.75272025658996,58.95119986119429,0.3520321945177374,3843.417413693854,2.8406492803021584,4.291687663465845,669.838733834601,0.5,0.42567567567567566,0.5714285714285714,0.125,50.24875621890548,50.253994712156604,50.24250900352934,45.94594594594595,0.48021108179419536,0.5197889182058049,14.381174563233067,14.962073264211625,0.5160477511054911,0.483952248894509,42.34845726493011,41.010390541359904,0.5120962674488553,0.4879037325511446,31.62443686880285,30.86839620646413,1.2439310533485666,0.5148776356446187,1.3464540976380661,1.3123874392747434,0.7802304418358172,0.271791394244282,-0.5661645719388683,7.755232609089113e-05,0.016450289963410733,0.6270640604168302,0.33663162429171034,0.32973865236862876,0.49805446451448393,1.0,-0.8829100599663002,0.0,0.00011699798309820575,0.012151002169647243,0.5267251585700423,2.0281482472922856,4.005421118124116,1.1428307314354893,1.5135060322326706,1.2067611230080242,2.0286522825806794,1.800856499379515,1.792037590156605,2.8459851974526686,0.7979715460020312,90.24843670779113
103,2025-05-23 14:51:26+07:00,665.195530726257,44.02936688680298,,,,,,,29.19327304382357,29.272967409558717,0.06619011230988271,0.043886754638821024,660.0,44.477999999999994,0.06739090909090908,60.0,1.508202482835966,630.0,700.0,6.145251396648044,39.10614525139665,580.0,790.0,7.782608695652174,85.9375,,,0.024460624619346897,0.039273762228925715,0.0006278306594268426,0.06436221750769945,0.6228235654319687,0.3800463310081066,0.6101990228075581,-3.2371986108322837,20.69911376075177,58.79372328787458,0.3520633258656148,3823.249039934622,2.840398094693077,4.28940269810552,667.9903184271636,0.4972067039106145,0.4228187919463087,0.5714285714285714,0.125,50.86848635235732,50.87609181370225,50.85821759051461,44.966442953020135,0.48319050758075155,0.5168094924192485,14.389654161676553,14.881832096676547,0.5185746188631576,0.4814253811368424,42.338609676103395,40.793921468102674,0.5146718435850641,0.48532815641493576,31.61977242326462,30.70515392649417,1.235619772521753,1.0435519647346903,1.39646080023978,1.5596440285608728,-0.028297451859135236,-0.5430004550534546,-0.3436271179245204,0.0003035746867162485,0.06814935730411438,0.8049761389592883,0.35891915788142503,0.8464824894224003,0.9036990099766549,0.46488865136268576,-0.3254121461433339,-0.3405866076027155,3.3006310608643143e-06,0.005166075340745256,0.5348863642755513,2.0455399900041544,4.012603517994637,1.143967506883123,1.2885815618776066,1.207848106927516,2.0341163912498814,1.7927076330610139,1.7989376821903722,2.6499380788854396,0.7943715070839155,90.19904257999497
104,2025-05-23 14:51:27+07:00,666.0112359550562,44.345075811709584,,,,,,,29.39118588811286,29.47015413247239,0.06658307460551924,0.04413016523057013,660.0,44.477999999999994,0.06739090909090908,57.5,1.508788246262794,630.0,700.0,6.179775280898876,39.8876404494382,580.0,790.0,7.739130434782608,85.9375,,,0.02533156221091139,0.03732398132093053,0.0006331207688814275,0.06328866430072336,0.6786940008649603,0.4002543344973369,0.5897419661691918,-3.288119228067819,20.83854582968398,59.06207071570131,0.35282450440980173,3866.5706621959525,2.834270260430979,4.294296061349352,669.5914821959346,0.4943820224719101,0.4228187919463087,0.5555555555555556,0.1276595744680851,51.11111111111111,51.07332237763955,51.14735019342823,44.966442953020135,0.487246566383257,0.512753433616743,14.548117653934726,14.92405014489273,0.5228305264424709,0.47716947355752903,42.706023787752095,40.79857509112854,0.5188901868670349,0.4811098131329651,31.901819658389197,30.718487936369254,1.2996975194901834,0.7608375681733861,1.427629826314208,1.547784776743395,0.2983776815342605,-0.4010357406243701,-0.3420754239072944,0.00020095109860672128,0.03959916125815636,0.5216636487288827,2.170975158175441,0.8109556230766783,1.3529403226692054,-2.0781164006300337,-2.5019645030081286,-0.2503496539094308,0.0008542818113700929,0.27313384071304475,0.527160741290654,2.097141118779237,4.023204791371126,1.141505891841396,1.3846397492025757,1.3563470579095305,2.0839301553775074,1.7930730871676352,1.8034705187332047,2.857667196644585,0.7979715460020312,90.08857022353436
105,2025-05-23 14:51:28+07:00,666.4606741573034,44.586627718345746,,,,,,,29.2466618888108,29.32875571276358,0.06690061311527895,0.04388355235782114,660.0,44.477999999999994,0.06739090909090908,57.5,1.5245031343356048,630.0,700.0,6.179775280898876,39.325842696629216,580.0,790.0,8.090909090909092,85.9375,,,0.025004144473998076,0.03667713055757037,0.0006059230226959742,0.062287198054264414,0.6817366597081592,0.4014331235804594,0.5888389862330516,-3.305601863727799,20.738562048258824,59.51640738331872,0.3484511743911383,3877.619769232472,2.8698425302980746,4.295535330841618,683.2108686367776,0.5,0.42953020134228187,0.578125,0.125,50.49751243781094,50.47129957254436,50.523401498064125,45.63758389261745,0.48150594451783363,0.5184940554821665,14.391048354003702,14.933565000908644,0.5151365655384093,0.48486343446159086,42.71671988754807,41.4425456489573,0.511495116242494,0.4885048837575059,31.873346472236932,31.148803777210073,1.2265516243004826,0.6983773484968872,1.3407389276030588,1.3905643880495813,0.45370123291966635,-0.06639456617971717,-0.4286553887325219,0.00011263689240465341,0.028567037862450507,0.3648888649778623,1.546035526925294,0.6078799734750246,0.7746752591635506,-0.4825181807713106,-0.5338696130536104,-0.3921141960946763,0.00043633195996822783,0.13256875665008538,0.527160741290654,2.0883304890970815,4.032114419650306,1.131187565415208,1.518376565612099,1.355717727217948,2.083300824685925,1.7896965848683921,1.7954827649744785,3.2810427060149268,0.7979715460020312,90.02781758408497
106,2025-05-23 14:51:29+07:00,666.629213483146,44.6946658232301,,,,,,,28.955449903188264,29.035603244605067,0.06704576535087611,0.043435615057875535,660.0,44.477999999999994,0.06739090909090908,57.5,1.5435666160486357,630.0,706.0,5.617977528089887,39.325842696629216,580.0,780.0,8.090909090909092,85.9375,,,0.02310326957382376,0.03784375648496045,0.0004464516799908032,0.061393477738775015,0.6104909163287018,0.3763147230741117,0.6164133044552877,-3.2742892668673207,20.531271950102358,59.21720137662983,0.346711284437786,3819.562377291552,2.8842441676554094,4.288983716848676,683.1874707816819,0.5056179775280899,0.43624161073825507,0.5846153846153846,0.1276595744680851,49.246231155778894,49.33069259083718,49.15452170723232,46.308724832214764,0.4622641509433962,0.5377358490566038,13.960170616305648,15.056710977319895,0.4961070736283764,0.5038929263716235,41.70955806896104,42.03557665326236,0.4924749718743112,0.5075250281256888,31.101234685655136,31.572885915187108,1.1828840870310575,0.7805361370907367,1.340083463304712,1.3437336130284754,0.5210926838862644,0.07574718293204619,-0.4953235352595353,0.0001607067904962808,0.03878849306551759,0.684265176062143,0.6449527322247011,0.06341941008010243,0.38589577619245297,1.0,-1.6160349381142058,0.0,0.0002634623784629135,0.0346971577448791,0.5193285697589038,2.088330489097082,4.052523004261211,1.1324596828858915,1.8300834525230714,1.355717727217948,2.083300824685925,1.7975475934800111,1.790751831754588,2.3684811366990908,0.8399700484231907,90.00505646384629
107,2025-05-23 14:51:30+07:00,666.0674157303371,43.88268843970534,,,,,,,29.10142016065937,29.17952244376568,0.06588325356163588,0.043691403412595885,660.0,44.477999999999994,0.06739090909090908,57.5,1.5079225755115542,630.0,700.0,5.617977528089887,39.8876404494382,580.0,770.0,8.090909090909092,85.9375,,,0.028101734222212304,0.04056018482676302,0.0006354550385121324,0.06929737408748746,0.6928403887269716,0.4055237964245811,0.5853062307318609,-3.2049683628367363,20.633038191771767,58.17826442905805,0.35465200611014225,3771.1500773263742,2.8196654263092924,4.283443925967988,656.1729630931789,0.5056179775280899,0.43624161073825507,0.6,0.1276595744680851,48.877805486284295,48.966806111008246,48.78455102638636,46.308724832214764,0.45763842561707807,0.5423615743829218,13.960170616305648,15.19756260361868,0.5134037706809611,0.48659622931903884,41.6860061496476,40.583091839692834,0.5071716730485266,0.4928283269514734,31.085442512089333,30.642725501820593,1.2764198373845164,0.9860468403111335,1.2623769823358577,1.7162160389427643,-0.2768696897851388,-1.1704152525905012,-0.03973884601292986,0.0004452838987466354,0.07426680748985645,0.9019252707268209,0.6539874095447726,0.3025318522273177,0.629525556999704,1.163350668524914,-1.1243377341697527,0.0,8.642212351962643e-05,0.0229462248338262,0.5193285697589038,2.088330489097082,4.021220859740391,1.1464029379420904,1.2077290354725734,1.355717727217948,2.083300824685925,1.7679025667290935,1.795559774453999,2.433971279528743,0.8399700484231907,90.08097165991903
108,2025-05-23 14:51:31+07:00,665.6424581005587,43.13560518148823,,,,,,,29.125840876128763,29.20452377153492,0.06480296540064115,0.04375598419493956,660.0,44.477999999999994,0.06739090909090908,55.0,1.4810080630785059,630.0,700.0,5.58659217877095,39.66480446927375,580.0,770.0,8.136363636363637,85.9375,,,0.029349810201605937,0.04207008406103753,0.0007362794493148202,0.07215617371195829,0.6976408737150053,0.40675397116770695,0.5830420585905506,-3.1684183832586346,20.650716800176063,57.30915712947299,0.36033886789718284,3717.996912148071,2.7751655152708494,4.277279134709771,636.169586299808,0.5139664804469274,0.4466666666666667,0.6119402985074627,0.125,49.00990099009901,49.056986555700604,48.96325506569432,46.0,0.4569536423841059,0.5430463576158941,13.961205328956668,15.219672075281254,0.5278433677695993,0.47215663223040083,41.636724388097555,39.37921625832878,0.5196948516677372,0.4803051483322628,31.052633318349073,29.852647212595084,1.222822879899958,0.5820870864900689,1.3250216118033808,1.4279969495985756,0.42639122585820743,-0.3801377214345809,-0.3230929010706517,0.00012633932993700255,0.023830755529301636,0.7903433073646651,0.26782195209596193,0.9474920225408736,0.8485336913992801,0.9145443355907563,0.06674765322658871,-0.8694929798216697,5.515739656183937e-05,0.0063810144742502285,0.5349303652392132,2.1058747987479913,4.0077400486191745,1.1657164497993184,1.5320847834660685,1.356970892193013,2.0845539896609897,1.7637229158651861,1.7955214403835227,2.6533008680566246,0.8779895604611697,90.13848090642048
109,2025-05-23 14:51:32+07:00,664.6067415730337,42.746293453490615,,,,,,,29.35271573302809,29.429387602330035,0.06431817611767819,0.044165540156204566,660.0,44.477999999999994,0.06739090909090908,60.0,1.4562977355240723,630.0,700.0,5.617977528089887,40.44943820224719,580.0,770.0,8.090909090909092,85.9375,,,0.03228938272788292,0.045885563125630836,0.0007241861060845267,0.07889913195959829,0.7036937225653587,0.40924889698935185,0.5815724709002801,-3.0816047402435705,20.809719539774875,56.62514718101579,0.3674996106103114,3701.906484472294,2.721091318543949,4.275395553608653,616.3287856221417,0.5056179775280899,0.43999999999999995,0.6060606060606061,0.1276595744680851,48.64864864864865,48.66343197281163,48.635527835918765,46.0,0.4524590163934427,0.5475409836065575,14.000811664783125,15.401815123254435,0.535579149213154,0.4644208507868462,41.44013622276486,38.58914877410995,0.5256850953152287,0.47431490468477133,30.9298207029562,29.379740572385085,1.154635785478954,0.771039729583824,1.2974450572105796,1.2828656823503708,0.5785958925173951,0.24531708354348591,-0.5189087206544831,0.0001389083903442106,0.03537453872000496,0.3885080694107422,1.823018359042174,0.6303206810231446,0.9629647307251878,-1.333653275470505,-1.4585918634111752,-0.3175311575705597,0.0004183442005849705,0.17075036438854108,0.537949117024465,2.1058747987479913,3.9966924457006456,1.1709451317922235,1.3034720143030032,1.356970892193013,2.0845539896609897,1.7639338191160518,1.793812826247973,2.76004388825377,0.8819685508443503,90.27895181741336
110,2025-05-23 14:51:33+07:00,664.1899441340782,42.39710226340876,,,,,,,29.222124910239895,29.30455702014437,0.06383279758726695,0.04399663856449609,660.0,44.477999999999994,0.06739090909090908,60.0,1.4508562397032307,630.0,700.0,5.58659217877095,40.22346368715084,580.0,770.0,8.136363636363637,85.9375,,,0.03357774369639115,0.04738826541828561,0.0008620965563225618,0.08182810567099934,0.7085666335327517,0.41034487381872053,0.5791196683547383,-3.0493806459454547,20.721450988611927,56.419151672343524,0.3672768975498352,3672.7941447677927,2.722741361275825,4.271966697360503,614.4590313055354,0.5083798882681564,0.44370860927152317,0.6119402985074627,0.125,49.99999999999999,50.00301834366391,49.99677154839729,45.033112582781456,0.46710526315789486,0.5328947368421052,14.162096304975913,15.12658452268832,0.5404508173845446,0.45954918261545535,41.476742529616686,38.24657506965544,0.5317330282489962,0.46826697175100396,30.991007910517578,29.08276176604298,1.2376445502250664,0.907818013538789,1.3833090568927664,1.5668005721093674,-0.007459567363577335,-0.7431296059414931,-0.29787632269894276,0.00024312171335776243,0.05471025366308685,0.5496269144121295,0.7068191124521996,0.6493128178130021,0.64810979150651,0.2775262620760941,-0.029927469303117293,-0.5017020285463396,9.314536633588194e-06,0.01950930052983737,0.5411104405959977,2.0149030205422647,3.9851206545941444,1.178783217689365,1.283955271510756,1.3504729080354612,2.109933655691182,1.7545185609336604,1.786037257619889,3.5176012377646138,0.8779895604611697,90.33560434014635
111,2025-05-23 14:51:34+07:00,664.1340782122905,42.382738571031076,,,,,,,29.077579300511385,29.15911383921458,0.06381653940288158,0.043782694269780764,660.0,44.477999999999994,0.06739090909090908,60.0,1.4575745158499385,630.0,700.0,5.58659217877095,39.66480446927375,580.0,770.0,8.136363636363637,85.9375,,,0.033028828474867246,0.04639793467535294,0.0008634387446286043,0.08029020189484878,0.7118598857033285,0.4113681083791906,0.5778779176083965,-3.070500332047634,20.61860712909913,56.43755892588601,0.3653348500805209,3655.757817544916,2.7372149133311456,4.269947527333308,617.9269118557619,0.5027932960893855,0.43708609271523174,0.5909090909090909,0.1276595744680851,50.37037037037037,50.374837046540414,50.364403916727554,44.370860927152314,0.46777408637873746,0.5322259136212625,14.102129502212604,15.042313201122955,0.5407680950015064,0.45923190499849365,41.50245156329593,38.245843849353484,0.5321725694925808,0.46782743050741926,30.994544215562353,29.06041773779076,1.2171456070169118,0.7289763485621732,1.3465042299790229,1.512495823451856,0.19446248859135906,-0.668519676960571,-0.2722949533270407,0.00023141003972805213,0.03991002473875638,0.671014940541753,0.4687172583303699,0.2457100824667866,0.48006871163197157,1.0,-1.1041850777207722,0.0,0.0002737166209338186,0.030766155736537685,0.5420970580040985,1.9625772015405252,3.9860430257014667,1.1748101443789383,1.34866736283598,1.3467353495353367,2.1061960971910576,1.7366814315659975,1.7829464847678185,3.116294074467878,0.8361805337725425,90.34320323014805
112,2025-05-23 14:51:35+07:00,664.804469273743,42.73436085740495,,,,,,,29.24134367253463,29.323829996262724,0.06428109742416374,0.043984878297342,660.0,44.477999999999994,0.06739090909090908,60.0,1.4614362915731482,630.0,700.0,5.58659217877095,40.22346368715084,580.0,770.0,8.523809523809524,85.9375,,,0.030436352267546048,0.042326316214924,0.0008431341610496985,0.07360580264351974,0.7190881463200518,0.41350479411184937,0.575040481793461,-3.1623462536337303,20.735079040718862,56.82488433081329,0.364894346638824,3701.6395632738636,2.7405193015769296,4.2753642382354835,622.918769273881,0.5083798882681564,0.44370860927152317,0.6119402985074627,0.125,50.0,50.00296101888688,49.996867136860644,45.033112582781456,0.4678055190538766,0.5321944809461236,14.182028892327953,15.12658452268832,0.5382991391492438,0.46170086085075623,41.69177669893342,38.6116981612643,0.5300159516706017,0.46998404832939816,31.13947806094823,29.323001161363198,1.194252332237783,0.7932849580265628,1.3257053594692725,1.3623131781961364,0.3849589059876539,-0.011172395384201117,-0.4538528767544864,0.00011872020539005821,0.034877069202148406,0.8274198319568,0.5958233103231478,0.2361541350934946,0.5340657902550685,1.0,-1.427147523188835,0.0,0.00019681331493400542,0.02737783270506693,0.5391134607271528,1.9379419794061366,3.9981301624179646,1.1742398140658596,1.2334458417695027,1.3137343763879048,2.05595065326713,1.7283486636069019,1.7868941568601007,3.1301869491493375,0.7943715070839155,90.25210084033613
113,2025-05-23 14:51:36+07:00,664.4692737430167,42.692036794340964,,,,,,,29.575650476762053,29.656457829915965,0.06424982836881649,0.044510185264338385,660.0,44.477999999999994,0.06739090909090908,60.0,1.4434859793830948,630.0,700.0,6.145251396648044,40.78212290502793,580.0,770.0,8.523809523809524,85.9375,,,0.030210137955261517,0.04181213949753879,0.0008690823908572599,0.07289135984365756,0.7225207396296903,0.4144543059706708,0.5736227117620026,-3.174568563013339,20.97028243750646,56.66464554033579,0.370077007233357,3733.0716788228456,2.7021403125686128,4.27903643886971,612.4632920478105,0.5083798882681564,0.44370860927152317,0.6119402985074627,0.125,49.152542372881356,49.16448118957259,49.14273353977172,45.6953642384106,0.45664739884393074,0.5433526011560693,14.172066102975904,15.459076649252294,0.5354461499804443,0.46455385001955557,41.46389313570375,38.6215952576125,0.5259526348969041,0.47404736510309603,30.98468889303376,29.416072741702738,1.2414625012773146,0.8141243525947539,1.3784636510259447,1.420637373762467,0.41321320254967997,-0.007176891440405342,-0.4481974435451939,0.00015296928680802484,0.039050196648797,0.6674375370585142,0.9788039831620037,0.649505080929345,1.096260801828516,-0.5069677143973257,-1.393934236748432,-0.04356977639594714,0.00023480814891298205,0.06069546712937893,0.5391134607271537,1.9459101490553135,3.9923063819055344,1.1742162670312177,1.332742212520498,1.314303531362846,2.0610553365727253,1.7278190284779327,1.790761693637407,3.00692143420009,0.7943715070839155,90.29762905666722
114,2025-05-23 14:51:37+07:00,663.463687150838,41.99067004226302,,,,,,,29.308510095959225,29.38681190641009,0.0632900803095746,0.044175002586533355,660.0,44.477999999999994,0.06739090909090908,60.0,1.432712543380098,630.0,700.0,6.145251396648044,40.22346368715084,580.0,770.0,8.136363636363637,85.9375,,,0.03157667156791968,0.04327747850250877,0.0009966154265142336,0.07585076549694268,0.7296328866777484,0.41629997220255394,0.5705608667094224,-3.1401229062494895,20.779613976476146,55.50002673592774,0.3744072786729765,3623.101830367881,2.670888246468742,4.266050650384783,592.9374763507614,0.5083798882681564,0.43999999999999995,0.6060606060606061,0.10204081632653061,48.8943488943489,48.94202610711607,48.847111919400035,45.33333333333333,0.4493132766514062,0.5506867233485939,13.930821821061722,15.422487067416613,0.5410763770651448,0.45892362293485545,40.82465083991728,37.59788360383514,0.5297915139778139,0.4702084860221861,30.501802510764247,28.735465533310645,1.2668835433051022,1.0579009980693925,1.4063945980331212,1.7138399241860327,-0.4520559056415916,-1.2771032734020862,-0.20938176000024455,0.0003791110294348151,0.07682217353196796,0.39710401787769944,1.0949473204169609,0.5888383295280467,0.5421309577758451,0.21591132086495968,0.2743009374066234,-0.542657186223731,0.00011190878218886705,0.05880647169125111,0.5575687893241783,1.8718021769015911,3.960906002401384,1.1832100450671634,1.2710048038706097,1.318229893514376,2.0671278846812,1.709043805399119,1.7932299469753568,2.6633904797229735,0.7943715070839155,90.43448972718086
115,2025-05-23 14:51:38+07:00,663.0167597765363,41.59535881363721,,,,,,,29.318092738064543,29.397340759844194,0.0627365118608111,0.0442192332331779,660.0,44.477999999999994,0.06739090909090908,55.0,1.4187607354018883,630.0,700.0,6.145251396648044,40.22346368715084,580.0,770.0,8.136363636363637,85.9375,,,0.031514526477818244,0.04298740619599903,0.0009245151100642913,0.07542644778388156,0.733110677441883,0.41781798565029094,0.5699248401458636,-3.146848085348866,20.78705900013752,54.9005784105018,0.37863096531895946,3585.2532770592024,2.6410940773362213,4.261489951400421,579.9903699292365,0.5027932960893855,0.43708609271523174,0.6060606060606061,0.10204081632653061,49.019607843137265,49.06941998425568,48.96983637514194,45.033112582781456,0.44967320261437904,0.550326797385621,13.940957014705829,15.422487067416613,0.5417387213723718,0.4582612786276283,40.40841904016459,37.16494558696568,0.5301926296181406,0.46980737038185916,30.225739129187655,28.452471666155407,1.2031426524225262,0.6465003639803228,1.3242832675095872,1.3811074658870304,0.509147711722715,-0.13669389106955343,-0.412104924384586,0.00014050694626106987,0.027996254944357243,0.5460795706077521,0.9843408113429435,0.6996390713384737,0.6622644793451165,0.19797918201095044,0.20368236158218145,-0.5379691582048364,4.199626347251685e-05,0.04232419397848814,0.5682965562055511,1.9095425048844388,3.953329679891849,1.1909735532807482,1.2852750828260484,1.3209256312274367,2.0698236223942605,1.7088637045133053,1.7968312261299098,2.6667541324887862,0.7943715070839155,90.49544994944388
116,2025-05-23 14:51:39+07:00,662.6666666666666,41.083101502324276,,,,,,,29.236083926407712,29.314666901776516,0.06199663204576098,0.04411883892315047,660.0,37.065,0.05615909090909091,50.0,1.4052190302140861,630.0,692.0000000000002,6.111111111111111,40.0,580.0,770.0,8.181818181818182,85.9375,,,0.03043911240404725,0.04131436294497375,0.0010999771022305875,0.07285345245125159,0.7367682867236474,0.4178129022013743,0.567088608087838,-3.1865450684087504,20.72859975447101,54.051269783767225,0.38349884910004944,3519.8628324152196,2.6075697550245165,4.253495849495069,563.7698252352878,0.5,0.4304635761589404,0.5846153846153846,0.10204081632653061,49.019607843137265,49.08285656618078,48.95487979188224,45.033112582781456,0.4496732026143792,0.5503267973856208,13.901741868064308,15.379104458081562,0.5294012147185005,0.4705987852814994,39.32768364098223,37.07928080036619,0.5191768316551835,0.4808231683448166,29.495127797074158,28.384766324606137,1.248503008889493,0.8995330093560403,1.373861046970633,1.5632701324075922,0.011635652314987865,-0.6579571407084206,-0.2894362036001838,0.00027440632860850194,0.05324071855000076,0.8064268918685021,0.6614368041161849,0.8613970581290555,0.9477204194218916,0.01221299391889108,-0.44224265760158277,-0.3694911429850328,1.1960595648309589e-05,0.015194256442847952,0.5679625689998762,1.836211231798889,3.936655021963027,1.189738587919362,1.2638084664809115,1.3141114660949647,2.0747005746350116,1.712701182693004,1.7958657818801298,2.581646969793777,0.790806715723688,90.54325955734407
117,2025-05-23 14:51:40+07:00,661.8994413407821,40.443759670873334,,,,,,,29.19327304382357,29.275135881925884,0.061102574114503094,0.044105299416310084,660.0,29.651999999999997,0.044927272727272725,50.0,1.3853794197780105,630.0,690.0,6.145251396648044,39.66480446927375,580.0,770.0,8.136363636363637,70.3125,,,0.029607170118440218,0.03986555301537259,0.0010389200097685005,0.07051164314358131,0.742675515049882,0.41989051450909726,0.5653754647894851,-3.2222426609208967,20.70064710226741,53.41105454673284,0.3875723345652173,3473.4811563266317,2.580163522563628,4.247735057126229,551.2370185725451,0.5027932960893855,0.43624161073825507,0.6,0.10204081632653061,49.627791563275444,49.64233290705934,49.6139592606197,44.29530201342282,0.4535266974291364,0.5464733025708635,13.940957014705829,15.302966737219679,0.5448280599514548,0.45517194004854544,39.424018150933136,36.03453261288351,0.5329041862158094,0.46709581378419074,29.568593893276198,27.682741298410253,1.215043668745044,1.0076225399506917,1.386439433844322,1.5158336662615408,0.09115273644882294,-0.43010928453085295,-0.3715846189550794,0.0002797580757443545,0.06484013969215709,0.8631697592135847,0.19611292838057315,0.9250497853247186,0.8537420191063652,0.9921739110890351,0.254568450683081,-0.8636056368500852,3.0537010783593686e-05,0.003372311190383406,0.5837848954144071,1.8505999692509885,3.9180237628485965,1.1954047407744168,1.4610780264770673,1.3253761103702522,2.069878150298969,1.7058234822921987,1.7907451460997184,3.107043769421295,0.8361805337725425,90.64821066846724
118,2025-05-23 14:51:41+07:00,661.1666666666666,40.55859958134649,,,,,,,29.111613378848535,29.191929152386255,0.06134398726697226,0.044030673121525386,660.0,29.651999999999997,0.044927272727272725,50.0,1.3932102990490707,630.0,690.0,6.111111111111111,40.0,580.0,770.0,8.181818181818182,70.3125,,,0.023406381308594883,0.04662420444969993,0.0007657006481305655,0.0707962864064254,0.5020221060039025,0.33061594748380113,0.6585685043144914,-3.065635463904748,20.641811059569584,53.484184872828436,0.38594233246052967,3468.3510840834,2.5910606738178172,4.247093162480714,554.3230723807502,0.5,0.43333333333333335,0.6,0.10204081632653061,49.38271604938272,49.3467328173264,49.417751975879526,44.666666666666664,0.45352669742913654,0.5464733025708635,13.901741868064308,15.2599203320111,0.5401197716901059,0.4598802283098941,39.30704708937013,36.27001627549855,0.5288928393804302,0.47110716061957,29.48137020096126,27.824263235207646,1.1699286154769728,0.8760531938301048,1.3275749175215847,1.539041233359387,0.015908491901884148,-0.8533657731610838,-0.25861475384471644,0.0003612470352573639,0.059352320787907135,0.6376717188707174,0.44853132560120823,0.7511384105053525,0.6322513404411993,0.9594082071863186,0.5521631348220448,-0.7650585662100584,0.0001208486257386019,0.015183647521771608,0.6008395272013871,1.8925641683500205,3.915419929256851,1.202076765412807,1.249839463602036,1.100808392705897,1.8925532731480494,1.6989382270476792,1.785568999186507,3.1091878757569003,0.790806715723688,90.74867658179984
119,2025-05-23 14:51:42+07:00,660.7777777777778,40.83562301185062,,,,,,,29.130797310669465,29.212027312435318,0.06179932858696075,0.04408561893324788,660.0,44.477999999999994,0.06739090909090908,50.0,1.4018024490148142,630.0,690.0,6.111111111111111,40.0,580.0,770.0,9.0,70.3125,,,0.02597903861380482,0.03480860854974434,0.0012395968716476292,0.06202724403519679,0.7463394745204669,0.4188327083992842,0.5611825753533803,-3.357890550674056,20.656022604829648,54.010288764722276,0.3824460686520431,3504.8793456993535,2.614747756525691,4.251643182079334,564.8931255074491,0.5,0.43421052631578944,0.6060606060606061,0.10204081632653061,49.63144963144965,49.61809100264589,49.644968133179376,44.07894736842105,0.45424621461487824,0.5457537853851218,13.921933224918911,15.2599203320111,0.5493169370003466,0.4506830629996535,40.03022158391124,36.258690715353346,0.537185431295529,0.4628145687044712,29.96864081649462,27.816881753091742,1.1779949202135493,0.6619424016638162,1.2989767481169543,1.3417426493013653,0.527515369667027,-0.04469197226925914,-0.4353933196046704,0.00013282381083715473,0.028038044869424364,0.6174677065940495,0.3978900611974835,0.5642139522661844,0.4698689518656048,1.0,0.9825351711608281,-0.7371132370500546,9.614757860172277e-05,0.011934742681429219,0.58530669539799,1.8273504143307575,3.9322375967488763,1.1966450966043123,1.3099918747860195,1.096732533079693,1.84008791734185,1.7002796733131134,1.7923478149155136,3.1183952206751777,0.790806715723688,90.80208508491677
120,2025-05-23 14:51:43+07:00,660.6666666666666,40.91959686777509,,,,,,,29.19784181203205,29.27952896900477,0.061936826742343735,0.04419451333809089,660.0,44.477999999999994,0.06739090909090908,50.0,1.4014596397639452,630.0,690.0,6.111111111111111,40.55555555555556,580.0,770.0,9.0,54.6875,,,0.024923953744937975,0.033365490569701235,0.0012561916974785574,0.05954563601211777,0.746997970638894,0.41856893996171024,0.560334775211927,-3.400233129611587,20.70375348393123,54.190217056505894,0.38205703185028317,3524.6812740551195,2.6174102729036286,4.254089961167961,567.3521232583039,0.5111111111111111,0.44370860927152317,0.6119402985074627,0.10204081632653061,49.75490196078431,49.753255264930594,49.75700771397683,44.370860927152314,0.4567496723460027,0.5432503276539975,13.992373524671665,15.2599203320111,0.5472494079314978,0.45275059206850243,40.08792163386792,36.462832634178135,0.5357218603091964,0.4642781396908036,30.023557232422245,27.949985082709897,1.2057185850981986,0.9588160726289408,1.3475112784851133,1.4677777217492403,0.1540277559140959,-0.2686119732596861,-0.37456776466588315,0.00026863381667067564,0.05573543084236824,0.7543463105560217,0.6783401828236553,0.8122255487468946,0.6634058982438216,0.49650469469955194,0.7674500817782026,-0.719387932885823,4.905217298517087e-05,0.016255235936355507,0.574682369507955,1.8577174370198526,3.9421653778124064,1.183973848259592,1.224062018728353,1.297712837097584,2.02913859718839,1.7064183906816082,1.7944143858988733,3.295641666114786,0.8324281218144083,90.81735620585268
121,2025-05-23 14:51:44+07:00,660.0,40.43064272935047,,,,,,,28.500710566463006,28.577142375483042,0.06125854958992495,0.04318289479767122,655.0,37.065,0.05658778625954198,50.0,1.4185836747847789,630.0,690.0,5.555555555555555,40.55555555555556,580.0,770.0,9.0,54.6875,,,0.023306093259336493,0.031154457009083158,0.0013141094992097744,0.05577465976762942,0.7480821525004125,0.41786168407723606,0.5585772667888981,-3.4687979618303975,20.2070911606375,53.32127149504663,0.3789686666139361,3384.964905800582,2.6387405822622334,4.2365242803843834,562.804011967208,0.5166666666666667,0.45033112582781454,0.6323529411764706,0.125,49.004975124378106,49.062491398852885,48.94658790900324,44.370860927152314,0.4298486932599725,0.5701513067400275,13.249973500079498,15.2599203320111,0.557826770395284,0.442173229604716,39.82448545093869,35.456569947140174,0.5417516259850896,0.45824837401491036,29.67786581936811,27.29499515438471,1.3092080820934702,0.8843089195858052,1.28562116329232,1.7033063833432431,-0.20397501596436207,-1.1137468952374028,-0.02767046582933984,0.0003190832323514998,0.057526703049804735,0.6808627456920924,1.7326662197149956,0.9030175392398394,1.3578271264367383,-1.6807194292981809,-2.2890358309323937,-0.2375088277119467,0.0003904971313843863,0.16406690621254452,0.574682369507955,1.8577174370198526,3.933851452612506,1.1853747418185399,1.5055816943971114,1.297712837097584,2.033867443234923,1.7203479141701918,1.794353442517182,2.641877526626773,0.790806715723688,90.9090909090909
122,2025-05-23 14:51:45+07:00,659.3888888888889,40.04416401155396,,,,,,,28.343464066822577,28.420981356768415,0.060729206521861256,0.04298444293561432,650.0,44.477999999999994,0.0684276923076923,50.0,1.4128182750402634,630.0,690.0,5.555555555555555,40.55555555555556,580.0,770.0,9.0,54.6875,,,0.025462007179025633,0.05289233885102722,0.0010226008106865507,0.0793769468407394,0.48139310403232694,0.3207733251584013,0.6663438310010782,-2.9394967738377797,20.096668645347386,53.0192250731324,0.3790449335618716,3347.397754126352,2.6382096460254356,4.231677430374177,559.503324050926,0.5222222222222223,0.45695364238410596,0.6376811594202898,0.125,49.24999999999999,49.25271612241375,49.248734942640816,44.370860927152314,0.4346314325452017,0.5653685674547982,13.249973500079498,15.111941851292766,0.5641414606104281,0.4358585393895719,39.8223958522345,35.003071521559455,0.5478696735895127,0.4521303264104873,29.676463815327395,26.959096817774334,1.2321139959511045,0.5749619670015926,1.3364141389601907,1.442949324359724,0.4590110844666011,-0.37467112348887177,-0.314709160755257,0.00014754469390763325,0.024929922644927285,0.5497427023639389,1.1818718173905263,0.7437624013173835,0.9681804074808954,-0.4756033624925413,-1.1127208206186845,-0.3101164586029236,0.0002442011862358957,0.08148305461761145,0.5824270307432604,1.8577174370198526,3.918673781506437,1.1963898663409192,1.238077365917823,1.297712837097584,2.03840322040384,1.722337579602083,1.795220048447138,3.2546944414344545,0.8740495279051288,90.99334400539219
123,2025-05-23 14:51:46+07:00,658.6740331491712,40.21344219397022,,,,,,,28.30390628713837,28.379357952395477,0.0610521140505671,0.042971037057306205,650.0,44.477999999999994,0.0684276923076923,50.0,1.4207735775412624,620.0,690.0,5.524861878453039,40.331491712707184,580.0,770.0,9.05,54.6875,,,0.02119534833765808,0.028694036981605487,0.0013708111220663774,0.051260196441329946,0.7386673527759621,0.41348550745249874,0.5597722789542439,-3.551065948479646,20.067236453859213,53.17632849168877,0.37737160543145876,3352.3996705985733,2.6499079040583196,4.232325899272179,563.6494927157108,0.5138121546961326,0.4473684210526316,0.6176470588235294,0.1276595744680851,49.004975124378106,48.975289000392706,49.034883779359106,44.73684210526316,0.4334257975034675,0.5665742024965325,13.212910564542248,15.106696875981633,0.5578240421628357,0.4421759578371645,39.71613358553334,35.360297578952306,0.542313581518402,0.45768641848159786,29.596894031050976,27.18973092340979,1.291082419108325,0.9637609468053983,1.4218803815365897,1.5489473139935757,0.030414693731302123,-0.3653404951926893,-0.3681551344467964,0.0001874585174005842,0.050739928636266744,0.5961834988200712,0.2936271497087195,0.368434723430787,0.5152482982851467,1.0169332606276202,-0.8094832304664874,0.0,0.00013193591284553654,0.011616863003324844,0.5993944006014225,1.8856912890622588,3.914705786948669,1.192362605064527,1.329422622857831,1.3052744090188595,2.043178160725446,1.715422821822311,1.7956506425201175,3.464073105858899,0.8701478653521951,91.09209864116758
124,2025-05-23 14:51:47+07:00,657.4585635359116,40.772467509509354,,,,,,,28.36272984824353,28.431148933362014,0.06201526570774112,0.04313995044144604,650.0,44.477999999999994,0.0684276923076923,50.0,1.4375367860450974,620.0,690.0,5.524861878453039,40.88397790055249,580.0,770.0,9.05,54.6875,,,0.01983192675436917,0.02697696161458365,0.0013997013447060052,0.04820858971365882,0.735143083854488,0.4113774510344209,0.5595882761727072,-3.612772050756824,20.103858207704953,53.69841294742915,0.37438458800238045,3391.491520469392,2.671050123445898,4.23736084552531,573.7246101283177,0.5138121546961326,0.4473684210526316,0.6323529411764706,0.1276595744680851,48.25870646766168,48.226056723677125,48.289394076258304,46.05263157894737,0.4309392265193371,0.5690607734806631,13.202336004573342,15.171275416568083,0.5276566889470113,0.4723433110529884,39.00651714634707,36.90543555066594,0.5157590688981395,0.4842409311018607,29.118808834376463,28.21505600694176,1.2302333931146636,0.8963890557181444,1.3638175370094876,1.597531834237311,-0.09679782579161333,-0.9344945502309945,-0.2392713624324846,0.0003018361664578763,0.057351396490333814,0.9614090508918989,0.7608713864935099,0.20053766439838894,0.5809733576451439,1.011293925864455,-1.4908031409218307,0.0,0.00020434584085360914,0.0396392094318409,0.5839911299223122,1.8787708462176849,3.9441153540714264,1.1801521096096492,1.1612370673685828,1.2205814220780744,1.913606078547871,1.7203938633044524,1.7964561518716649,2.8290826411398013,0.8701478653521951,91.26050420168067
125,2025-05-23 14:51:48+07:00,656.3736263736264,40.99633411765193,,,,,,,28.13738984309526,28.199717442606556,0.06245883818359828,0.04286794702363416,650.0,44.477999999999994,0.0684276923076923,50.0,1.4570055838961258,620.0,680.0,5.4945054945054945,40.10989010989011,580.0,770.0,9.1,54.6875,,,0.018680136595372123,0.02585515870675143,0.0014206357736407395,0.04595593107576429,0.7224916623889943,0.4064793413623914,0.5626076569774174,-3.655245134813924,19.94021143121166,53.83180955600197,0.37041688911585974,3372.241048308544,2.699660920933921,4.234888720460374,581.3105302459829,0.5164835164835165,0.4473684210526316,0.6323529411764706,0.1276595744680851,47.86967418546366,47.909104896392805,47.825160876367995,46.05263157894737,0.4249825540823448,0.5750174459176551,13.006408676751112,15.129074290546953,0.5245008302121378,0.4754991697878622,38.986304351916594,37.12050367456499,0.5124817850292993,0.4875182149707007,29.06113034352705,28.344494015084145,1.186607505561717,0.7982461540753971,1.1899430276339524,1.5389414074023795,0.017467223185059666,-0.8889544264208684,-0.06279353431690576,0.00030270668620374305,0.048737587436114,0.967961337637579,0.588511997120654,0.3974314939805814,0.6916874925409084,1.035964306927313,-0.9248717319255746,0.0,0.00011735293644768881,0.023565571204337245,0.5884287635672791,1.8787708462176849,3.9452454206533005,1.1699703368921435,1.2881111730027759,1.2205814220780744,1.9136060785478706,1.720242032670737,1.792220062726086,2.4755839709448635,0.9075356158481941,91.41135107985936
126,2025-05-23 14:51:49+07:00,654.9171270718232,40.47796086940243,,,,,,,27.978166090324393,28.04951505548573,0.061806233485421296,0.042720162496614776,650.0,44.477999999999994,0.0684276923076923,50.0,1.4467696252400477,620.0,680.0,5.524861878453039,39.226519337016576,580.0,770.0,9.05,54.6875,,,0.017701528093587555,0.024351217856553985,0.001313043587470018,0.043365789537611554,0.7269257824336409,0.408191071402836,0.5615306008768489,-3.7151734160613548,19.834002304728116,53.51080516491869,0.37065415561586706,3334.2773160241886,2.697932789498696,4.229971827772454,577.4742233876412,0.5248618784530387,0.45695364238410596,0.6521739130434783,0.1276595744680851,48.60050890585241,48.548548151554996,48.650764549607764,45.6953642384106,0.43222143364088006,0.5677785663591198,13.042688827215628,14.948701855038715,0.5372365153251317,0.4627634846748684,39.22150438383843,36.401646436204395,0.524546436371997,0.47545356362800295,29.227026345277007,27.825739436870947,1.1808822426101067,0.8528834282872717,1.3411849416975121,1.3902474450484994,0.40397345045465727,-0.055044091328808165,-0.4424745495999228,0.0002136572484058773,0.04682300616703969,0.38199713735668134,1.8084570713384236,0.6396222999752449,0.805621338968492,-1.040246406696836,-0.7953848767724798,-0.4082095773108993,0.0001791287292479894,0.14781833088426674,0.5993944006014225,1.8856912890622586,3.935222312776195,1.1693014224921656,1.3032546148909085,1.256974208812333,1.9334039290513867,1.7155255173536255,1.7864952392340159,3.2113916690091604,0.911583477988014,91.61464484562174
127,2025-05-23 14:51:50+07:00,654.4505494505495,40.41873744580613,,,,,,,27.791647857004357,27.868519680740594,0.061759803670025315,0.042465619259296386,650.0,44.477999999999994,0.0684276923076923,50.0,1.4543483586785357,620.0,680.0,4.945054945054945,39.56043956043956,580.0,770.0,9.1,54.6875,,,0.04248515217362566,0.08432507334342697,0.0017330377594685644,0.12854326327652119,0.503825854981451,0.33051247564978925,0.6560053883339462,-2.473076028263951,19.706019247882427,53.793337347970294,0.366328252147865,3330.2532758120674,2.729792185387763,4.229447374130182,587.378527673668,0.521978021978022,0.45394736842105265,0.6521739130434783,0.14893617021276595,50.25380710659898,50.2662270373845,50.240078005130876,44.73684210526316,0.45350500715307585,0.5464949928469242,13.27068615826292,14.567848922274768,0.545160177921913,0.45483982207808715,39.71829079293788,36.27920229994261,0.5343155266375117,0.4656844733624882,29.611262507899635,27.644192353389375,1.2366001582606132,1.0035855935702407,1.3941954792224487,1.5283448367635486,0.128160595647401,-0.3383647525005662,-0.3663299290059898,0.00033020407203580626,0.06454076848991576,0.35826438740046834,1.472784536900365,0.6292118985261024,0.5594288692456395,0.03135229683341123,0.41074347654088916,-0.5473816960540125,0.0002617074788771405,0.11315363092850214,0.6066378070258676,1.8925641683500207,3.9326120513431913,1.1748474245275053,1.2678251057206789,1.251304993246639,1.9303121243860346,1.713611834940473,1.7875797010017123,2.7930837044407766,0.8662839969460036,91.67995970111662
128,2025-05-23 14:51:51+07:00,655.0276243093923,40.656068419422205,,,,,,,28.185890875479604,28.26253615160307,0.062067715788760275,0.04303007969350378,650.0,44.477999999999994,0.0684276923076923,50.0,1.4424262337150773,620.0,680.0,5.524861878453039,40.331491712707184,580.0,770.0,9.05,54.6875,,,0.016815643798733414,0.02369339936732649,0.0013930815632252594,0.041902124729285166,0.7097184974614664,0.4013076641667541,0.565446251721152,-3.742558777339269,19.984630966328474,53.92398723899882,0.3706074418746843,3385.5404182519374,2.698272854267551,4.2365981129479895,582.0065238434414,0.5193370165745856,0.45394736842105265,0.6376811594202898,0.15217391304347827,50.753768844221106,50.735324407564754,50.77007392771381,44.73684210526316,0.46573426573426574,0.5342657342657343,13.639410528064348,14.608484563056162,0.5457238993988162,0.4542761006011839,39.83533594599573,36.3447714234299,0.5360629167219307,0.46393708327806926,29.77320531521096,27.69792619538886,1.288321786447714,1.0625020935931682,1.44666438274573,1.7676619498900776,-0.34850766979146286,-1.2446859030830222,-0.1978852379868744,0.000572133545667969,0.08945920576696614,0.9251658358022041,0.2725183307025879,0.682287308879669,0.8185464742309629,1.0,-0.6833806865651244,0.0,8.074055587991586e-05,0.008313420641693174,0.6023013347334478,1.8993901334204204,3.945098029188119,1.1803841102509474,1.4581197266163137,1.2453199542650952,1.9256359978879027,1.7043329569574825,1.7881747835892479,3.070191295868692,0.8701478653521951,91.5991902834008
129,2025-05-23 14:51:52+07:00,655.7142857142857,41.026681983434266,,,,,,,28.078422143262404,28.154947053493483,0.06256792459347274,0.042821123094299966,650.0,44.477999999999994,0.0684276923076923,50.0,1.4611462771699542,620.0,680.0,5.4945054945054945,40.10989010989011,580.0,770.0,9.1,54.6875,,,0.016817591570125946,0.024434302766601183,0.0015756453989637022,0.04282753973569083,0.6882779398605805,0.39268171073835484,0.5705278173202784,-3.711767282876205,19.908553985473443,54.447247519327725,0.36564849267001587,3405.3795174086863,2.734867010384377,4.239135629479789,595.623924187368,0.521978021978022,0.45394736842105265,0.6376811594202898,0.1276595744680851,50.629722921914365,50.60179970510544,50.65668805721755,44.73684210526316,0.46461107217939746,0.5353889278206027,13.570801990548187,14.567848922274768,0.5507026668333562,0.449297333166644,40.40494495857616,36.495796817241434,0.5405488876913971,0.4594511123086029,30.1390630558768,27.7863762260176,1.2227458220133127,1.0225069832327396,1.375356162403237,1.5836227956110127,-0.1891578583338127,-0.8335095475444669,-0.2963176422039451,0.0002647227690198279,0.06515365199280906,1.0611563022819583,0.8603130360835038,0.45515972826356954,0.8853162463053215,1.6269274979220416,-0.08914320068552772,0.0,9.098390346083176e-05,0.03911424839151954,0.6004736205254755,1.878770846217685,3.964790957976618,1.1702827639917857,1.467717828666911,1.2440312488149243,1.9300131226376132,1.708385903556918,1.7746679053289047,3.4264978896320484,0.8250323780438128,91.50326797385621
130,2025-05-23 14:51:53+07:00,655.414364640884,41.04834024604633,,,,,,,28.61623470844634,28.6951917323041,0.06262960115092629,0.04366128704567805,650.0,44.477999999999994,0.0684276923076923,50.0,1.4344423948245903,620.0,680.0,6.077348066298343,40.88397790055249,580.0,770.0,8.619047619047619,54.6875,,,0.01682280883718988,0.024341693089040866,0.001526209299828385,0.042690711226059136,0.6911108761273413,0.3940625104161055,0.5701871060462044,-3.715564633897776,20.290564661360378,54.51900163627826,0.3721741787703344,3475.296797206572,2.686913969432285,4.24796201007781,585.9514683840707,0.5138121546961326,0.45033112582781454,0.6323529411764706,0.125,49.50248756218905,49.50805777765008,49.497834170655295,45.6953642384106,0.44843962008141114,0.551560379918589,13.588115082982622,15.069670602473003,0.5428362847885717,0.45716371521142846,40.16819614637813,36.86241388952444,0.5313512080511332,0.4686487919488666,29.984336353855547,28.159656690286937,1.1410849375866714,0.8265822886124541,1.2787790186918588,1.4361340574428385,0.13765301549893394,-0.5994679854763199,-0.3096317318689173,0.00022046225340523456,0.046461076070928295,0.5234517484789858,0.5639248792566194,0.6349639622601584,0.5796796422870641,0.7266274975070584,0.3092255812588982,-0.5980349014676768,5.154596361362968e-05,0.01788135528792132,0.5791964287147833,1.8362112317988888,3.9631416924672984,1.1918083255042153,1.122389140458772,1.2413712729137496,1.9177187292472344,1.7212789877384091,1.7852374838195573,3.464073105858899,0.8287122527163763,91.54514035235606
131,2025-05-23 14:51:54+07:00,655.3296703296703,40.93723937744848,,,,,,,28.604755622079608,28.683621693718973,0.06246816103542906,0.0436494132910077,650.0,44.477999999999994,0.0684276923076923,50.0,1.431134036532359,620.0,688.0000000000001,6.043956043956044,41.208791208791204,580.0,770.0,8.666666666666666,54.6875,,,0.016891399159032816,0.025075320189867592,0.0016929029645966615,0.04365962231349707,0.6736264594482935,0.386888348180029,0.5743366264099754,-3.6858711759288214,20.282383408618244,54.33345196520735,0.3732945851039641,3462.0725038862956,2.6788494660898863,4.24630626873745,582.2045551512648,0.510989010989011,0.45098039215686275,0.6376811594202898,0.1276595744680851,49.629629629629626,49.643473642991275,49.61617784046402,45.09803921568628,0.44767049291019584,0.5523295070898042,13.570801990548187,15.073892072793349,0.5428693493742482,0.4571306506257518,40.03270708414703,36.73562801927277,0.5312256443998975,0.46877435560010244,29.889666300845366,28.07782566539475,1.2302485505858278,1.0765195701042405,1.378489865476565,1.6834334932350457,-0.3476125712731797,-1.1595780452446487,-0.21673192366679156,0.0005094415049840823,0.08579348160443515,0.32449745601566593,0.8140584901697684,0.5259431353276174,0.22407782542776072,0.9760839460669355,1.312400372145205,-0.8708152590324363,0.00026882647649839494,0.046529097716341936,0.5885890068641704,1.8505999692509885,3.968147580979318,1.1887736289976933,1.3214205129609538,1.2283673646157278,1.8862494042919127,1.7181222748495835,1.786144816077215,3.264351608159922,0.8662839969460036,91.556971577094
132,2025-05-23 14:51:55+07:00,655.2486187845304,41.076744715410186,,,,,,,28.809720581775867,28.88922312751306,0.06268879252520441,0.043967617414008696,650.0,44.477999999999994,0.0684276923076923,50.0,1.4257946236866337,620.0,690.0,6.077348066298343,41.43646408839779,580.0,770.0,8.227272727272727,54.6875,,,0.017169721338991098,0.02536769174795404,0.001655391256924527,0.04419280434386967,0.676834199563146,0.38851848380997445,0.5740231271716747,-3.6742788930358574,20.42776557667572,54.4905301597899,0.374886526461986,3496.968911641833,2.667473833849298,4.250661881372432,581.4082535752623,0.5193370165745856,0.46103896103896097,0.6619718309859155,0.1276595744680851,50.48780487804878,50.48475433838514,50.48879235181501,44.8051948051948,0.4625167336010708,0.5374832663989291,13.893047173911715,14.976704443156164,0.5450252016866628,0.4549747983133371,40.22808188710135,36.75485416621374,0.5348577911949133,0.4651422088050867,30.094146707390358,28.064398984810747,1.3290690939200054,0.7387362151138628,1.4349174446432729,1.6591385750546377,0.10539553624462883,-0.8177806051933332,-0.1964801158735594,0.0003175325896129896,0.045002443054224274,0.7434001285688384,0.8431691815228408,0.8853111143080263,0.8388483467155323,0.3726637145551708,0.21007057404888796,-0.5551049167956755,4.8060172222688995e-05,0.03335371715387301,0.5518238836864242,1.8230120127321596,3.970441063306626,1.1963235036030453,1.3214241293033084,1.2109977244640502,1.8932945191431174,1.7489024827273023,1.789473932311156,3.125074944245614,0.8287122527163763,91.56829679595278
133,2025-05-23 14:51:56+07:00,655.4945054945055,41.043400725625546,,,,,,,28.730025489736065,28.80886825469956,0.06261440848335163,0.043829544334718896,650.0,44.477999999999994,0.0684276923076923,50.0,1.428589081492061,620.0,690.0,6.043956043956044,41.208791208791204,580.0,770.0,8.272727272727273,54.6875,,,0.04718154152563552,0.07631352326874782,0.00166528717199575,0.1251603519663791,0.6182592482262901,0.37696875076149955,0.6097260200198811,-2.572905118274032,20.370946101207913,54.45835191509911,0.3740646821807303,3485.1828352656084,2.6733344462518582,4.249195676402737,582.3415522429611,0.5274725274725275,0.4675324675324675,0.6666666666666666,0.14893617021276595,50.48780487804878,50.5074983625063,50.46649128758695,44.8051948051948,0.462516733601071,0.5374832663989291,13.85440162708027,14.935044544813232,0.5445988951442707,0.4554011048557292,40.18859949453281,36.750354610218594,0.5345228827243285,0.46547711727567137,30.058842074973604,28.05034865676691,1.222372458321427,0.9525875378659343,1.352647245613599,1.5749010331183744,-0.18890313429619,-0.8888450583898493,-0.2666841327751497,0.00024088844669236647,0.056805393033639996,0.924493315480344,0.19006270959005422,0.9855472309575761,1.0097539800676372,0.7505578501831716,-0.22990076940136084,-0.3726380931731815,2.4003990513373197e-05,0.002816800709819884,0.5458464901497129,1.7687699510033565,3.9769980344466545,1.1975071867693898,1.354232698996029,1.2232529884752505,1.9081629167101402,1.752234361322313,1.785486175398805,2.7499599719777974,0.9075356158481941,91.53394803017602
134,2025-05-23 14:51:57+07:00,,,,,,,,,,,,,,,,,,,,,,,,,,,,,,,,,,,,,,,,,,,,,,,,,,,,,,,,,,,,,,,,,,,,,,,,,,,,,,,,,,,,,,,,,,,,
135,2025-05-23 14:51:58+07:00,656.0773480662983,40.85984969836063,,,,,,,29.068883707497267,29.14735993082917,0.0622790130139223,0.04430709853521689,650.0,44.477999999999994,0.0684276923076923,50.0,1.4056215611685943,620.0,690.0,6.629834254143646,41.43646408839779,580.0,770.0,7.869565217391305,54.6875,,,0.01865099725339781,0.027922827049655076,0.0019701398465108693,0.04854396414956376,0.6679480276202262,0.3842083682316129,0.5752069806994945,-3.5783107508538046,20.610295860774364,53.98305076900516,0.3817919803933709,3495.3568711151665,2.619227357708436,4.250461633174767,565.575533706967,0.5248618784530387,0.4675324675324675,0.6666666666666666,0.1276595744680851,50.847457627118644,50.887520025839464,50.806251739615725,44.15584415584416,0.460223537146614,0.5397764628533859,13.983230179646732,15.143632620297794,0.5463218844970233,0.45367811550297643,39.90081102772713,36.36062498993378,0.5353666754815212,0.46463332451847905,29.896533636254336,27.85161268757291,1.0773036781905183,1.1111564470325845,1.2508698987642202,1.5022341379096256,-0.34912972363474815,-1.073376923113928,-0.2737814150143394,0.00033903559153044307,0.08076862550234827,0.7425024741583225,0.5947705377589545,0.7730752318881438,1.0278320814372899,-0.07006948652388445,-1.0459581633228645,-0.07167204261823651,9.508364368836278e-05,0.0224874123684304,0.5745872518839397,1.8718021769015913,3.96399366664083,1.215351232584016,1.110667537910581,1.2296925025938905,1.8576126569834812,1.7315497364207542,1.7929192193357713,2.592948641884895,0.911583477988014,91.45263157894736
136,2025-05-23 14:51:59+07:00,656.5745856353591,40.72101853492607,,,,,,,29.068883707497267,29.14735993082917,0.06202040015837781,0.044273543849352115,650.0,44.477999999999994,0.0684276923076923,50.0,1.4008456239557474,620.0,690.0,6.629834254143646,41.43646408839779,580.0,770.0,7.869565217391305,54.6875,,,0.01872965120451392,0.028065026413596452,0.001983202612325843,0.04877788023043622,0.6673662418304408,0.38397837536259044,0.5753637977093673,-3.573231089430518,20.610295860774364,53.81779211936655,0.3829643515486706,3484.6565133492218,2.6112091006802522,4.249130085592679,562.1180342424316,0.5248618784530387,0.4675324675324675,0.6805555555555556,0.1276595744680851,50.847457627118644,50.86099023713899,50.83138592764789,44.15584415584416,0.460223537146614,0.5397764628533859,13.983230179646732,15.143632620297794,0.5431788336009594,0.45682116639904075,39.66407182880961,36.374663635041124,0.5325669297740248,0.46743307022597513,29.738605551521335,27.86077676143408,1.233656300581224,1.1963916367839271,1.3957701432603504,1.7453372799230271,-0.567501112824015,-1.3812930985655987,-0.20781546283425764,0.00058414884315025,0.10404756317471388,0.7084601972656264,0.3267837284358506,0.4673531815095471,0.6307450457274724,1.1999529851151545,-0.24722437581590828,0.0,5.725483052599328e-06,0.004403475762757943,0.56397868241236,1.8946168546677626,3.9658800776369407,1.2050963625549327,1.208317403125542,1.2311184199542762,1.8590385743438669,1.7396562792957222,1.7923448122360512,2.765801544079568,0.9530190906238328,91.38337260181757
137,2025-05-23 14:52:00+07:00,657.4033149171271,41.26335191392598,,,,,,,28.421431663056275,28.500710566463006,0.06276717956484244,0.04323286940930486,650.0,44.477999999999994,0.0684276923076923,50.0,1.4518393162988454,620.0,690.0,5.524861878453039,40.88397790055249,580.0,770.0,7.869565217391305,54.6875,,,0.018438218651559413,0.027389955122289204,0.001938564553710375,0.04776673832755899,0.6731744747020374,0.38600539406982065,0.5734106217272655,-3.5975789341791313,20.153045710181075,54.23613222276653,0.3715796994410581,3433.8338181483055,2.6912126833199754,4.242749383428637,583.8438677285139,0.5193370165745856,0.4645161290322581,0.6666666666666666,0.1276595744680851,50.0,50.00701981071227,49.992264476844106,43.87096774193549,0.43535075653370015,0.5646492434662999,13.297204309857788,15.143632620297794,0.5662389667910522,0.4337610332089478,40.81206665274247,35.72020792237243,0.5503595352952871,0.4496404647047128,30.351609734295764,27.434128954242976,1.2658201399097613,0.9006158357017062,1.4044221690005738,1.6355454704826866,0.0008473302600258137,-0.8303677751119016,-0.24337193249324193,0.0004042749814294683,0.06315288373578684,0.9665177236924927,0.5412049478103276,0.4253127758821651,0.6959152497873289,1.0049528075314145,-1.0340636480850125,0.0,0.0001240532704409848,0.021150164767797405,0.5716803177519152,1.90210752639692,3.9824208706693405,1.1959130816564205,1.361389281119235,1.2315865869373486,1.8787755763053469,1.736150612490719,1.7817380483627052,2.650559901637404,0.911583477988014,91.26817379611731
138,2025-05-23 14:52:01+07:00,657.0718232044198,40.83490243912693,,,,,,,28.761471141480612,28.839061981368936,0.062146786693701966,0.04377218764490029,650.0,44.477999999999994,0.0684276923076923,50.0,1.4197779466236575,620.0,690.0,6.077348066298343,41.43646408839779,580.0,770.0,7.869565217391305,54.6875,,,0.01835028774139899,0.026996781005776068,0.0019119859510391861,0.047259054698214245,0.6797213244598633,0.38829146834569217,0.571250973557797,-3.6120376420936102,20.39229629008512,53.72428578102797,0.3795731482257581,3441.8081284077907,2.634538308819547,4.24375676587304,566.1547560163499,0.5193370165745856,0.4645161290322581,0.6666666666666666,0.1276595744680851,49.14841849148418,49.21897600173047,49.07440556586518,44.516129032258064,0.4244459368703829,0.5755540631296172,13.28669683740703,15.472086958789209,0.5472605838603691,0.452739416139631,39.743648696764666,36.148876482537055,0.5317918152250687,0.4682081847749313,29.63185721973064,27.80401720804078,1.1203195639635246,0.933443703827145,1.132996480063711,1.5337519917368112,-0.18646422755903203,-1.0798853792784602,-0.07066986468493856,0.0003962520829670269,0.06615853188385008,0.9486045456583436,0.23406140370397077,0.7825964378831962,0.8996271397351816,1.1723507581054653,-0.021126918240267578,0.0,7.294471890377405e-06,0.002889566611068602,0.5716803177519152,1.90210752639692,3.9705339725033975,1.214526142682993,1.487944786946452,1.2315865869373486,1.8787755763053469,1.7363416344606057,1.7911741156233743,2.586678818027545,0.911583477988014,91.31421844782646
139,2025-05-23 14:52:02+07:00,656.5193370165746,39.96576189693443,,,,,,,28.294090470548007,28.372521918222215,0.060875224298116065,0.04309711668071353,650.0,44.477999999999994,0.0684276923076923,50.0,1.4125126919536695,620.0,690.0,5.524861878453039,40.88397790055249,580.0,770.0,7.869565217391305,54.6875,,,0.04116751611381598,0.05179077906655114,0.0014317526028099585,0.09439004778317708,0.7948811903546716,0.43614254977793504,0.5486889802780849,-2.9605431558606536,20.062402647738875,52.898292606147145,0.3792637088896795,3334.068125768678,2.6366878152607023,4.229944579581892,557.905134250894,0.5248618784530387,0.47096774193548385,0.684931506849315,0.1276595744680851,50.37037037037037,50.36395568671139,50.37537647825812,43.225806451612904,0.43997224149895914,0.5600277585010409,13.307703485840037,15.013959984408102,0.5742156260323202,0.4257843739676798,40.084748023470354,34.51727591424983,0.557333660919922,0.442666339080078,29.865381264703032,26.616360860886477,1.1376681474419792,1.0783289692539708,1.275315597530386,1.6302262292923062,-0.6274723932991968,-1.5400159676322143,-0.17086979773207717,0.00039911744869690016,0.08146061520068362,0.515229821900664,1.3818963383514655,0.747605339512685,0.8373621005268496,-0.40598577241789524,-0.5314606061617122,-0.43504812298638845,0.00017405054466847984,0.0952012919502439,0.5822888872234948,1.90210752639692,3.951038411856091,1.2144856629748553,1.3895521967155813,1.2315865869373486,1.9203159307070798,1.7365181775822751,1.7958541157060406,3.4813393712814262,0.911583477988014,91.3910628629134
140,2025-05-23 14:52:03+07:00,656.5745856353591,39.991404846953095,,,,,,,28.17603394533888,28.253255224634387,0.06090915749998747,0.04291368347447271,650.0,44.477999999999994,0.0684276923076923,50.0,1.4193411650673007,620.0,690.0,5.524861878453039,40.331491712707184,580.0,770.0,7.869565217391305,54.6875,,,0.018585328505748067,0.026218787285629132,0.0018352872414339623,0.04663940303281116,0.7088553830990854,0.39848984543548194,0.562159581399102,-3.6412790532177755,19.978068359933225,53.012462959669016,0.3768560682632724,3327.2187101508493,2.653532964477563,4.229051459520045,562.68127196651,0.5248618784530387,0.47096774193548385,0.684931506849315,0.1276595744680851,50.62034739454094,50.63281423976148,50.60551586148162,43.225806451612904,0.44366689993002095,0.556333100069979,13.307703485840037,14.901913941039426,0.5713305320736777,0.42866946792632227,40.0702174075865,34.70877275213042,0.5554530626039857,0.4445469373960141,29.8556300817642,26.709230099959605,1.2557777773856862,1.0259259733399233,1.3980335494983422,1.6639511270658307,-0.20857969193574455,-0.956828457971385,-0.24080237319483366,0.0004586700452849293,0.07628805171805031,0.5360004130312231,0.5480594245566093,0.6722644442667827,0.5615741609201708,0.9821916472635173,0.5016566860813914,-0.7019676669845838,0.00036841402537069693,0.03226384109734939,0.5726564589126841,1.845826690498331,3.9519505910174764,1.2172281193493735,1.3318012145343823,1.1698078184531115,1.901684262380254,1.7389563566682762,1.7972803877876873,2.832917056165385,0.8701478653521951,91.38337260181757
141,2025-05-23 14:52:04+07:00,656.8508287292817,39.97950672085294,,,,,,,28.470257384778865,28.54918327941778,0.0608654278448514,0.04334356620947914,650.0,44.477999999999994,0.0684276923076923,50.0,1.4042551909708867,620.0,690.0,5.524861878453039,41.43646408839779,580.0,770.0,7.869565217391305,54.6875,,,0.03568783274516142,0.04108703236843921,0.001298047418981296,0.07807291253258192,0.8685911512211051,0.45710902267502745,0.5262648854209517,-3.1920627214149073,20.187321094213903,52.95071962567152,0.3812473416211459,3358.1526231199978,2.6229691091032517,4.233070540260712,555.5524075316947,0.5303867403314917,0.4774193548387096,0.7027027027027027,0.125,50.36674816625916,50.370961474097975,50.36073051503086,43.87096774193549,0.4441398217957507,0.5558601782042496,13.453831669534845,15.051123308549498,0.5698783100703255,0.4301216899296745,39.97264905439323,34.727021704298075,0.5539211047350583,0.44607889526494177,29.822963124225794,26.762869327670675,1.2342594756854097,0.7346631844242126,1.302895543823614,1.5697989369385141,0.24933212225228019,-0.687083615829716,-0.13669964852793892,0.0004684491561925752,0.05064370833443429,0.939344389662514,0.39359261823200065,1.1304886912286607,0.9336923821126604,1.577788878583763,0.23644384149555542,-1.0,5.102358099996993e-06,0.005091350663110398,0.5712555472010683,1.9538153285624265,3.950451189363418,1.2307782072763083,1.4216810586544395,1.0108483909191857,1.8025213197108596,1.7590145770333199,1.8024152276067953,3.1204891484766715,0.911583477988014,91.34494070148878
142,2025-05-23 14:52:05+07:00,656.9613259668508,39.98810443131585,,,,,,,28.440972010268723,28.520305419631296,0.060868277706401214,0.04329169904851265,650.0,44.477999999999994,0.0684276923076923,50.0,1.406003438169342,620.0,690.0,5.524861878453039,41.43646408839779,580.0,770.0,7.869565217391305,54.6875,,,0.034262991992689514,0.03833402622961253,0.0012794049958858992,0.07387642321818795,0.8938010264682764,0.46378791094821387,0.5188939117476781,-3.261417363895248,20.16690136373273,52.98442669669462,0.38061941255260995,3356.891360858337,2.627296367501429,4.232907396356303,556.8231671774861,0.5359116022099447,0.48387096774193544,0.7066666666666667,0.125,50.0,50.006241585604435,49.99308853045188,44.516129032258064,0.4423076923076924,0.5576923076923076,13.412243218657517,15.060399810698934,0.5689599191819132,0.4310400808180865,39.9658520354469,34.786206223993,0.5529334411431966,0.4470665588568034,29.809038873097368,26.803878319342797,1.1166058131104375,1.026291359694791,1.130609483045789,1.5860142692355113,-0.49380265472382945,-1.406328207279186,-0.056261697141097126,0.00041827094173575545,0.07638084583319861,0.987140370154648,0.8836661027754644,1.4562169103187212,1.014383858930989,2.279423604956004,0.9633417567550806,-1.0,6.551180871360733e-05,0.03869413190992323,0.5665038718892914,1.9951003932460853,3.950008145138221,1.2327008358498581,1.2396751394852379,1.0134287074619142,1.7865491356138041,1.769431913605447,1.8033092893790976,3.498649278198792,0.8701478653521951,91.32957699100159
143,2025-05-23 14:52:06+07:00,656.6298342541437,39.98917901514995,,,,,,,28.440972010268723,28.52008777300245,0.060900642841751285,0.04331355434462464,650.0,44.477999999999994,0.0684276923076923,50.0,1.4060412211197177,620.0,690.0,5.524861878453039,41.43646408839779,580.0,770.0,7.869565217391305,54.6875,,,0.032438601582820914,0.03444515948433132,0.0012905460013543006,0.06817430706850654,0.9417463024834254,0.4758185741473578,0.5052513324369884,-3.3683867998321118,20.166747464325574,52.96421381815786,0.3807617636611035,3355.5851422742403,2.626314129824361,4.232738372738827,556.4026525026666,0.5303867403314917,0.4774193548387096,0.6891891891891891,0.1276595744680851,49.75490196078432,49.753031069792264,49.756607268097184,45.16129032258064,0.44162087912087916,0.5583791208791208,13.401825940799485,15.069670602473003,0.568375177115073,0.431624822884927,39.93007090899582,34.796513942895324,0.5523250888832628,0.447674911116737,29.78270892099072,26.81317171321912,1.1604057479603243,0.9204724381252829,1.2871218064749312,1.552425670159049,-0.2515883172416462,-1.1115668320302685,-0.21177424472973944,0.00028547580157916387,0.05869286318244259,0.5566876441516801,1.1625866584872553,0.7299261038673026,0.6943876880707193,0.0029893757751224825,0.18850199081143604,-0.5305684015356116,4.26771548698898e-05,0.057135578986131495,0.5787016965109792,2.087740344494531,3.9546335490148548,1.228087742793798,1.1890232683305018,1.0263635061449357,1.804311598098491,1.7784291890928958,1.795561617942117,3.115905614948715,0.8287122527163763,91.37568363483382
144,2025-05-23 14:52:07+07:00,656.4640883977901,40.07888170530333,,,,,,,28.36272984824353,28.441845008473578,0.06105266443915084,0.04320530300060662,650.0,44.477999999999994,0.0684276923076923,50.0,1.4130826588183778,620.0,690.0,5.524861878453039,40.88397790055249,580.0,770.0,7.869565217391305,54.6875,,,0.03164083684989323,0.03286486145528577,0.0013026284426362398,0.06580832674781523,0.9627558263996371,0.48080293807111085,0.4994027819796657,-3.415351232845671,20.111421474948422,53.020497775459845,0.37931408264252187,3349.9354680996344,2.6363376572612864,4.232006550993211,559.1197395687321,0.5303867403314917,0.4774193548387096,0.7027027027027027,0.1276595744680851,50.0,50.006155108500764,49.993167322470825,45.16129032258064,0.4440607734806631,0.555939226519337,13.401825940799485,14.99534378383939,0.5672694753577108,0.43273052464228934,39.933604112703975,34.87807974827992,0.551772063933287,0.44822793606671296,29.785077438019645,26.84530482340352,1.2565548753875209,0.9238880077241887,1.2546928468283802,1.6768995714488917,-0.11524856576002662,-1.0320499501585796,-0.043010926551008744,0.0005193430513785994,0.07163343621926367,0.513188114261396,0.9643833442241347,0.7850727548410434,0.3577494819682969,0.9567601045524943,1.6602544987492798,-0.9431051981891458,0.00025826392200281167,0.05998615574612429,0.577155467256623,2.0314323224934756,3.955663815732725,1.223815973984249,1.25097685556513,1.0228442547698697,1.7815235117450179,1.7674477837302742,1.789122073386679,2.7408472184530233,0.8287122527163763,91.39875441844808
145,2025-05-23 14:52:08+07:00,656.9060773480663,39.76789627289532,,,,,,,28.372521918222215,28.448991673698302,0.060538176832582447,0.04319113933724324,650.0,44.477999999999994,0.0684276923076923,50.0,1.4016341722289565,620.0,690.0,5.524861878453039,41.43646408839779,580.0,770.0,7.869565217391305,54.6875,,,0.029943778540721975,0.029979253378897546,0.0013315660048330439,0.061254597924452564,0.9988166870693137,0.4888413205756845,0.4894204581323349,-3.5072496905905246,20.116474930391693,52.368646829008554,0.3841320360267277,3309.581690045331,2.603271547834195,4.2267432151618305,545.3192331541416,0.5359116022099447,0.4805194805194805,0.7027027027027027,0.125,50.864197530864196,50.93683064888248,50.79392369471617,44.15584415584416,0.44996549344375425,0.5500345065562455,13.495291957861932,14.920646712660355,0.5827836283583939,0.4172163716416062,39.97836453213392,33.82610737340677,0.5657025567645313,0.4342974432354687,29.836157055593773,26.14221909441953,1.1691157229746574,1.008873260257137,1.1940117182628462,1.6287180933178589,-0.24197084324638674,-1.1523023236756527,-0.06911696227907098,0.0005969430772335939,0.08379123315344914,0.9441954365805697,0.3905528346143968,0.5536426019661729,0.7489190192733712,0.9874102958060164,-0.928343313967693,0.0,8.916188132476863e-05,0.01212636457651066,0.5751816483896146,1.9538153285624265,3.9488741196683077,1.2319620184798212,1.2490003492629969,0.9879066603359615,1.7818764182819171,1.7648739158632414,1.7879702089678513,2.433998369760452,0.8287122527163763,91.3372582001682
146,2025-05-23 14:52:09+07:00,657.8333333333334,39.04266395801582,,,,,,,28.451664392508054,28.528777674631662,0.05935038858578539,0.043250566596161215,650.0,44.477999999999994,0.0684276923076923,50.0,1.3722453428171537,628.0,690.0,5.555555555555555,41.66666666666667,580.0,770.0,7.826086956521739,54.6875,,,0.021155992244222873,0.02368013588137608,0.001495949008272837,0.04633207713387179,0.8934067080612323,0.4566165290430386,0.5110959263266949,-3.7431187307490084,20.172892152695432,51.37226181302833,0.3926806303782299,3255.7175952615053,2.5465987437088513,4.219616836603186,523.2981495781605,0.5388888888888889,0.48701298701298706,0.72,0.1276595744680851,50.864197530864196,50.90799885284629,50.81952688823538,44.15584415584416,0.44996549344375436,0.5500345065562455,13.533146988625015,14.96249994133273,0.5756044245370503,0.4243955754629498,38.97541507904972,33.466794038301785,0.5588166187548129,0.4411833812451872,29.173867141672755,25.92202449362794,1.2319759584009928,0.824651035300054,1.3674096942323954,1.5761695937259361,0.12598546751378947,-0.7378445205030464,-0.24685061855578452,0.0003763073136469873,0.05543085907210659,0.8873979341568036,0.8713173299753619,1.1597661316030567,1.3230565991444845,-0.8451164949746603,-1.845988726880218,-0.31259357306017876,0.0003338551729352032,0.055601023261404564,0.5832121296770563,1.9616585060234524,3.927835820444732,1.2366480042235641,1.3685079761399355,1.134427009894009,1.9290456836802718,1.7616788200719002,1.7908911066649842,2.5721994974429903,0.9156709339958492,91.20851279452748
147,2025-05-23 14:52:10+07:00,658.0110497237569,38.72151124092198,,,,,,,28.06737924669451,28.14545001062222,0.05884629332163626,0.04265487526155925,650.0,44.477999999999994,0.0684276923076923,50.0,1.3795912650263633,630.0,690.0,4.972375690607735,40.88397790055249,580.0,770.0,7.541666666666667,54.6875,,,0.02655230002400605,0.025530990585951548,0.0013466788278063073,0.05342996943776391,1.0400027345048053,0.49695517896439373,0.4778402618345208,-3.667862247621645,19.901838562057957,51.16185778601768,0.38899757403838936,3198.816871193184,2.570710119393475,4.2119594878680955,526.089222149942,0.5414364640883977,0.4903225806451613,0.7236842105263158,0.14893617021276595,49.751243781094516,49.753634667439165,49.74894407855624,45.16129032258064,0.4344146685472496,0.5655853314527503,13.117432641570728,14.96737606825976,0.5736000608669187,0.4263999391330813,38.74814359836442,33.40833817772484,0.555306525642214,0.4446934743577863,28.926507492485285,25.885704608586014,1.1891792739960407,0.7990129537108608,1.2293852969279913,1.5664939423078303,-0.16577396731223182,-1.1213903502249503,-0.07809364189378491,0.00030528470063682385,0.04884022508759401,0.7139723899498459,0.8818210263840501,0.8548710411288999,1.0046647135289164,-0.1675197765594083,-0.8586550842176504,-0.33013143493044994,8.99631872698979e-05,0.04040230417291302,0.590584919068724,1.9848255653049867,3.915184329784002,1.2391939277879331,1.2456807391201157,1.2049000809140802,1.9370114542413366,1.7669014131237766,1.7868593573566913,3.2569974514982083,0.911583477988014,91.183879093199
148,2025-05-23 14:52:11+07:00,657.8888888888889,38.80892728158512,,,,,,,28.254628334953704,28.33382872520255,0.05899009382439893,0.042947416823945844,650.0,44.477999999999994,0.0684276923076923,50.0,1.3735423032825644,630.0,690.0,5.0,41.66666666666667,580.0,770.0,7.2,54.6875,,,0.02309572429659219,0.023886132849571463,0.0014926743231927465,0.0484745314693564,0.966909312697997,0.47645069681988267,0.4927563428781419,-3.7344572039339248,20.03504242856891,51.1781048709152,0.39147683328842714,3221.2493139798353,2.554429572753883,4.21499444903032,522.9234582390613,0.5444444444444444,0.49350649350649356,0.7236842105263158,0.15217391304347827,49.8759305210918,49.887120519762185,49.86443276992147,44.8051948051948,0.4359692092372289,0.564030790762771,13.228756555322953,15.046743647115889,0.5742429136975944,0.4257570863024055,38.782162539070605,33.39374622547615,0.55586787797395,0.4441321220260501,28.974610706676383,25.899293246665295,1.107549070817978,0.9614063787054403,1.088960369874445,1.5262661418990424,-0.3143670878047331,-1.1998075153087022,-0.04513951466242447,0.00031126473391581544,0.06425746225646353,0.7489721489156822,0.5284697996605892,0.5228238004779078,0.5449106681709532,1.0,1.3155224109189514,-0.45820599832340314,0.00020501781756947698,0.025361660427507163,0.6040740693395739,1.9315214116032136,3.906485464548128,1.2423932845263603,1.479123380777869,1.1752685165340813,1.9374998122476108,1.7365872122164248,1.7897896392726578,3.2700247337549033,0.9156709339958492,91.20081067387265
149,2025-05-23 14:52:12+07:00,657.9005524861878,38.71564498183815,,,,,,,28.323527714997336,28.402314975459994,0.05884726017561896,0.04305138156209706,650.0,44.477999999999994,0.0684276923076923,50.0,1.3669075890337692,630.0,690.0,4.972375690607735,41.43646408839779,580.0,770.0,7.24,54.6875,,,0.024277807363278583,0.024364774093511347,0.0015879608223890705,0.050230542279179,0.9964306367094155,0.48332759834332795,0.48505894995305987,-3.714616874491959,20.08346952054399,51.088462852421145,0.39311164202686927,3223.3795778357216,2.5438066266469153,4.215281560014315,519.8366813967747,0.5469613259668509,0.4967741935483871,0.7402597402597403,0.14893617021276595,49.75369458128079,49.76014190620882,49.74742790019407,44.516129032258064,0.43213296398891976,0.5678670360110804,13.202336004573342,15.13440713505517,0.5759429524845386,0.42405704751546136,38.77149702176917,33.26863470769667,0.5566934776558304,0.44330652234416945,28.96144555514028,25.844267591129068,1.1815767713577752,1.111662731912028,1.2141479694383532,1.695796764371305,-0.5138217369258165,-1.4305989910408479,-0.06673118464218951,0.0006213152621512424,0.0962256791823922,0.9472355854211452,0.4508569668574527,0.7154738294090199,0.7481311969965247,1.0,1.2501369512432916,-0.42756601319675275,0.00014730529319587199,0.018113964546217422,0.6103122754469616,1.9600947840472698,3.8988498462609926,1.2457037868499319,1.4348600274614198,1.2624422083414064,1.9791377232327658,1.7335611849233805,1.7916544318161087,3.487104459621704,0.9530190906238328,91.19919381928116
150,2025-05-23 14:52:13+07:00,658.0555555555555,38.7672790413596,,,,,,,28.125814699559665,28.20114805716049,0.05891186346513067,0.0427407905945187,650.0,44.477999999999994,0.0684276923076923,50.0,1.3783522168325506,630.0,690.0,5.0,40.55555555555556,580.0,770.0,7.2,54.6875,,,0.025611341518649876,0.02491769891431195,0.0015514611183154057,0.05208050155127723,1.0278373459252097,0.4917644944996076,0.47844583235778887,-3.692176928238425,19.94122302846401,50.97123367628013,0.3912250418561836,3193.205058632003,2.5560735970669417,4.211196918564759,521.1448984394758,0.55,0.5,0.7402597402597403,0.15217391304347827,51.0,51.06088673194256,50.93962728832704,43.506493506493506,0.443502824858757,0.5564971751412429,13.281735367865993,14.877779222946598,0.5813224676222419,0.41867753237775823,38.862765255203996,32.981087598817325,0.5630242522040435,0.43697574779595627,29.040652692933,25.58417923060659,1.2525564262874427,0.8198645027560296,1.2498452357544751,1.6341811134021214,-0.034229968275825584,-0.9776148397491533,-0.031220248765893233,0.0004240393690902548,0.056912748304196945,0.8513309580820878,0.6900808906431544,0.9032871820199164,1.0258976089878586,-0.13868961106743605,-0.6727841417523615,-0.3223245584243472,2.551934000639474e-05,0.01744241793624425,0.6073839554446376,1.9315214116032136,3.900298133199124,1.2393769709481215,1.5221388851096715,1.2158150273448978,1.9527148801636698,1.7325220971146358,1.7860778916247437,2.4864128693785346,0.9156709339958492,91.17771211481639
151,2025-05-23 14:52:14+07:00,658.4530386740331,38.32368362809444,,,,,,,27.96823595120404,28.04536539561938,0.058202607288849594,0.042475672991843696,650.0,29.651999999999997,0.04561846153846153,50.0,1.3702574483051941,630.0,690.0,4.972375690607735,39.77900552486188,580.0,770.0,7.24,54.6875,,,0.021465098991142448,0.020309393618448062,0.0014329974757067356,0.04320749008529725,1.0569049669530557,0.49679115701392346,0.47004335540793174,-3.8966717601404235,19.831068052097006,50.51958461376009,0.3925421834663223,3147.4275978367864,2.5474969114645325,4.204925858520366,514.7939430880998,0.5580110497237569,0.5064935064935064,0.7564102564102564,0.17391304347826086,50.50251256281406,50.528264285507,50.4755415988582,44.15584415584416,0.439630681818182,0.5603693181818182,13.14933564606824,14.845573800042688,0.5754219727408041,0.42457802725919597,38.32242578197551,32.91838561855432,0.5572906744442853,0.44270932555571485,28.648851161503686,25.534400063290676,1.1421915710911301,0.7847122294617863,1.2319806283217911,1.5130131598772327,-0.16942183526039223,-1.1263527833708111,-0.14186548774931862,0.00028365808810385223,0.046055664737340594,0.6528600001280642,0.6719127886705976,0.8142332956782781,0.7393784935391914,0.7222239514281874,0.27729856759355265,-0.6114055326840697,0.00014918611760312084,0.03143697896200256,0.6087230202968543,1.8856912890622586,3.892540796365602,1.2453486124645814,1.056480430898037,1.2135235212178501,1.9450745055415233,1.7326806280991176,1.786071432000804,2.7123570355521176,0.911583477988014,91.12267158919282
152,2025-05-23 14:52:15+07:00,659.0,38.419908712474324,,,,,,,28.006383949011365,28.084719881175467,0.05830031671088668,0.042498306447665196,655.0,37.065,0.05658778625954198,50.0,1.3718268228565995,630.0,690.0,5.0,40.0,580.0,770.0,7.5,54.6875,,,0.028539788098856725,0.026617827318823385,0.0016734955229174662,0.05683111094059757,1.0722057723574674,0.5021859968334561,0.4683671826624247,-3.626174087722414,19.858895875703823,50.620157561152574,0.3923120122989134,3158.1188076521685,2.548991539005113,4.206398573992898,516.1214133059343,0.5611111111111111,0.5098039215686275,0.7564102564102564,0.17391304347826086,50.25252525252524,50.25014646002652,50.25393620113492,44.44444444444444,0.4380341880341882,0.561965811965812,13.143546286629192,14.887216445096309,0.5742344526936282,0.4257655473063718,38.359074069047864,33.03001344355179,0.5560677670727471,0.443932232927253,28.67203665963986,25.61846015634388,1.131414144560438,1.0309062715979869,1.273559630461767,1.5873813484127028,-0.49943020573600805,-1.3843988611938194,-0.19558656630880017,0.0003301229869442505,0.07241603503181322,0.8631077604414028,0.2973619030983281,0.9022911681422876,0.8711360250297904,0.9899753191469223,0.2720456630246957,-0.6047718042825251,0.00016969525695590117,0.010610965148991241,0.5874728674761682,1.8505999692509882,3.900174590907506,1.2465078073302733,1.42097440431157,1.2117689552272863,1.9472534407440378,1.7450603246532002,1.783760585562258,3.4386416158886064,0.9156709339958492,91.04704097116843
153,2025-05-23 14:52:16+07:00,659.5580110497237,38.8704858675275,,,,,,,28.24496021908648,28.32352771499734,0.05893414258688622,0.042824072706103646,660.0,29.651999999999997,0.044927272727272725,50.0,1.3761919140980359,630.0,690.0,4.972375690607735,40.88397790055249,580.0,770.0,7.541666666666667,54.6875,,,0.0290877351696341,0.026985103974780954,0.001804091257361443,0.057876930401776494,1.077918217280844,0.5025790927008331,0.46624974385221823,-3.6124702698605526,20.027758514399732,51.24514178120974,0.39082257982440377,3224.2961000515365,2.5587057954770653,4.215405027931572,524.4849650625011,0.5580110497237569,0.5096774193548387,0.759493670886076,0.17391304347826086,50.247524752475236,50.24557203439316,50.248506611958945,44.516129032258064,0.43941504178272994,0.5605849582172702,13.276181048788972,14.99534378383939,0.5709894220165246,0.4290105779834756,38.722797976246234,33.56500369532392,0.5535551333743893,0.44644486662561045,28.945742919723127,25.994901502627766,1.222713058819654,0.9019271561370452,1.3444945901112895,1.6437624774883108,-0.19582224115070623,-1.1359939223509747,-0.16819062344370914,0.0004706159513522999,0.06686502214243686,1.0695393187686097,0.11294743749906155,0.9565918812695482,1.013065600019079,0.9943625108778369,-0.1279680214907557,0.0,4.6124873390658164e-05,0.001988954184158233,0.5794196822972388,1.836211231798889,3.9161384895302134,1.2407345631211317,1.3534907268657324,1.280364236410676,1.9716654466995238,1.7492604141994281,1.7848454319003109,3.47557913200768,0.911583477988014,90.9700117272575
154,2025-05-23 14:52:17+07:00,659.5,39.042663958015815,,,,,,,28.086060877995298,28.16283792000984,0.05920040023959942,0.04258690049733935,655.0,37.065,0.05658778625954198,50.0,1.390108215161092,630.0,690.0,4.444444444444445,40.55555555555556,580.0,770.0,7.826086956521739,54.6875,,,0.029416229531857616,0.02691805874257737,0.0018101890816410498,0.05814447735607604,1.0928064989073223,0.5059161397515537,0.46295125464335196,-3.6149578888943195,19.914133670696597,51.47049861553796,0.3869038421299633,3220.102277738877,2.584621528943344,4.214839776052711,532.127035308672,0.5555555555555556,0.5064935064935064,0.7564102564102564,0.17777777777777778,50.74999999999999,50.79944456600285,50.700612460729786,44.15584415584416,0.4454674220963173,0.5545325779036827,13.292305791638519,14.830503033434807,0.5706168523238365,0.4293831476761635,38.8803953494085,33.7272454434955,0.5543199041612298,0.44568009583877066,29.054866509629097,26.052551750553217,1.207211121832959,0.6801339072114141,1.3023946708668621,1.5267885400795067,0.19997199677992405,-0.7590489325017571,-0.17007398567633303,0.00035790097032290387,0.04166635089599844,0.8425747139741185,1.0883754506401329,0.9035930695020814,1.0371073315478962,-0.7114116478097419,-0.6723688193854875,-0.37732701801819596,8.445897958883496e-05,0.03828035952812287,0.6030056992795636,1.9042374526547452,3.9261349457940913,1.235012299797583,1.5633368886524062,1.367512895313873,1.950494398754545,1.7316979660017737,1.78033064187836,2.556452291883859,0.8740495279051288,90.97801364670205
155,2025-05-23 14:52:18+07:00,660.2222222222222,38.7652374878865,,,,,,,28.13574437849199,28.214166103501093,0.05871543880696374,0.042615567049213716,660.0,29.651999999999997,0.044927272727272725,42.5,1.3777932073309598,630.0,690.0,4.444444444444445,41.11111111111111,580.0,770.0,7.5,54.6875,,,0.019523576083551087,0.019788483670666525,0.0016551181071067195,0.04096717786132433,0.986613042640143,0.47656629289035324,0.48303263011309683,-3.922655143290238,19.95042817730925,51.200606469244136,0.38965218486803155,3209.055283345915,2.566391358330719,4.213347308841422,525.6031759358403,0.5666666666666667,0.5194805194805194,0.775,0.17391304347826086,50.374064837905244,50.386915209701414,50.35966838449731,44.8051948051948,0.4446012702893437,0.5553987297106564,13.302867816182772,14.868336010809582,0.5633423964139029,0.4366576035860969,38.429198232669464,33.8333980855101,0.5476900002607524,0.4523099997392475,28.755604401061,26.132032467289406,1.1700693792330856,1.258914632950146,1.3427941984384417,1.7461236130811735,-0.757986304966952,-1.6511801397129817,-0.1796213149913367,0.0006865417912263805,0.11885759464849753,0.6122880722815373,0.893684089680574,0.4090926040498646,0.5087386665574016,0.9852601493577902,1.3740708854732866,-0.38849967940779484,0.0008376150872425,0.08173084751368437,0.5797717155736448,1.8681324480126291,3.920141093633912,1.2426475259447505,1.4856357870576005,1.2766820300366666,1.9953305532022607,1.7504534175135131,1.7843483768345023,2.9501042353224585,0.99891374617729,90.87849209020533
156,2025-05-23 14:52:19+07:00,660.3888888888889,38.75670983736561,,,,,,,28.006383949011365,28.084719881175467,0.058687707333438296,0.04240892664946619,660.0,29.651999999999997,0.044927272727272725,42.5,1.3838526925834613,630.0,690.0,4.444444444444445,40.0,580.0,770.0,7.826086956521739,54.6875,,,0.02907382019400694,0.026628300983968265,0.0018381017058308597,0.057540222883806065,1.091839100493532,0.5052781990906987,0.4627771609042976,-3.6257806820189833,19.85889587570382,51.22980701318813,0.3876433864096253,3196.1539599177922,2.5796905998114807,4.211597801233368,528.6282063283107,0.5666666666666667,0.5194805194805194,0.775,0.17391304347826086,49.74874371859296,49.75660654141725,49.74100198832174,45.45454545454545,0.4387464387464388,0.5612535612535613,13.154227756321102,14.877779222946598,0.563589808903989,0.4364101910960109,38.45955771580215,33.84310191033591,0.5472804292895516,0.45271957071044844,28.74170565189447,26.141000951762766,1.1630745376732239,0.8980540888180135,1.2841441316010163,1.503814180106454,-0.1818355222525625,-0.9269951208610729,-0.25539329842085623,0.000196781630730489,0.049707672325633945,0.8317343672726749,0.5341719863750494,0.6895238392473351,0.763458978292108,0.994977683331169,0.8119936526453184,-0.36158926164117106,0.0003146979757766771,0.030757492769513534,0.5834248044634798,1.8067973465925955,3.926325305491552,1.2399169955636957,1.7019576283649844,1.3605528877380055,1.9508225825135515,1.7445073670958335,1.7805824963200974,3.4501633654841695,0.9572923400865695,90.8555564902835
157,2025-05-23 14:52:20+07:00,660.5,38.85620245564076,,,,,,,27.936480225223466,28.01344315325876,0.058828467003241125,0.04229595794886217,660.0,29.651999999999997,0.044927272727272725,42.5,1.3908768084734608,630.0,690.0,4.444444444444445,40.0,580.0,770.0,7.826086956521739,54.6875,,,0.029201275696017794,0.027020096421817193,0.0019028065010462903,0.05812417861888127,1.0807243334794105,0.5023946383395764,0.46486844311361825,-3.611174377921396,19.808495618053126,51.2869649260545,0.38622865764454956,3191.599331647553,2.5891398274239683,4.210978475417289,531.1564940709754,0.5666666666666667,0.5194805194805194,0.775,0.17391304347826086,50.62972292191436,50.61907854724068,50.63854206154264,44.8051948051948,0.4473872584108804,0.5526127415891193,13.249973500079498,14.725961176923889,0.5661569636137626,0.43384303638623756,38.59005750510316,33.78106323192294,0.5507382834920593,0.4492617165079407,28.850947436782537,26.057764348303614,1.1832056608451025,0.7669914258730253,1.2293295130001853,1.534805773245847,-0.10638960842000245,-1.0425984073484664,-0.10172141442395591,0.00024227207479889307,0.04273684205229921,1.1231524703749483,0.7211083213755956,1.5912855702842963,1.2307314095964985,2.3800948593367846,1.1815875332298171,-1.0,3.205189550505589e-05,0.022448896285437545,0.5863914877837741,1.8607523407150066,3.935493642682304,1.2322633651731618,1.5110765103324488,1.323821060258395,1.9352961527960237,1.7523168622128797,1.781447802531682,3.2393934226253105,0.9156709339958492,90.84027252081756
158,2025-05-23 14:52:21+07:00,660.6111111111111,38.85460491088388,,,,,,,27.90646788328237,27.98384982193873,0.05881615409939533,0.042243412824748354,660.0,29.651999999999997,0.044927272727272725,42.5,1.3923153970395548,630.0,690.0,4.444444444444445,40.0,580.0,770.0,7.826086956521739,54.6875,,,0.02942198132433062,0.02743367384184855,0.0019517278559387083,0.05880738302211788,1.0724768944161251,0.500311012194928,0.46650050439296964,-3.5959840478262017,19.78756997279883,51.37372804715519,0.3851690489472773,3193.6213187851263,2.596262609192365,4.211253528679739,533.5187568945845,0.5666666666666667,0.5194805194805194,0.775,0.1702127659574468,50.5050505050505,50.50871242071635,50.499396395541886,44.8051948051948,0.44619799139167854,0.5538020086083213,13.218135311896132,14.725961176923889,0.5622905582658609,0.437709441734139,38.52312216572876,33.98865975685708,0.5472918040968745,0.45270819590312567,28.798871874773653,26.192393214936143,1.184032690728919,0.9803804566034446,1.181294709211139,1.623515780244784,-0.30774107169084175,-1.2063267941191271,-0.04892912434654997,0.00041359908696695795,0.07176708845696098,0.9262477812562703,1.2526518964765836,0.9593909147375377,1.5338686918243853,-2.0867419022760405,-3.0493318269356875,-0.04139072578525669,0.00035202450192280756,0.08691701691644554,0.5834683137962626,1.8754584881047018,3.934463305076854,1.2345739063164405,1.5370436271476975,1.324740194470251,1.9362152870078797,1.7452083976086126,1.7806503632131958,3.0678647756571,0.9156709339958492,90.82499369270879
159,2025-05-23 14:52:22+07:00,660.8333333333334,38.90792741386334,,,,,,,28.21505600694176,28.293701612521858,0.05887706544342498,0.042696175546444025,660.0,37.065,0.05615909090909091,45.0,1.3789775006752,630.0,690.0,4.444444444444445,41.11111111111111,580.0,770.0,7.826086956521739,54.6875,,,0.030037338776507272,0.028515747513660147,0.0020700591978289455,0.06062314548799637,1.053359683526382,0.4954764147375822,0.4703772343734025,-3.5572987999649945,20.00666827508296,51.3769047442134,0.3894097625127235,3229.1824251557164,2.567989034346118,4.2160626901293385,527.7413120071402,0.5666666666666667,0.5225806451612903,0.7777777777777778,0.1702127659574468,50.372208436724556,50.373701909349045,50.36910724844681,45.16129032258064,0.4470175438596491,0.5529824561403509,13.376568478861193,14.877779222946598,0.5618549060329583,0.43814509396704165,38.51057693208919,34.00767274386203,0.5467334553488997,0.4532665446511003,28.827045633502077,26.24757245975671,1.2075220359374947,1.042108700764918,1.3555436272180068,1.67341600662157,-0.35920356891705296,-1.255154373692311,-0.1949719552574105,0.0005027282309633883,0.08334596309902581,0.6071591831394005,1.2795372974559047,0.8499411993241707,0.6356149824937987,0.46658825475755794,1.070213029152598,-0.6675029069152696,0.00020244086981246939,0.08676590457266392,0.5883333103768402,1.9095425048844383,3.939005004373131,1.2490906120153789,1.3716366729543104,1.313016495255512,1.9052492695662036,1.742557019486889,1.7825844792812382,3.2700247337549033,0.9572923400865695,90.79445145018914
160,2025-05-23 14:52:23+07:00,660.8333333333334,38.89356627010056,,,,,,,28.13574437849199,28.21461105872993,0.058855333573922655,0.04257615794979872,660.0,29.651999999999997,0.044927272727272725,42.5,1.3823542660499948,630.0,690.0,4.444444444444445,40.55555555555556,580.0,770.0,7.826086956521739,54.6875,,,0.02978566113747136,0.028562278303261565,0.0020944308277803508,0.060442370268513276,1.0428321165846945,0.49279439249568674,0.4725539083986046,-3.5556683721692477,19.950742808168886,51.39876975285704,0.3881560376658608,3221.526193513998,2.576283512201444,4.2150317768104895,529.6712122468955,0.5611111111111111,0.5192307692307693,0.7654320987654321,0.17391304347826086,49.8759305210918,49.883706510609606,49.867903802806005,46.15384615384615,0.4438955539872971,0.5561044460127029,13.292305791638519,14.8777792229466,0.5608316190812791,0.43916838091872085,38.491866376611334,34.061851901391236,0.5455202610849533,0.45447973891504684,28.795044455716067,26.282675563563267,1.212093628645287,0.6992294650682316,1.2975851931817426,1.5232082019268303,-0.05670115884693061,-0.9812531518845105,-0.1773262283461249,0.00015382980689801856,0.03318025199012954,0.7816080342608333,0.694818331573561,0.4028731776780585,0.5559209652592915,1.0,1.5451862139226402,-0.27972977881193156,0.0004974463304303528,0.05561507406594988,0.5825304717345992,1.9383629434199303,3.936248093109209,1.2433907303728176,1.6242432370533446,1.2498238976515164,1.8823162366764057,1.7534734247356685,1.7844079706092073,3.479051875268785,0.9156709339958492,90.79445145018914
161,2025-05-23 14:52:24+07:00,660.6111111111111,38.89771558958371,,,,,,,28.1853402999011,28.2641796334982,0.05888141288474534,0.04266555591608946,660.0,29.651999999999997,0.044927272727272725,42.5,1.3800690421225887,630.0,690.0,4.444444444444445,41.11111111111111,580.0,770.0,7.5,54.6875,,,0.029117969604865086,0.02853826341874644,0.0021354851727423707,0.0597917181963539,1.0203132957886232,0.48699001271785997,0.47729458660190677,-3.5565095160605953,19.985793083521283,51.39290742310936,0.3888823202583488,3226.817822195348,2.5714720055559823,4.215744556912437,528.6216908906239,0.5666666666666667,0.5256410256410257,0.7804878048780488,0.1702127659574468,50.247524752475236,50.26002139806091,50.23387605878465,45.51282051282051,0.44514767932489446,0.5548523206751054,13.334503693952952,14.88721644509631,0.5615914968348038,0.438408503165196,38.513540909330246,34.02848953488289,0.5462948278931982,0.45370517210680195,28.819280196933263,26.26373272698285,1.1235422777575808,1.1207526984795486,1.0966873769086645,1.6176121064382332,-0.7255472800965954,-1.600354096531106,-0.03520100354317874,0.00033888006811245167,0.08168986332635016,1.0624664372196237,1.1442661533510705,0.23644294600443327,0.8085760226799685,1.8216778606218709,-0.4510982585516996,0.0,6.211819564956902e-05,0.058126000577795364,0.5931983069574178,1.9534008207844709,3.9338847969798176,1.2496739594342574,1.3824494609644598,1.263921000091409,1.8803671926578416,1.7464530573317747,1.7869000710819936,2.9626624634313763,0.8740495279051288,90.82499369270879
162,2025-05-23 14:52:25+07:00,660.6666666666666,38.87524811755055,,,,,,,28.1853402999011,28.2641796334982,0.0588424542647082,0.042661968163321545,660.0,29.651999999999997,0.044927272727272725,42.5,1.3792719088684184,630.0,690.0,4.444444444444445,41.11111111111111,580.0,770.0,7.826086956521739,54.6875,,,0.02884248602367335,0.028594395761937917,0.002161869843274785,0.05959875162888605,1.0086761847951222,0.483944465871901,0.4797817903970813,-3.554544532737299,19.985793083521283,51.32409719355679,0.3894036948794161,3222.4974191241313,2.568029048388108,4.215162688163928,527.2070899013935,0.5666666666666667,0.5256410256410257,0.7804878048780488,0.17391304347826086,50.247524752475236,50.26400813724412,50.230156066568085,45.51282051282051,0.44514767932489446,0.5548523206751054,13.334503693952952,14.887216445096309,0.5629125680288843,0.4370874319711157,38.5071867620819,33.931689029634356,0.5474063122527987,0.45259368774720143,28.815034453336164,26.201037516546503,1.1665522242841744,0.9806197709372924,1.1534828348545574,1.6027579736183983,-0.2305193714143705,-1.1223110991455263,-0.04184572646907112,0.0004567794089134169,0.07451054715999354,0.8853179606671677,0.7143091312947643,0.9064864844880485,1.2145271508111413,-1.1312985727278084,-2.1312985727278084,-0.06875720493067876,0.00029386718857571473,0.03225974710646814,0.5931983069574178,1.9534008207844709,3.935802587527206,1.25059079239776,1.679154293098064,1.248031623647091,1.8719614069402795,1.7479905680588406,1.7874294853107415,2.8423591714471605,0.8740495279051288,90.81735620585268
163,2025-05-23 14:52:26+07:00,660.8888888888889,38.78444785486291,,,,,,,28.17542809973527,28.254406173314653,0.05868527752080804,0.04263262489872519,660.0,29.651999999999997,0.044927272727272725,40.0,1.3765344653353224,630.0,690.0,4.444444444444445,41.11111111111111,580.0,770.0,8.181818181818182,54.6875,,,0.02819989923132769,0.02858776854647856,0.002207081236887903,0.058994749014694155,0.9864323333064536,0.47800693624959373,0.48458157758003245,-3.5547763258346463,19.97888220354984,51.24000642799354,0.3899078785562942,3216.105113188126,2.5647083708661755,4.214300344482101,525.6626936364468,0.5722222222222222,0.5290322580645161,0.7804878048780488,0.1956521739130435,50.12406947890818,50.132509897171886,50.114703435218956,45.806451612903224,0.44475721323011963,0.5552427867698803,13.323966747468278,14.887216445096309,0.5609880859894265,0.43901191401057355,38.378323080392974,33.950590219873874,0.5456495499991636,0.45435045000083674,28.726501460764975,26.213277072515577,1.237794301125535,0.9025921640183541,1.2437498494464823,1.6611302848553167,-0.4197669281791683,-1.3638467316203773,-0.03757582654977833,0.0003106427428586561,0.05833380738161468,0.644903546582478,1.0135469049634993,0.8966253913025899,0.792387328770174,0.6184886809197314,0.40502751481047183,-0.6028448333490494,0.0003894814584925515,0.07546145166786358,0.589888420852354,1.93836294341993,3.936332609700427,1.248583482779738,1.5422230080159736,1.2579682523944282,1.8807549408860926,1.756866445410868,1.7866847717581902,3.0999895631444963,0.8740495279051288,90.78681909885677
164,2025-05-23 14:52:27+07:00,660.9444444444445,38.77592442911054,,,,,,,28.16551241120024,28.244295970143007,0.05866744891350674,0.042614039119240506,660.0,29.651999999999997,0.044927272727272725,40.0,1.3767164560333363,630.0,690.0,4.444444444444445,41.11111111111111,580.0,770.0,8.181818181818182,54.6875,,,0.0279065224709283,0.02859852393536735,0.0022328253918600925,0.05873787179815575,0.9758028957717197,0.4751027168097791,0.4868838972178302,-3.554400173139697,19.971733210327994,51.21215998654742,0.38998029404684814,3213.207131698706,2.5642321298415927,4.213908832168867,525.2794643043715,0.5722222222222222,0.525974025974026,0.7777777777777778,0.17391304347826086,50.24875621890548,50.261399887280376,50.2349637215149,45.45454545454545,0.4450704225352112,0.5549295774647887,13.323966747468278,14.8777792229466,0.5614551012183749,0.4385448987816251,38.37342905830719,33.914086642497004,0.5460911582501042,0.45390884174989576,28.72323230053135,26.186958466014485,1.1677920449638826,0.7038465229484712,1.1755371442722602,1.474366662551932,0.09177269388161235,-0.8175300183460155,-0.07543369394246582,0.0002016086875244402,0.03621820179352212,0.7997700247094003,1.3618945133751614,1.0369889383800408,1.1078005270468485,-0.33584231627044936,-0.4694956691045573,-0.4480050855838192,0.00018818264662813164,0.09426477467936717,0.6005997654079538,1.9924301646902063,3.9387078825726363,1.2506036702735546,1.7206269865676216,1.2618301967708763,1.89629100133503,1.7539762026150638,1.7848288653944928,2.954288859340173,0.8740495279051288,90.77918803059595
165,2025-05-23 14:52:28+07:00,661.1111111111111,38.749862337313786,,,,,,,28.10594481739072,28.18389266785197,0.058613237148878,0.042513193841431346,660.0,29.651999999999997,0.044927272727272725,40.0,1.378706981354958,630.0,690.0,4.444444444444445,41.11111111111111,580.0,770.0,8.571428571428571,54.6875,,,0.018923181447572848,0.02509042588239432,0.002168624350811419,0.04618223168077859,0.7541992924421039,0.4097502601947412,0.5432917589566628,-3.6852689445591724,19.92902162567194,50.98228512456561,0.39090090954101275,3191.9431562580858,2.558193075514145,4.211025258573045,521.6901151182061,0.5722222222222222,0.5290322580645161,0.7804878048780488,0.17391304347826086,50.497512437810954,50.541466968337055,50.454407391421285,45.16129032258064,0.4476661951909476,0.5523338048090523,13.334503693952952,14.811550306160056,0.565076305952901,0.4349236940470992,38.32417778588485,33.62217710914023,0.5495128019838784,0.4504871980161213,28.692782992663457,25.979153335225373,1.1392470036396383,1.0347539216678017,1.280439430765005,1.596124889522705,-0.4093805303749054,-1.292079162689491,-0.19491735943471217,0.00041646493222137113,0.07783068795449918,1.100349850937829,0.5057841765914075,0.738130312286323,0.9910224005820267,1.378224714994868,-0.20924866572259138,0.0,8.812386843456693e-06,0.010807069831495748,0.6058079647733017,1.9771626925594175,3.9394906080690113,1.2458915296343827,1.572290306909908,1.2689051507386697,1.8685915150030172,1.7615126822065243,1.7824446913972483,2.5627514448311315,0.9572923400865695,90.75630252100841
166,2025-05-23 14:52:29+07:00,661.3888888888889,38.4876660050038,,,,,,,28.115881513765302,28.193356608453378,0.05819218715582263,0.0425103626415603,660.0,29.651999999999997,0.044927272727272725,40.0,1.3688941599131637,630.0,690.0,4.444444444444445,41.11111111111111,580.0,770.0,8.571428571428571,54.6875,,,0.02716530717706259,0.02858794155429719,0.002310022027804665,0.05806327075916445,0.9502365577971892,0.4678569915521843,0.4923584424459071,-3.5547702740403326,19.935713642247944,50.59435828679495,0.39403036854903906,3168.7191711552978,2.537875452804204,4.207853861357224,513.6087197857515,0.5722222222222222,0.532051282051282,0.7831325301204819,0.17777777777777778,50.62034739454094,50.668374982356966,50.57295180215626,44.871794871794876,0.4480565371024735,0.5519434628975264,13.345032320697069,14.811550306160056,0.566287215978366,0.43371278402163416,38.073295595787116,33.319862738738784,0.5503963717959605,0.44960362820403943,28.527756003273655,25.783669981213915,1.221234238628511,0.8406474964605657,1.336443038724417,1.567270961441693,-0.11601583967894236,-0.9420822889708553,-0.22541651085723058,0.0002346044354092726,0.047887020716643296,0.9195193316574095,0.22383299164105486,0.8812727264000108,0.9071267921621404,0.5375700419077987,-0.08944712832481239,-0.3844939453626657,4.986120579769004e-05,0.0022926317633046637,0.619785686101185,1.9999773703255888,3.9293361379999614,1.2501357018177228,1.480478951950436,1.2855862728159428,1.8590837717763566,1.7528482460491217,1.7843155224019855,2.5659008762189703,0.9572923400865695,90.71818563628727
167,2025-05-23 14:52:30+07:00,662.0,38.088400556904986,,,,,,,27.876423229443176,27.954561982302128,0.05753534827327037,0.042109400648705705,660.0,29.651999999999997,0.044927272727272725,40.0,1.3663302584915515,630.0,690.0,4.444444444444445,40.55555555555556,580.0,770.0,8.571428571428571,54.6875,,,0.026751964253212877,0.028456476048246734,0.0023612143334130267,0.05756965463487264,0.9401010936089229,0.4646886354084181,0.4942964523363549,-3.5593795152010093,19.76686034278549,50.265692917753704,0.39324754510255416,3121.4705388222906,2.5429275082676286,4.201329350274337,511.28805297075684,0.5722222222222222,0.532051282051282,0.7831325301204819,0.15217391304347827,49.87468671679198,49.88092799831884,49.86821746138234,45.51282051282051,0.4378145219266716,0.5621854780733286,13.079274281485844,14.821029699326377,0.5599106092372115,0.4400893907627886,37.61239791683727,33.34587541881919,0.5435579896766451,0.4564420103233547,28.158123985671004,25.80320066189197,1.2093063905595332,0.5467062688682947,1.2980091060042795,1.452576551591717,0.4280277271630233,-0.5118063260330499,-0.21727515415654786,0.00022290566636032238,0.026240595753278844,0.6298285269390697,0.696478578203835,0.6001397043508145,0.5501614771538295,0.9835406575027212,1.0639165221423523,-0.5717584556956153,0.00039264198207047263,0.04341313183021363,0.6207907118092528,1.8577174370198524,3.9154420366396185,1.2466092296315794,1.3950551994531142,1.2550839587762739,1.89614927654153,1.7304639005222533,1.7825899186221794,3.4559314036572144,0.9572923400865695,90.63444108761328
168,2025-05-23 14:52:31+07:00,661.731843575419,38.31882282295728,,,,,,,28.104939787329883,28.183319508323013,0.057906874506621804,0.04247179587954453,660.0,29.651999999999997,0.044927272727272725,40.0,1.3634194953953243,630.0,690.0,4.4692737430167595,41.340782122905026,580.0,770.0,8.523809523809524,54.6875,,,0.026464880857546016,0.028025057657899873,0.0022960841431581345,0.056786022658604024,0.9443292206781931,0.4660456855140593,0.49352034789239835,-3.574656252652261,19.928616340682314,50.45982932664829,0.39494022486036895,3159.1685427151892,2.5320287401809978,4.206542906243195,511.0629523188058,0.5642458100558659,0.5256410256410257,0.7804878048780488,0.15217391304347827,49.50248756218905,49.488124300509625,49.51663947127974,45.51282051282051,0.43314366998577525,0.566856330014225,13.116169345700165,15.004707359287387,0.5589770827437825,0.4410229172562175,37.72617531917521,33.510148783037806,0.5419972563244396,0.4580027436755602,28.242682260350463,25.9621966944169,1.1858324362480646,0.29668576174996697,1.187881653586686,1.2899069842301016,0.964851421689898,0.053388087475791046,-0.1561165253039757,0.00038329341023923754,0.016900511347654096,1.0145834038717234,0.6450218273192605,1.0907295282430935,1.193975252159946,0.02014670489467285,-0.6535902816377126,-0.33993452695089976,1.661126640465108e-05,0.017050493405221478,0.6169179496668313,1.889951495407269,3.9215620788010614,1.2447486519157185,1.710395865328871,1.3155829024284469,1.8937995558888354,1.7353254985174102,1.7842576513289445,3.2729257518646184,0.961607613838424,90.67116926973407
169,2025-05-23 14:52:32+07:00,661.6111111111111,38.20210718235243,,,,,,,27.88644171071161,27.964440237029326,0.05774103025294682,0.042149294717676464,660.0,29.651999999999997,0.044927272727272725,40.0,1.3699168785553022,630.0,690.0,4.444444444444445,40.55555555555556,580.0,770.0,8.181818181818182,54.6875,,,0.026098173538486653,0.027784718737529458,0.002411566450738141,0.05629445872675425,0.9392995403345671,0.46360110974978347,0.4935604563211586,-3.583269095118496,19.77384532368938,50.37646236666486,0.3925215149044316,3129.45471702354,2.547631052130921,4.202438781687794,513.3625592872805,0.5611111111111111,0.5222929936305732,0.7804878048780488,0.15217391304347827,50.25000000000001,50.267417611367414,50.231759944837975,44.5859872611465,0.4389367816091953,0.5610632183908046,13.100733318526334,14.811550306160056,0.5623168331990557,0.4376831668009443,37.776194743833535,33.327872288160926,0.545844899403996,0.454155100596004,28.27251406231132,25.78884539609979,1.1627076599073232,0.3047626292176826,1.286851136864513,1.2152327643605352,0.9127317181316013,0.1512030643176443,-0.7349972261619486,8.448703788636911e-05,0.007773027024729306,1.0632487238120019,1.800302583581914,1.3344260392671332,1.963400015602959,-3.127971262466385,-4.140761395942761,-0.15062874315027208,0.0014660119022363337,0.22967107594396755,0.6256557083898295,1.8971199848858813,3.9140088979304326,1.243078219779791,1.526071826547315,1.2716349742584474,1.9573196616996096,1.731814043927148,1.7835876086779894,2.826946231841746,0.9572923400865695,90.68771517339827
170,2025-05-23 14:52:33+07:00,662.0111731843575,38.224350851964886,,,,,,,28.03488997980508,28.113464998796534,0.05773973672997228,0.04234806165725831,660.0,29.651999999999997,0.044927272727272725,40.0,1.363456424458943,630.0,690.0,4.4692737430167595,41.340782122905026,580.0,770.0,8.523809523809524,54.6875,,,0.026087372994154687,0.027427094596560554,0.0023652356937525383,0.05587970328446777,0.9511533532037377,0.46684881022634006,0.49082391252038277,-3.596223900292976,19.87922174329968,50.4070430894057,0.39437389152227015,3148.041674143218,2.535664813256357,4.205010582927929,511.26146200841214,0.5642458100558659,0.5256410256410257,0.7804878048780488,0.15217391304347827,50.374064837905244,50.38211167735563,50.364427525265185,44.871794871794876,0.4417441029306648,0.5582558970693353,13.21273140521825,14.853331913296545,0.5599321582719327,0.44006784172806723,37.71889207119575,33.438827340962334,0.5440239243261773,0.45597607567382253,28.260317498791075,25.8725399107359,1.1864205239682073,0.1505467033244905,1.2710810745074435,1.2553155540034,0.9177963289810833,-0.0694470277648116,-0.60472179168256,6.624052296350207e-05,0.003435870698558818,0.7057032507136538,2.957230919161705,1.0321167104050057,1.736376782305554,-2.9105894964896812,-2.838591932640359,-0.26185151205568113,0.002149773370575266,0.5074287515137249,0.6277063254006432,1.9900349539642515,3.916057445545135,1.2515716004847923,1.7237261703675064,1.1929406773070401,1.9704217991652058,1.7368502016965706,1.7857433248128396,3.097802605320335,1.0034166405270513,90.63291139240506
171,2025-05-23 14:52:34+07:00,661.8888888888889,38.18199418996841,,,,,,,28.046250707910136,28.12402921695513,0.057686410560637176,0.04237304958388303,660.0,29.651999999999997,0.044927272727272725,40.0,1.3613938842527566,630.0,690.0,4.444444444444445,41.66666666666667,580.0,770.0,8.571428571428571,54.6875,,,0.025908353608682242,0.027098457707989083,0.002480539489101545,0.05548735080577288,0.9560822201716677,0.4669236002881354,0.4883718057263922,-3.6082784638602967,19.88669177359756,50.304202971599416,0.39532863257619094,3142.799588810354,2.529541039017132,4.204286797613531,508.9861834068331,0.5611111111111111,0.5222929936305732,0.7804878048780488,0.14893617021276595,49.5049504950495,49.49825020208526,49.51195751836682,45.85987261146497,0.4360795454545455,0.5639204545454546,13.132856129279705,14.934313103225353,0.5591189654117308,0.44088103458826944,37.61459449688773,33.40142388346003,0.5424879076856582,0.45751209231434176,28.17205733770305,25.87169133732604,1.1832282050544354,0.564541190157005,1.1884668030475396,1.4177581745969787,0.5620425464445464,-0.3424762024835353,-0.09384474410862612,0.00029455654781088066,0.03049445550891688,0.7086224343809948,2.5964780139619035,1.0561272965446686,1.5145417657225744,-2.1924873289457896,-2.0048650270417907,-0.3234475829516376,0.0008926669902059057,0.3553004590449279,0.6275574343435002,2.0222831278398874,3.918435353276244,1.251612018073749,1.5724903579607779,1.2221894999509382,2.001784348526016,1.7529016792364367,1.788410200494432,3.4848441933654732,0.99891374617729,90.64965586704717
172,2025-05-23 14:52:35+07:00,661.8333333333334,38.20665653197038,,,,,,,28.056208546217125,28.134405749783987,0.05772851654289153,0.042391652298489735,660.0,29.651999999999997,0.044927272727272725,40.0,1.3617897254018616,630.0,690.0,4.444444444444445,41.66666666666667,580.0,770.0,9.0,54.6875,,,0.024895368114782865,0.025488114951472372,0.002426786111978815,0.05281026917823405,0.9767441869350457,0.47141149822132666,0.48263558107326204,-3.669543015801373,19.894029090326047,50.34265239514995,0.3951724461034289,3146.3621920150267,2.5305408053128002,4.204778824733332,509.57654453442046,0.5555555555555556,0.5189873417721519,0.7804878048780488,0.14893617021276595,50.37037037037037,50.38964188243013,50.34997277361518,44.936708860759495,0.4428672817601135,0.5571327182398865,13.239369277892525,14.84943157085577,0.5611217776502345,0.4388782223497655,37.71070534893632,33.350942299500346,0.5451487971284091,0.4548512028715909,28.261088061066395,25.81463703252604,1.209099274058284,0.2611920152198417,1.2926914814715706,1.30931535217182,0.911523816610829,-0.02771632439640115,-0.43635383269179495,0.00019713666101183995,0.009630363911037661,1.0348408178365514,0.1877451076808816,1.0127203260423696,0.9647459210646052,0.8996434798568256,0.3717945974317285,-0.7555294546439449,2.964694075934517e-05,0.0025216629346138395,0.6361872228105536,2.205129756843333,3.924964355082604,1.2523237130433493,1.4014554874660448,1.4005252960114454,1.9771880977791398,1.7845159801869102,1.7903539257973873,2.846214662980714,0.9572923400865695,90.65726517250063
173,2025-05-23 14:52:36+07:00,661.7777777777778,38.216606346204166,,,,,,,27.97644659791179,28.054418633630714,0.057748397769616766,0.04227468424801983,660.0,29.651999999999997,0.044927272727272725,40.0,1.366027891085236,630.0,690.0,4.444444444444445,41.11111111111111,580.0,770.0,9.0,54.6875,,,0.02454367439692413,0.02478503262498138,0.00240821159459124,0.05173691861649675,0.9902619362375186,0.47439381882898174,0.47905892518845267,-3.6975153311908624,19.837469658086512,50.38035606708718,0.3937540582617293,3139.7667123269202,2.539656364215293,4.20386749073789,511.79516766884194,0.5611111111111111,0.5253164556962026,0.7951807228915663,0.14583333333333334,49.62779156327544,49.62152254736915,49.63402392664562,45.56962025316456,0.436830835117773,0.563169164882227,13.111449666591048,14.88721644509631,0.5597522288358898,0.44024777116411,37.69286494136482,33.42795551568356,0.5432518778605786,0.45674812213942156,28.219338934917662,25.875252882258607,1.2086011537355659,0.14830406012181285,1.1422003578120936,1.216352387873,0.985434642666946,-0.479928266814035,0.0,6.507594276462816e-05,0.0030349615883322146,1.052177029781708,1.0040629666518632,1.3196314331779773,1.4936806545195103,-1.5738923633782615,-2.5738923633782615,-0.32665507331485827,0.0007667996181836026,0.08127649281450273,0.6346321123350389,2.159484249353372,3.923625072632252,1.253446735575381,1.50753134962696,1.2487333639278886,1.7112430295659156,1.7739312632000428,1.7867786695958625,3.2700247337549033,0.9572923400865695,90.66487575554063
174,2025-05-23 14:52:37+07:00,661.3888888888889,38.37136806300619,,,,,,,28.006383949011365,28.084049358753624,0.058016348184301667,0.04234480563479249,660.0,29.651999999999997,0.044927272727272725,40.0,1.3700936233990575,630.0,690.0,4.444444444444445,41.11111111111111,580.0,770.0,8.571428571428571,54.6875,,,0.024126684984569782,0.02358656995553459,0.002391478667242675,0.050104733607347046,1.022899261319192,0.4815250625548081,0.47074534195459733,-3.7470777986129167,19.8584217447524,50.61984755179132,0.39230504841869396,3158.0240670191715,2.549036786630219,4.2063855453661105,516.1274141725188,0.5611111111111111,0.5253164556962026,0.7951807228915663,0.14583333333333334,49.50495049504951,49.50618020766026,49.50435293896849,46.20253164556962,0.4373219373219373,0.5626780626780626,13.132856129279705,14.896647688642922,0.5588689420928648,0.4411310579071353,37.8421515426001,33.620537366221285,0.5426565678512872,0.4573434321487126,28.324021108287845,26.002409937859916,1.1287426424040707,0.3775062708137422,1.138862369344845,1.2804356285041707,0.7104437638365582,-0.21543593754989976,-0.12497772857082776,0.00011886969605235184,0.013241451439662908,0.6350467987835217,2.4192004844730253,0.9134246606709944,1.4230901925377433,-1.9116534084406709,-1.8718661313614582,-0.2893248058034472,0.001545426944721232,0.34170701869185593,0.6326902897419728,2.1102132003465894,3.9245269808964283,1.2463536164432272,1.5773912914196024,1.140725829124388,1.6247868308053142,1.7559727568595418,1.791397044774662,3.4848441933654732,0.9572923400865695,90.71818563628727
175,2025-05-23 14:52:38+07:00,661.3333333333334,38.35150569178237,,,,,,,28.006383949011365,28.084719881175467,0.05799118804200963,0.04234836282612606,660.0,29.651999999999997,0.044927272727272725,40.0,1.3693844146964997,630.0,690.0,4.444444444444445,41.11111111111111,580.0,770.0,8.571428571428571,54.6875,,,0.024041284313780775,0.02310418756959606,0.0023941638566852036,0.049539635740062045,1.0405596059745414,0.48529392585619896,0.46637782503741765,-3.7677413978145418,19.85889587570382,50.62288556166982,0.3922908711221393,3158.289003679914,2.5491289081989654,4.206421978180188,516.1770440068022,0.5611111111111111,0.5253164556962026,0.7951807228915663,0.14583333333333334,50.24752475247525,50.25650347906511,50.23728379882603,45.56962025316456,0.44373219373219375,0.5562678062678063,13.228756555322953,14.811550306160056,0.5590782225534336,0.4409217774465665,37.85150784857257,33.61457862564052,0.5436945569513717,0.4563054430486281,28.352571721190923,25.974236453178737,1.1709315137681622,0.3581165146048342,1.3663516255337935,1.298371153673608,0.8775153546022678,-0.01924741060378965,-0.6898278048841142,0.0002557842592593113,0.015859978613248144,0.611874633989112,1.5468724655326052,0.9250263183827295,0.9322968976572871,-0.12494524018699416,-0.07308857873516406,-0.49529981983870003,0.0004794892710090432,0.14237220106993412,0.6293204719783541,2.0149030205422647,3.9240814753144253,1.2446591062645642,1.344965070444847,1.216148147899576,1.8006578028073625,1.7423966815558962,1.7936562808395913,3.104587598261914,0.9156709339958492,90.7258064516129
176,2025-05-23 14:52:39+07:00,661.5,38.25049749557799,,,,,,,27.966460359293468,28.044683984542537,0.05782388132362508,0.04227733992334613,660.0,29.651999999999997,0.044927272727272725,40.0,1.3677275209004796,630.0,690.0,4.444444444444445,40.55555555555556,580.0,770.0,8.181818181818182,54.6875,,,0.024054882601990707,0.022353844929965883,0.0024170712501185906,0.04882579878207518,1.0760959771061371,0.4926674668315244,0.45782855554986596,-3.8007569400578145,19.83058622170379,50.36911023967045,0.39370531119855523,3137.976628666686,2.539970814606754,4.203619814643273,511.74427986589257,0.5555555555555556,0.5220125786163522,0.7951807228915663,0.12244897959183673,50.24752475247525,50.2683798134673,50.22622046599244,45.911949685534594,0.44499999999999995,0.5549999999999998,13.228756555322953,14.773571909538061,0.5603323087762189,0.43966769122378113,37.703972631812775,33.39846873908424,0.5448542641369197,0.4551457358630803,28.25411078250815,25.823595228800723,1.2445463529434437,0.2535713097957586,1.0884772925095767,1.215262947407456,0.984205470307778,-0.794273537039287,0.0,0.0001543913473488541,0.006404095472654999,1.0965309817318236,1.0147441535718658,0.11938257412037379,0.6267546509063067,1.0,-2.2311400627250246,0.0,0.0009951086968930062,0.09087407223059754,0.6444230823314134,2.0794415416798357,3.9215738901586503,1.2494926757569622,1.570462366611281,1.2615173110678581,1.7770816422930409,1.7309026322654026,1.794525891224547,2.738821508622442,0.9156709339958492,90.70294784580499
177,2025-05-23 14:52:40+07:00,661.8994413407821,38.20069635403702,,,,,,,27.964664702265114,28.04332330469568,0.05771374617971495,0.0422491136200663,660.0,29.651999999999997,0.044927272727272725,40.0,1.3660344853318693,630.0,690.0,4.4692737430167595,40.22346368715084,580.0,770.0,8.523809523809524,54.6875,,,0.02446883743396693,0.021974127895675155,0.0023773770780962863,0.04882034240773837,1.1135293992160102,0.5012016759245106,0.4501018799120938,-3.817889522402048,19.829624075757057,50.40520126037493,0.3934043229650931,3140.0727273641587,2.5419141113218786,4.203909816865313,512.5027694710656,0.553072625698324,0.5220125786163522,0.7951807228915663,0.12244897959183673,50.24875621890546,50.257916649556,50.23834484228418,45.911949685534594,0.4439655172413793,0.5560344827586208,13.21273140521825,14.78661786199299,0.5588011350438647,0.4411988649561356,37.67940124931139,33.4805471220572,0.5434101438907653,0.4565898561092348,28.233964915444034,25.880408646202856,1.1748158711853214,0.5494074131459858,1.2001782839327335,1.4046812086888323,0.48783011871062953,-0.4224931431504064,-0.12777545431160892,0.0002030900282549101,0.025943023530243196,0.9044600408909915,0.1657083824747423,0.9328329823457362,0.854702155835631,0.47054479817977324,-0.5347978893022836,-0.9714959215899297,0.00013334006398868842,0.00578839364380447,0.6435795165571676,2.065455299705096,3.9221198872207164,1.2474487037430415,1.2417780348597538,1.2052525921464563,1.7716206902988199,1.7219534345382128,1.791139157785001,3.102422052721122,0.9197985871497968,90.64821066846724
178,2025-05-23 14:52:41+07:00,662.3888888888889,38.35097966436627,,,,,,,28.254628334953704,28.332499455408936,0.057897981544795175,0.04265564958728228,660.0,29.651999999999997,0.044927272727272725,42.5,1.357334423575567,630.0,690.0,4.444444444444445,41.11111111111111,580.0,770.0,8.571428571428571,54.6875,,,0.02456670245074826,0.02173358957993499,0.002504859232189418,0.04880515126287267,1.1303564172127771,0.5033628995109125,0.4453134355198339,-3.8288963082993406,20.034102492883818,50.488387483955385,0.3968061467451386,3177.688075229826,2.520122251640124,4.2090813741814745,508.9476349909788,0.5555555555555556,0.525,0.7976190476190477,0.12,50.61124694376527,50.62976846032412,50.590991504173935,45.625,0.4499650104968509,0.550034989503149,13.439418794281613,14.85888679726488,0.5577160767245769,0.4422839232754231,37.70492507218839,33.57701440019172,0.5430568564000541,0.45694314359994587,28.304410895012726,25.96345906157936,1.1506949503368211,0.20482268858686514,1.1340251143856808,1.2163576071758242,0.977721173921605,0.04597464770425397,-0.09803040689397956,0.0001687776579434182,0.00794797174116575,0.6696543669672772,1.6722425727609624,0.8434834935314972,1.1573718707909901,-0.9686742718543204,-1.0716584343737283,-0.3122949490866948,0.0007245420794958513,0.1530690381818063,0.6370651332136612,2.0794415416798357,3.930336353065955,1.250830153076427,1.8215094243293106,1.3088839387650908,1.7705671421506644,1.7240890320243902,1.7893964492968717,2.861646019012701,0.9572923400865695,90.58122955631971
179,2025-05-23 14:52:42+07:00,662.8491620111732,38.14865419263909,,,,,,,28.383410251907538,28.462584344148524,0.05755254193411207,0.042820315508566784,660.0,29.651999999999997,0.044927272727272725,45.0,1.3440475916763832,630.0,690.0,4.4692737430167595,41.899441340782126,580.0,770.0,8.136363636363637,54.6875,,,0.0204942926850384,0.01735757839077146,0.0013085687389611542,0.039160439814771006,1.1807115153767442,0.5233417393159132,0.4432426824844883,-4.053726073099228,20.126086399841483,50.052153337334616,0.40210230845011713,3164.6958083597474,2.4869292689575673,4.207302081787592,497.90466043587855,0.553072625698324,0.5220125786163522,0.7951807228915663,0.12244897959183673,50.48780487804878,50.52380621260163,50.45182714625665,45.911949685534594,0.44979079497907937,0.5502092050209205,13.498273587037286,14.929211497336468,0.5562261543761069,0.44377384562389327,37.32918166643092,33.34291903566114,0.5414114277059446,0.45858857229405525,28.068409232764783,25.83245638485486,1.1877899854078815,0.16032147449114542,1.0892051206762394,1.1693658579218122,0.996888369452211,-0.4703772882310988,0.0,5.0733164185861735e-05,0.0030811513185099192,0.7905197723013386,1.1951798983230129,1.0390876994274725,0.8717188154926423,0.550173208513761,0.8610006105310095,-0.6400365620018121,0.0002794332057997823,0.08515229629265152,0.6422480154551895,2.169053700369523,3.917203978183391,1.2683999175663476,1.3849852910565343,1.2772755040795747,1.7683829361251786,1.735300364287156,1.7982721163716255,2.6734821723254134,0.961607613838424,90.51833122629581
