,Timestamp,HRV_MeanNN,HRV_SDNN,HRV_SDANN1,HRV_SDNNI1,HRV_SDANN2,HRV_SDNNI2,HRV_SDANN5,HRV_SDNNI5,HRV_RMSSD,HRV_SDSD,HRV_CVNN,HRV_CVSD,HRV_MedianNN,HRV_MadNN,HRV_MCVNN,HRV_IQRNN,HRV_SDRMSSD,HRV_Prc20NN,HRV_Prc80NN,HRV_pNN50,HRV_pNN20,HRV_MinNN,HRV_MaxNN,HRV_HTI,HRV_TINN,HRV_ULF,HRV_VLF,HRV_LF,HRV_HF,HRV_VHF,HRV_TP,HRV_LFHF,HRV_LFn,HRV_HFn,HRV_LnHF,HRV_SD1,HRV_SD2,HRV_SD1SD2,HRV_S,HRV_CSI,HRV_CVI,HRV_CSI_Modified,HRV_PIP,HRV_IALS,HRV_PSS,HRV_PAS,HRV_GI,HRV_SI,HRV_AI,HRV_PI,HRV_C1d,HRV_C1a,HRV_SD1d,HRV_SD1a,HRV_C2d,HRV_C2a,HRV_SD2d,HRV_SD2a,HRV_Cd,HRV_Ca,HRV_SDNNd,HRV_SDNNa,HRV_DFA_alpha1,HRV_MFDFA_alpha1_Width,HRV_MFDFA_alpha1_Peak,HRV_MFDFA_alpha1_Mean,HRV_MFDFA_alpha1_Max,HRV_MFDFA_alpha1_Delta,HRV_MFDFA_alpha1_Asymmetry,HRV_MFDFA_alpha1_Fluctuation,HRV_MFDFA_alpha1_Increment,HRV_ApEn,HRV_SampEn,HRV_ShanEn,HRV_FuzzyEn,HRV_MSEn,HRV_CMSEn,HRV_RCMSEn,HRV_CD,HRV_HFD,HRV_KFD,HRV_LZC,HR
0,2025-05-23 14:49:43+07:00,638.1720430107526,37.934332177293705,,,,,,,27.524692471527704,27.670118386176387,0.05944217173527068,0.0431305206377772,640.0,44.477999999999994,0.06949687499999999,60.0,1.3781927706016703,610.0,670.0,4.301075268817205,40.86021505376344,560.0,780.0,6.642857142857143,78.125,,,0.05608242570401282,0.030505233855099165,0.0035438121199548003,0.0901314716790668,1.8384525740863398,0.6222291133080219,0.33845263243586937,-3.489857008284147,19.565728347099892,49.827881008051186,0.3926662734050132,3062.7976893945224,2.546691854455644,4.193088420747676,507.58503475195613,0.5698924731182796,0.5205479452054794,0.7894736842105263,0.08333333333333333,48.70466321243522,48.76997200277358,48.63999799024508,47.94520547945205,0.43902439024390255,0.5609756097560976,12.966567322613495,14.65725638839564,0.5272017848632278,0.47279821513677206,36.17935787858572,34.261812404566776,0.5154182637563549,0.48458173624364487,27.17607223863164,26.35058779307295,1.2071886812152561,0.9751161616058885,1.3838602975105676,1.5102762500819034,0.11428291132692259,-0.43794450745299685,-0.3703580583023614,0.0003022011892677635,0.06263097739170517,0.3634195708667969,2.1102132003465894,3.761101042836951,1.2036424637952858,0.87412689036662,1.1603739107110345,1.4377343793982587,1.8238440998176961,1.6526173259380295,2.3822010674585585,0.914075962843058,94.01853411962932
1,2025-05-23 14:49:44+07:00,637.1739130434783,37.30851733637386,,,,,,,26.74667484725186,26.88918152395277,0.0585531148916137,0.041977040019569624,640.0,44.477999999999994,0.06949687499999999,52.5,1.3948843192449096,610.0,670.0,3.260869565217391,40.21739130434783,560.0,780.0,6.571428571428571,78.125,,,0.05668627403470461,0.02873525905292095,0.002573073575092238,0.0879946066627178,1.9727079519383148,0.6442016867236235,0.3265570486957551,-3.549630371823085,19.013522596143027,49.37459911585143,0.3850871285360744,2949.2802351187247,2.5968149177084774,4.1766861503275745,512.8667821596752,0.5760869565217391,0.5277777777777778,0.8157894736842105,0.08333333333333333,51.33689839572192,51.33982835253096,51.327917676146896,45.83333333333333,0.4761904761904762,0.5238095238095238,13.123346456686349,13.763881881375049,0.5466971461374448,0.45330285386255553,36.50707061791414,33.24281625779723,0.5375884656471099,0.46241153435289006,27.431627980522702,25.441396160530502,1.2375633866950202,0.99057261941112,1.3981038111265462,1.6266999418404877,-0.15184567460794796,-0.9027346540798629,-0.2692282966090479,0.00037448491014400315,0.06901436410943473,0.37315506585328606,2.11021320034659,3.7063503777659506,1.185454586099887,0.0,1.267212440614523,1.5300145548008601,1.813418901859823,1.6493391143289857,2.1979108527444566,0.8508993855726539,94.16581371545547
2,2025-05-23 14:49:45+07:00,638.2795698924731,37.60849973060492,,,,,,,26.74354859221842,26.88209289283653,0.05892167242160137,0.04189942754508614,640.0,44.477999999999994,0.06949687499999999,60.0,1.4062643781516666,610.0,670.0,3.225806451612903,39.784946236559136,560.0,780.0,6.642857142857143,78.125,,,0.05684246129836745,0.031484357931074174,0.0032488857542361397,0.09157570498367777,1.80541910439487,0.6207155195638288,0.3438068856438055,-3.458264430100752,19.008510177011402,49.784533352321944,0.3818155739753428,2972.982775467328,2.6190655074341693,4.180162503007575,521.5558164270897,0.5806451612903226,0.5342465753424658,0.7948717948717948,0.08,51.57894736842108,51.59644519279313,51.555134044717455,45.20547945205479,0.4772036474164135,0.5227963525835867,13.134971356172517,13.748126745523876,0.546484232582504,0.453515767417496,36.80300313704405,33.52668670183772,0.5376647751626358,0.46233522483736417,27.631399823685616,25.622740975685748,1.3142036073222307,0.8032240110071696,1.4120053189052033,1.6046610411807873,-0.14687946290864318,-0.8662236860450951,-0.2601469582140462,0.00010004611381376622,0.03507564123006042,0.39924388462771354,2.1972245773362196,3.6978162391575142,1.1822904726007104,1.2864475825330777,1.2817143367794612,1.5445164509657985,1.792554731088217,1.656230233228489,2.1450835355374327,0.8437624272397459,94.00269541778975
3,2025-05-23 14:49:46+07:00,638.9130434782609,37.48865093434558,,,,,,,27.012410660108248,27.162065049951153,0.058675670057158784,0.04227869650782509,640.0,44.477999999999994,0.06949687499999999,60.0,1.3878306311146296,610.0,670.0,3.260869565217391,40.21739130434783,560.0,780.0,6.133333333333334,78.125,,,0.05760484679271516,0.0355077795230936,0.0034840098960165723,0.09659663621182533,1.6223162238362452,0.596344231556825,0.367588157471955,-3.3380034650131627,19.206480387850576,49.712727860733125,0.3863493558763511,2999.6131886787293,2.588330962094432,4.184035364396997,514.6919709284402,0.5652173913043478,0.5138888888888888,0.7837837837837838,0.08333333333333333,49.999999999999986,50.005065554798065,49.993659471988764,45.83333333333333,0.4593373493975903,0.5406626506024097,13.017082793177755,14.122480109543238,0.548530862331479,0.4514691376685211,36.818672709173114,33.4027042511546,0.5369464725527938,0.4630535274472064,27.613937644871054,25.643567377946326,1.3555530832175973,0.6886295012680628,1.514249134728261,1.6998678338516287,-0.37228218385460643,-1.3802151074622584,-0.2304520082547089,0.00026468292419723754,0.0363069522246,0.37298579914252805,1.9459101490553135,3.6802239865278197,1.1850977259435587,1.0621238105123396,1.2749487706185856,1.5167542509948293,1.7950578622922087,1.6654622384287159,2.287586777550526,0.8508993855726539,93.90949302483838
4,2025-05-23 14:49:47+07:00,640.3260869565217,38.12792484061644,,,,,,,27.595986330233995,27.722239962214246,0.05954454397108661,0.04309677036804494,640.0,44.477999999999994,0.06949687499999999,52.5,1.381647475265043,610.0,670.0,3.260869565217391,42.391304347826086,560.0,780.0,6.571428571428571,78.125,,,0.060265129747798074,0.043102736809927086,0.004081355713808308,0.10744922227153347,1.3981740884239693,0.5608707859746335,0.40114517256348997,-3.1441687848181816,19.60258386696239,49.82692879079376,0.39341344816307944,3068.5083714011143,2.5418551517981554,4.193897422410926,506.6113425806357,0.5652173913043478,0.5138888888888888,0.7837837837837838,0.08,52.820512820512825,52.79715588057601,52.83863518000499,43.05555555555556,0.4891774891774892,0.510822510822511,13.723459233492598,14.023789311975085,0.5640150355460066,0.4359849644539933,37.420489130275286,32.90030130521272,0.5539678807013654,0.44603211929863446,28.183562053814136,25.28929113914078,1.3260301183433072,0.8563610209023078,1.4104093897847365,1.754210628794461,-0.7199422445871804,-1.7176587561013863,-0.09853235887887891,0.0002983016322499764,0.05175441768387094,0.3672358195407188,1.9459101490553135,3.718723605500727,1.1921699090597209,1.4953407983623053,1.2749487706185856,1.5167542509948293,1.805398391590734,1.6785057716801715,2.1195340216571004,1.0636242319658173,93.70225768120862
5,2025-05-23 14:49:48+07:00,641.9565217391304,39.17386240162004,,,,,,,27.67551383324375,27.79174252149283,0.06102260990431839,0.043111196624761684,640.0,44.477999999999994,0.06949687499999999,50.0,1.4154701024760925,610.0,670.0,3.260869565217391,42.391304347826086,560.0,780.0,6.571428571428571,78.125,,,0.06085721420292487,0.04687987474872579,0.004335877082601332,0.11207296603425199,1.298152235455343,0.5430142197211552,0.41829779658368516,-3.060166805459146,19.651729597938093,50.96708219668325,0.38557690083378865,3146.5919256645066,2.5935163590908985,4.2048105338653095,528.7358458089141,0.5543478260869565,0.5068493150684932,0.7567567567567568,0.08333333333333333,53.29949238578679,53.18342761456668,53.41589851429339,42.465753424657535,0.49210903873744616,0.5078909612625538,13.804186160565768,14.023789311975085,0.5892217743853724,0.41077822561462757,39.12273115754389,32.665813542877075,0.5766234824651215,0.42337651753487854,29.335504502062093,25.136845874976817,1.1691987927183474,1.1598060252776259,1.3582885477012074,1.4416764872930634,0.03873423826630429,-0.1512844217069622,-0.4281018223957793,0.0002890519254050218,0.0763379573133441,0.38246982350906933,1.9740810260220096,3.738922415825985,1.1709652832564503,1.4462104748486047,1.2796439167797018,1.5416576044280905,1.785631702294153,1.6826192930758874,2.188814155505521,1.0636242319658173,93.46427362004741
6,2025-05-23 14:49:49+07:00,643.2967032967033,40.05704113594194,,,,,,,27.80887148615228,27.950375143487303,0.062268376210637445,0.04322868645780419,640.0,44.477999999999994,0.06949687499999999,50.0,1.4404410893080921,610.0,680.0,3.296703296703297,42.857142857142854,560.0,780.0,7.0,78.125,,,0.06021910078869157,0.0516427923933817,0.003867124522844265,0.11572901770491753,1.166069803700409,0.5203457350881218,0.44623892449393276,-2.9634046402328558,19.76389980066779,52.79787382697515,0.37433135783907545,3278.2264494359115,2.6714299485160917,4.222609059911239,564.1832854374212,0.5714285714285714,0.5277777777777778,0.7894736842105263,0.08,52.040816326530624,51.95563136257635,52.122656445532364,44.44444444444444,0.48563218390804597,0.5143678160919539,13.779972440082679,14.18180508629342,0.5497657235896638,0.450234276410336,39.147610933604234,35.42710881288986,0.5418764881264094,0.4581235118735904,29.346405932058254,26.983361858244763,1.2088229319117785,1.1238533032173776,1.2905687419747185,1.7586783997963162,-0.5256018155492352,-1.5014594481009333,-0.08347797129617433,0.0008656182698590938,0.10856662544588827,0.35008877511315273,1.88706964903238,3.795180621756871,1.1659160962739035,1.5604014809331863,1.2651420206147634,1.5069475009910072,1.8007177317915124,1.6750069485631367,2.4182743570276437,1.0727134022305544,93.26955927570891
7,2025-05-23 14:49:50+07:00,644.5652173913044,40.69217176324415,,,,,,,27.715192009651823,27.86326284485391,0.06313119396658451,0.04299827428141598,640.0,44.477999999999994,0.06949687499999999,50.0,1.4682262258573957,610.0,680.0,3.260869565217391,42.391304347826086,560.0,780.0,7.076923076923077,78.125,,,0.05400638197704841,0.05126251405216789,0.00440319200059441,0.10967208802981071,1.053525816585745,0.4924350666358114,0.4674162311766498,-2.970795514142214,19.70230210357937,54.08761489906987,0.36426642476923465,3347.8398725832644,2.745243404284397,4.2317347874441325,593.9346722205842,0.5760869565217391,0.5277777777777778,0.7894736842105263,0.07692307692307693,51.26903553299491,51.226750413915546,51.30712188986565,45.83333333333333,0.48211731044349077,0.5178826895565093,13.682917167849192,14.181364924121763,0.5298355597306749,0.47016444026932525,39.370268988290995,37.08708677234837,0.5242436206610922,0.47575637933890785,29.4723624980473,28.07635229486559,1.3089963246811696,0.6045833796825528,1.4489120626602938,1.611288014522446,-0.1990302448757344,-1.1928581057828926,-0.2314250485228183,0.00014416458644064156,0.025719217433692678,0.33101783200221035,1.8562979903656263,3.872669853072638,1.148013229073853,1.5246582475552413,1.1924358928189438,1.4646282993275133,1.8067479588144677,1.674433519077309,2.516370960809459,0.9927159498347627,93.08600337268128
8,2025-05-23 14:49:51+07:00,645.2747252747253,41.96137534396389,,,,,,,28.24496021908648,28.381210925241035,0.0650286981658841,0.04377199216513743,640.0,44.477999999999994,0.06949687499999999,50.0,1.4856234534757307,610.0,680.0,3.296703296703297,42.857142857142854,560.0,780.0,7.0,78.125,,,0.04950262004835758,0.04678317606905199,0.0035022842265826004,0.09978808034399216,1.0581286737628008,0.4960774861858332,0.4688252936400797,-3.0622316263930287,20.068546703523662,55.44485850447967,0.3619550530894082,3495.643021671481,2.762773972803152,4.250497185630661,612.7264480077197,0.5714285714285714,0.5211267605633803,0.7837837837837838,0.08,52.52525252525251,52.42662532497734,52.620537372854415,45.07042253521127,0.49860724233983295,0.501392757660167,14.181805086293421,14.221363894199314,0.545807624240685,0.454192375759315,40.96199294638321,37.36639490828925,0.5403326456401689,0.45966735435983114,30.6513332633767,28.270962660063955,1.2766967377567342,0.9944805432744803,1.2759574544091323,1.7593908277487176,-0.8432252455160363,-1.8141328822255227,-0.013883527828702986,0.0003133603810133257,0.06665314062082756,0.36566511624933185,2.1102132003465894,3.9021605383979265,1.1434237873444597,1.465804154669086,1.1603739107110345,1.4110534768404133,1.7587416059855567,1.6862157929622492,2.3441479749426573,0.9296849485998138,92.98365122615803
9,2025-05-23 14:49:52+07:00,646.1538461538462,42.157620393766976,,,,,,,27.988092706244444,28.144668181845155,0.06524393632368698,0.04331490537871164,640.0,44.477999999999994,0.06949687499999999,55.0,1.5062698568366952,610.0,680.0,3.296703296703297,42.857142857142854,560.0,780.0,7.583333333333333,78.125,,,0.05091965272009328,0.04937325847765667,0.002872182384126633,0.10316509358187657,1.0313204817773252,0.4935744344542381,0.4785849240612744,-3.0083463277214983,19.901285725627968,56.38202359147516,0.35297217903752215,3525.101826825332,2.833084473475448,4.254141776591231,638.9401424805388,0.5714285714285714,0.5211267605633803,0.7837837837837838,0.08333333333333333,49.746192893401,49.75883220232897,49.73339534582328,47.88732394366197,0.4709219858156029,0.5290780141843971,13.657117336121274,14.475861349078773,0.5244543606962976,0.47554563930370236,40.83142241190938,38.880940421881355,0.5185236112202405,0.48147638877975946,30.444391192076413,29.33665019977264,1.2920499031203345,0.7109812179065269,1.4048645484306075,1.647540512073598,-0.33783666928760603,-1.326187222292122,-0.15867457883409905,0.00019191262518699457,0.03529307108644709,0.35590264337720345,1.856297990365626,3.9155704630666612,1.1289162589413337,1.3755379409302952,1.1573157209330016,1.3954151777347648,1.7385672384093542,1.692933194943088,2.6445938120739934,0.8581707217844434,92.85714285714285
10,2025-05-23 14:49:53+07:00,646.1538461538462,42.157620393766976,,,,,,,27.82884195298907,27.982739463197106,0.06524393632368698,0.04306844587962594,640.0,44.477999999999994,0.06949687499999999,55.0,1.5148894971980271,610.0,680.0,3.296703296703297,41.75824175824176,560.0,780.0,7.583333333333333,78.125,,,0.05065960282749841,0.04818132634726898,0.0025279207427984555,0.10136884991756584,1.051436452005641,0.49975513058198157,0.4753070236709849,-3.032783753173311,19.786784830603082,56.478040322780515,0.3503447484636263,3510.788951354569,2.8543313532893517,4.2523748328999345,644.8281650626108,0.5824175824175825,0.5352112676056338,0.7894736842105263,0.08,50.76923076923075,50.75872946091564,50.775557901091936,46.478873239436616,0.4777618364418939,0.5222381635581059,13.677669819285493,14.300153216748127,0.5286810158449353,0.4713189841550648,41.06543967488351,38.773685703194715,0.5231136678648667,0.47688633213513354,30.60595519973923,29.22236373937432,1.1826365239742584,0.886678878494144,1.320069327658051,1.564384741634791,-0.04371974189347405,-0.9054431475238855,-0.22446009496508673,0.0004195480104841492,0.06236325732426744,0.36566511624933185,2.0794415416798357,3.9155704630666612,1.1210172212570026,1.5943147126353088,1.155245300933242,1.4059248670626212,1.7525428881844862,1.6937225875127206,2.511391594469386,0.8581707217844434,92.85714285714285
11,2025-05-23 14:49:54+07:00,647.5824175824176,42.82628111440864,,,,,,,27.668674625929512,27.796523013417623,0.06613255695589998,0.04272610539554701,640.0,44.477999999999994,0.06949687499999999,60.0,1.5478255353176287,610.0,680.0,3.296703296703297,40.65934065934066,560.0,780.0,7.583333333333333,78.125,,,0.033301479500398246,0.03218056049936065,0.0016578474160244049,0.06713988741578329,1.0348321776763294,0.49600142005257086,0.47930614330752686,-3.4363927199387385,19.655109916195528,57.03586492410234,0.3446096581922724,3521.8704881859235,2.901833933632984,4.253743491320371,662.0344330834697,0.5824175824175825,0.5352112676056338,0.7894736842105263,0.08,52.84974093264248,52.85460682543439,52.837536323370514,43.66197183098591,0.49056603773584906,0.5094339622641509,13.779972440082677,14.042471692545973,0.5482039547534755,0.4517960452465246,42.22980868501577,38.33709882173422,0.5420750057874836,0.45792499421251653,31.4105426729822,28.869743307686083,1.157552741425725,1.251882023897414,1.366195165625849,1.6011601195391707,-0.35098700305744224,-0.9031346992811828,-0.31231062557970246,0.0005020967566841875,0.10342378481069443,0.35026184557022155,2.0794415416798357,3.9108511274307163,1.104262842311678,1.1610977247853431,1.155245300933242,1.4059248670626212,1.761190468008881,1.6918332885593574,2.1150778847696934,0.7866564949690732,92.65229933819785
12,2025-05-23 14:49:55+07:00,648.5714285714286,42.78035448846503,,,,,,,27.547938015192514,27.664162153685737,0.06596089899102538,0.042474794296552335,640.0,44.477999999999994,0.06949687499999999,55.0,1.5529421644869368,610.0,690.0,3.296703296703297,40.65934065934066,560.0,780.0,7.583333333333333,78.125,,,0.0438361843140741,0.038567746194680376,0.001461265693062729,0.0838651962018172,1.1366021777056912,0.5226981668126622,0.4598778509009758,-3.255338942623338,19.56151665471543,56.732777034202044,0.3448009718072241,3486.4740650311405,2.9002238443779484,4.249356548911661,658.1510108494816,0.5934065934065934,0.5441176470588235,0.8108108108108109,0.08,53.43915343915343,53.5615570498185,53.31656814338377,44.11764705882353,0.49926793557833105,0.5007320644216693,13.840991066678178,13.861270917945227,0.5512886618487436,0.4487113381512562,42.12341500673535,38.002972228272185,0.5457475703331209,0.4542524296668791,31.352472992871885,28.60385227240818,1.2786860870449848,0.9176685671615181,1.32782671254434,1.7162801091868716,-0.6292508811582547,-1.5867703582805102,-0.07669532275244613,0.00024603143985582984,0.055326920179543694,0.386882255192492,2.1102132003465894,3.8996622772620038,1.111179237363693,1.5604630477660566,1.1603739107110345,1.4377343793982587,1.7232965443205144,1.6924294982442385,1.954242509439325,0.7866564949690732,92.51101321585902
13,2025-05-23 14:49:56+07:00,650.8791208791209,41.57051176143311,,,,,,,27.78888666755511,27.917526120148317,0.06386825207311181,0.042694389443652114,650.0,44.477999999999994,0.0684276923076923,50.0,1.4959401669721704,620.0,690.0,3.296703296703297,41.75824175824176,560.0,780.0,7.583333333333333,78.125,,,0.04128064170988113,0.025394794993289557,0.0010810326179814724,0.06775646932115216,1.6255552258165238,0.6092501885571858,0.37479513392179997,-3.673211047480964,19.740672033509437,55.05354333925511,0.3585722341586985,3414.2638683717264,2.7888383559487084,4.240267192103548,614.1417331815968,0.5934065934065934,0.5507246376811594,0.8157894736842105,0.07692307692307693,52.849740932642476,52.9541595162277,52.74279602751156,44.927536231884055,0.49496402877697837,0.5050359712230214,13.901741868064308,14.042471692545975,0.5345218276402358,0.46547817235976413,40.250195902849754,37.56080888358846,0.5300074236385927,0.4699925763614077,30.110934037190503,28.354941149872033,1.2894813134263305,0.7208437012416828,1.4202997051112298,1.649903164047172,-0.5256197904480846,-1.528418485898183,-0.18147955161369828,0.00020975528536641791,0.03617412558085081,0.4080993941356521,2.169053700369523,3.834986598776426,1.138294450305096,1.1179096983408923,1.1701806607148566,1.4475411294020812,1.7102926139867844,1.7294664843383152,2.015274708809246,0.9296849485998138,92.18301536383589
14,2025-05-23 14:49:57+07:00,652.1111111111111,40.79255397037206,,,,,,,27.60068391922542,27.74233921439977,0.06255460653149575,0.042325124428868426,650.0,37.065,0.05702307692307692,50.0,1.4779544626413321,620.0,690.0,3.3333333333333335,40.0,560.0,780.0,7.5,78.125,,,0.036436348385882056,0.030191472533135956,0.0008210601807108593,0.06744888109972887,1.2068423739813345,0.5402068617269994,0.4476200648680193,-3.500195760926678,19.61679618447955,54.04252950124325,0.3629881200144095,3330.532077497245,2.75491109725658,4.229483730813987,595.5294569871646,0.5888888888888889,0.5441176470588235,0.8108108108108109,0.038461538461538464,52.127659574468076,52.26481120282415,51.99194569825486,45.588235294117645,0.4896755162241887,0.5103244837758111,13.734495390671023,14.021088013806526,0.5351363735118896,0.4648636264881104,39.533740198264574,36.84668751501099,0.5298388225091272,0.4701611774908729,29.593521062052112,27.877134805425897,1.2136053439243932,1.009034503554028,1.2455045081277083,1.6922728808318823,-0.8501665661741633,-1.7984671364351135,-0.05723181800962851,0.0002461651366264715,0.06374639670438753,0.4166710731633385,2.4277482359480516,3.829710832899836,1.1535331428400935,1.367145155005666,1.2132964166446116,1.4906568853318358,1.7402190112715898,1.7461639564166607,1.996789489958472,0.9377121139142864,92.00886011245528
15,2025-05-23 14:49:58+07:00,653.1868131868132,39.8853668761175,,,,,,,27.46715209927022,27.609954961639655,0.06106272519728621,0.042050989923176144,660.0,44.477999999999994,0.06739090909090908,50.0,1.4521114796308725,630.0,690.0,3.296703296703297,39.56043956043956,560.0,780.0,7.0,109.375,,,0.036611941565519626,0.021366000028328565,0.0008052127494467378,0.05878315434329493,1.7135608685283583,0.622830502625039,0.3634714786408135,-3.84595440413257,19.523186381630563,52.82417305010051,0.3695881119258414,3239.9124899223293,2.705714734138018,4.217503390027323,571.7085733612535,0.5934065934065934,0.5507246376811594,0.8157894736842105,0.07692307692307693,51.85185185185184,51.95675801281406,51.745989383270754,46.3768115942029,0.48895434462444776,0.5110456553755522,13.657117336121274,13.9622283402299,0.5185276530632789,0.48147234693672114,38.038087063044195,36.653747298349124,0.514971040932358,0.48502895906764215,28.5780765740831,27.73482478073329,1.0236721791804078,1.1896929004022856,1.222374001132101,1.3508998995757178,-0.11934468065830117,-0.48205271883850953,-0.3919671636267168,0.0002790598318009268,0.08259085556376188,0.4276243398799089,2.8622008809294686,3.8037749480692598,1.166663834355191,1.5630656594954055,1.285705190808181,1.5630656594954055,1.767946327524228,1.7576247761215986,2.0430448722370054,0.9296849485998138,91.85733512786003
16,2025-05-23 14:49:59+07:00,654.5555555555555,39.29608469249577,,,,,,,27.49872315728312,27.648752666333532,0.060034758484546244,0.04201128983458633,660.0,44.477999999999994,0.06739090909090908,50.0,1.4290148843542971,630.0,690.0,3.3333333333333335,38.88888888888889,560.0,780.0,6.428571428571429,109.375,,,0.02846863953765994,0.02419205498969466,0.0005808184830286018,0.0532415130103832,1.1767764065428514,0.5347075604727455,0.45438331147683025,-3.721731005934743,19.550620501714075,52.19933116091219,0.37453775875875467,3206.0873955421016,2.669957772252583,4.212945466683708,557.4800397578558,0.6,0.5652173913043479,0.8205128205128205,0.08,51.322751322751316,51.35742780926789,51.28333369934758,46.3768115942029,0.47994056463595836,0.5200594353640415,13.547056037114752,14.101901870444152,0.5195474574889766,0.48045254251102354,37.62509024520575,36.18180147099784,0.5146731823917057,0.48532681760829444,28.276935329280327,27.45893656034714,1.0061557165954251,1.6327864473509037,1.2375724327218038,1.3334561297316008,-0.5504654768852646,-0.2639321523229312,-0.4412760332709998,0.00022728131943098367,0.1259650835116335,0.41684807703988547,2.772588722239781,3.799776782434808,1.1510783133568274,1.2972040027226728,1.3100308429120275,1.548130299713791,1.778268887716453,1.7640268460058346,2.2226715016362695,1.009843814984616,91.66525207944322
17,2025-05-23 14:50:00+07:00,655.056179775281,39.3158421546703,,,,,,,26.967994498529684,27.12157696934445,0.060019038623767694,0.041168979594667955,660.0,44.477999999999994,0.06739090909090908,50.0,1.4578704455317888,630.0,690.0,3.3707865168539324,37.07865168539326,560.0,780.0,6.846153846153846,109.375,,,0.025757602973965364,0.022535738300532102,0.00040511348595077075,0.04869845476044824,1.142966901304369,0.528920334344676,0.4627608496283358,-3.7926528609829413,19.17785099149635,52.05695779388612,0.3684013012713684,3136.3794307831367,2.7144312372105035,4.203398706935727,565.2201293994931,0.6067415730337079,0.5735294117647058,0.8461538461538461,0.08,49.450549450549445,49.488312852814616,49.412118704115585,47.05882352941176,0.4531250000000001,0.5468749999999999,12.909944487358056,14.182715723279383,0.5113399749013229,0.488660025098677,37.22491007235016,36.390011333604775,0.5043827972122941,0.49561720278770593,27.8600125319536,27.616863961601798,1.0827250489234557,1.2485038898068832,1.274409057133431,1.4893163880356666,-0.33130293303014113,-0.8079709798549946,-0.3278681126612452,0.00038519555324177337,0.09577387923852265,0.42734506388214966,2.427748235948052,3.7973758108235893,1.1337193909937564,1.5297872241031136,1.252557428530073,1.4906568853318358,1.7504321128909681,1.7432664611990816,2.2597058979885922,1.0186546970059502,91.5951972555746
18,2025-05-23 14:50:01+07:00,656.6666666666666,41.624323053509485,,,,,,,26.899730586345612,27.051194230480824,0.06338729399011597,0.040964056730475554,660.0,44.477999999999994,0.06739090909090908,50.0,1.5473881018956421,630.0,690.0,2.2222222222222223,37.77777777777778,560.0,790.0,6.923076923076923,109.375,,,0.02230046827183239,0.020099341211997548,0.000468734284399115,0.04286854376822905,1.109512398273082,0.5202058738547546,0.4688599015787812,-3.9070682399767462,19.128082879567398,52.78988744586881,0.3623436950719301,3172.2839474881307,2.759810681407018,4.208342163546861,582.7603809735318,0.5888888888888889,0.5507246376811594,0.8157894736842105,0.08333333333333333,49.45652173913043,49.54990424934855,49.34835007086567,46.3768115942029,0.42391304347826086,0.576086956521739,12.454462508018414,14.518796594258578,0.5239008573425982,0.4760991426574017,38.20984628950719,36.42498954124394,0.5122959894523508,0.48770401054764956,28.417476927336484,27.72702037386261,1.190632839520972,0.8732519702895547,1.3094344701836622,1.6253897889979216,-0.564938853661987,-1.5612007823263316,-0.13818539257404217,0.00028943052400669716,0.053675011811961985,0.42255026578990673,2.4849066497880004,3.8432550052995635,1.1053850061262087,1.4323590387587277,1.2600134108369712,1.377608360930055,1.749168695686068,1.7425241257259623,1.863127181524354,1.0819755160549458,91.37055837563453
19,2025-05-23 14:50:02+07:00,655.7777777777778,39.54737673022317,,,,,,,25.061721561785205,25.201435664472807,0.06030606414300382,0.03821678991122786,660.0,44.477999999999994,0.06739090909090908,50.0,1.5779992061888553,630.0,690.0,2.2222222222222223,37.77777777777778,560.0,770.0,6.923076923076923,109.375,,,0.020611727590802164,0.018904075734017922,0.00044052006745931593,0.039956323392279405,1.090332470140887,0.5158564612775379,0.47311849862719546,-3.968377732862542,17.820106053985224,52.9665176486844,0.3364409601586833,2965.251796373206,2.9722896984016076,4.17903168763927,629.7273390695664,0.6,0.5652173913043479,0.8205128205128205,0.08,50.83798882681564,50.79498745442519,50.880230657275064,46.3768115942029,0.48837209302325585,0.5116279069767442,12.454462508018414,12.74754878398196,0.520402987479588,0.47959701252041204,38.209496172784824,36.680872318557775,0.5171454674414501,0.48285453255855004,28.417241545773706,27.458936560347144,1.1589012884273304,0.9876500960971386,1.3049068917044724,1.6012680524295528,-0.35804397709311964,-1.2551274090004259,-0.19993304116893199,0.00037809374873294107,0.0707948503763564,0.42255026578990673,2.4849066497880004,3.8210327830773405,1.1517902752289537,1.170532806781055,1.2600134108369712,1.377608360930055,1.7496166726786428,1.7370953343030233,2.5130130401487993,1.0819755160549458,91.49440867502541
20,2025-05-23 14:50:03+07:00,657.1111111111111,40.5923678121178,,,,,,,24.425994626281774,24.557888501262674,0.06177397874688201,0.03717178756113222,660.0,44.477999999999994,0.06739090909090908,57.5,1.6618511726208849,630.0,690.0,2.2222222222222223,35.55555555555556,560.0,770.0,6.923076923076923,109.375,,,0.017886133992774424,0.016747264623403434,0.0003880309509979139,0.03502142956717577,1.0680033065089016,0.5107196997331714,0.4782004855421435,-4.089520340112416,17.365049490865974,54.44550554973186,0.31894367249477207,2970.215313640664,3.135349863435185,4.179758042826694,682.8228335600456,0.6,0.5588235294117647,0.8157894736842105,0.08,51.44508670520233,51.35202598575703,51.53929604433253,45.588235294117645,0.49152542372881347,0.5084745762711863,12.177662113289829,12.385842357671555,0.5345873128298669,0.46541268717013284,39.80809165130397,37.143356251788376,0.530609389502691,0.46939061049730907,29.436198934849514,27.686079575811718,1.1141320351632122,0.8994398962576673,1.1452797900272413,1.5418549788939395,-0.3114214615935058,-1.267427452797293,-0.05908650426032559,0.000402809185048594,0.06245786771432778,0.42255026578990673,2.4849066497880004,3.8579426762066986,1.135714242674154,1.6473902139028673,1.3275909288549985,1.4147989528157565,1.737989312833014,1.7216700873345596,2.4659430604082613,0.9377121139142864,91.30875887724045
21,2025-05-23 14:50:04+07:00,657.2222222222222,40.58637004227515,,,,,,,24.44898380278338,24.586467457169846,0.06175440919365619,0.03720048254016069,660.0,44.477999999999994,0.06739090909090908,60.0,1.6600432300034742,630.0,690.0,2.2222222222222223,35.55555555555556,560.0,770.0,6.923076923076923,109.375,,,0.017106199187827714,0.01603364736539378,0.00037011834359110057,0.0335099648968126,1.0668938138647652,0.5104809641103152,0.47847401257405875,-4.133065804531142,17.385257864387167,54.796960168590374,0.3172668303296211,2992.8674039531247,3.151921046902572,4.1830575862383,690.8627682466476,0.6,0.5652173913043479,0.8205128205128205,0.125,50.57471264367817,50.550276487409064,50.597947353170966,46.3768115942029,0.48496240601503754,0.5150375939849623,12.107473274424727,12.477252028464365,0.5210018409666977,0.4789981590333023,39.55269641200738,37.92480784733995,0.517705681926011,0.482294318073989,29.248988893219288,28.2309481636685,1.1712430508847693,0.7920291138304321,1.3186274175531105,1.5662964464473232,-0.25384349944460816,-1.251921176739284,-0.18729807456643957,0.0003366661174396183,0.049279572475648216,0.42255026578990584,2.456735772821304,3.866330315119626,1.127156893527164,0.0,1.3228957826938825,1.4101038066546405,1.7314285192074492,1.72325131035071,2.473776107438262,0.9377121139142864,91.29332206255285
22,2025-05-23 14:50:05+07:00,657.4444444444445,40.76683800773079,,,,,,,24.6321248176788,24.770653828944063,0.06200803482669885,0.0374664734424724,660.0,44.477999999999994,0.06739090909090908,60.0,1.655027258487741,630.0,690.0,2.2222222222222223,36.666666666666664,560.0,770.0,6.923076923076923,109.375,,,0.016306449172902665,0.015004419621479905,0.0003414943914189331,0.0316523631858015,1.0867764021714517,0.5151731981963783,0.4740378951613487,-4.199410479846196,17.51549729687086,55.23836359881206,0.3170893588391446,3039.576998057535,3.1536851430807156,4.189783259296975,696.8176264386567,0.6111111111111112,0.5735294117647058,0.8205128205128205,0.13043478260869565,50.57471264367817,50.58492275389309,50.56228878988499,45.588235294117645,0.4777777777777777,0.5222222222222224,12.107473274424727,12.65809119604029,0.519506683572757,0.480493316427243,39.81405151228418,38.28992184964272,0.5156940496166748,0.4843059503833253,29.425750686377803,28.51618301928766,1.2016982983320832,0.9882576550954552,1.334902963408453,1.5236111609461296,-0.28077094118267,-0.8488223312055734,-0.3090495969702867,0.00012707130969889815,0.05123624313040531,0.41649406928679067,2.251291798606495,3.86041843761252,1.1365598905408465,1.2103211821171251,1.3258457122104492,1.567651192586693,1.6973017278213263,1.7225321543395224,2.3692606375924328,0.8655804128439567,91.26246408653033
23,2025-05-23 14:50:06+07:00,658.0,40.97683642737084,,,,,,,25.373612764427165,25.51111836763967,0.06227482739722012,0.03856172152648505,660.0,44.477999999999994,0.06739090909090908,60.0,1.6149389843616908,630.0,690.0,2.2222222222222223,37.77777777777778,560.0,770.0,6.923076923076923,109.375,,,0.016312163923543732,0.014731552702045861,0.0003326232861489739,0.03137633991173857,1.1072942719254815,0.5198874046313158,0.46951150910162304,-4.2177636431976335,18.039084793410698,55.22634269510355,0.3266391347513597,3129.7572646917733,3.0614825157469507,4.202480766136735,676.2979302788353,0.6222222222222222,0.5882352941176471,0.825,0.13043478260869565,51.39664804469272,51.36713522307945,51.421961860141394,45.588235294117645,0.4921465968586388,0.5078534031413611,12.65809119604029,12.858495599832393,0.5207512175200971,0.47924878247990277,39.85303774316045,38.231980201386975,0.5179923056145095,0.4820076943854905,29.567650313180486,28.52214244416217,1.2274705190470916,0.7663920785726344,1.3525620028741234,1.524176583786506,0.1475376733579239,-0.6453115771541498,-0.276074693736389,0.00023969766223025203,0.04207394157213759,0.41649406928679067,2.2512917986064953,3.8624274316945657,1.1316427346958353,1.4380031244175207,1.1384692229001352,1.2559701302115691,1.6902756411359285,1.7224266374757222,2.5130130401487993,0.8655804128439567,91.1854103343465
24,2025-05-23 14:50:07+07:00,658.5393258426966,41.76641108588207,,,,,,,25.361029517387855,25.502269040769594,0.06342280475419732,0.038511032708539825,660.0,44.477999999999994,0.06739090909090908,60.0,1.6468736435658682,630.0,694.0,2.247191011235955,38.20224719101123,560.0,770.0,6.846153846153846,109.375,,,0.024192519568364525,0.015844898491320248,0.0003052873731799283,0.0403427054328647,1.5268333578543947,0.5996751905650923,0.3927574594046038,-4.144907692213813,18.032827374371927,55.97245179998431,0.3221732619255564,3170.940033093038,3.103919903294355,4.208158138951022,694.9360287126211,0.6179775280898876,0.5735294117647058,0.8205128205128205,0.13636363636363635,51.12359550561797,51.04716327277904,51.20135914336775,45.588235294117645,0.48586572438162556,0.5141342756183748,12.571633824268595,12.932183856964947,0.5318111321338258,0.46818886786617436,40.818124218878445,38.29877407638234,0.5274893900479336,0.47251060995206634,30.20070563545896,28.58353962566673,1.1584707351479724,1.0554437866603417,1.2471419908392818,1.6517130153091606,-0.33304073325670913,-1.2640815069187439,-0.11668159916879013,0.0006888476359432563,0.09232722674581392,0.4152719876835942,2.1972245773362196,3.8805228941523273,1.1247068876713555,1.3986049947401487,1.1249524175825663,1.2090704767378695,1.6818381048360693,1.7303492554619033,2.4065200244185005,0.8003715476475323,91.11073195700394
25,2025-05-23 14:50:08+07:00,660.5555555555555,44.32670108933408,,,,,,,25.59406532333777,25.72691900701409,0.06710518247334007,0.03874627214634818,660.0,44.477999999999994,0.06739090909090908,60.0,1.7319132591614934,630.0,700.0,2.2222222222222223,38.88888888888889,560.0,770.0,6.923076923076923,109.375,,,0.022793682189992552,0.015119931217675034,0.000382135567073701,0.038295748974741285,1.507525521236961,0.5952013683040008,0.3948200942002122,-4.191741457336664,18.19167888889674,59.328145993685055,0.30662813718859644,3390.6536612172126,3.261279311053357,4.237253540935999,773.9426203694327,0.6111111111111112,0.5714285714285714,0.8,0.13636363636363635,51.91256830601091,51.75074477001069,52.0823543887711,45.714285714285715,0.49914236706689524,0.5008576329331047,12.858495599832393,12.880570286640685,0.5177253546244762,0.4822746453755238,42.68846060844678,41.20102229228172,0.516126941614246,0.483873058385754,31.52495502145738,30.524034209440487,1.1689289690615032,0.8483745301106391,1.1807503144965201,1.5467417534807624,-0.2342470599516222,-1.1414980986795014,-0.06859685670135314,0.00022795947234848814,0.04843983521429246,0.41061487666022245,2.224623551524334,3.951572849320168,1.0891124244275405,0.0,1.1556297060806762,1.215920220284898,1.6948139645934546,1.7513163593561483,2.4340531455893775,1.009843814984616,90.83263246425568
26,2025-05-23 14:50:09+07:00,660.7865168539325,44.955147321351,,,,,,,25.893137033865663,26.016432392642947,0.06803278543785478,0.03918532895789907,660.0,44.477999999999994,0.06739090909090908,60.0,1.736180025717012,630.0,700.0,3.3707865168539324,38.20224719101123,560.0,780.0,7.416666666666667,78.125,,,0.014218570562726022,0.015097549586936525,0.00037333906027167376,0.02968945920993422,0.9417800207146821,0.47890971883948724,0.5085154795236156,-4.1932228273407475,18.396395767119184,60.68982586420377,0.3031215777135685,3507.5066911078957,3.2990063180026703,4.251968618146426,800.8644758579604,0.6067415730337079,0.5652173913043479,0.7948717948717948,0.14285714285714285,52.74725274725274,52.69149668935993,52.79617689126187,44.927536231884055,0.5186440677966102,0.48135593220338974,13.261299671054765,12.775695315895634,0.4971487947670614,0.5028512052329385,42.791655330072444,43.03637063623813,0.49896083337023417,0.5010391666297656,31.677972116703074,31.74387805817255,1.1065359110551747,1.1045656817256368,1.2561000565697422,1.5022452683729277,-0.488000501925022,-1.1097878799674321,-0.2771565640002153,0.00020398534692319208,0.06841250289511994,0.3622470239429081,2.367123614131617,4.002112824721877,1.0861317550189942,0.8664339756999317,1.191254721732497,1.251545235936719,1.7382025431604184,1.766300509414594,2.2597058979885922,0.945893647219811,90.80088420336678
27,2025-05-23 14:50:10+07:00,662.2471910112359,46.14091087952909,,,,,,,26.54327512846624,26.64739376686495,0.0696732451353595,0.04008061565038167,660.0,44.477999999999994,0.06739090909090908,60.0,1.7383277178951226,630.0,700.0,3.3707865168539324,40.44943820224719,560.0,780.0,7.416666666666667,109.375,,,0.019611321380347446,0.015419629460734626,0.00038729309961675216,0.03541824394069882,1.2718412871260474,0.5537067679917421,0.4353583844120531,-4.17211394091942,18.842552833498345,61.683115092911024,0.3054734315074149,3651.370584204373,3.273607118842761,4.269426022480837,807.7051387222035,0.6179775280898876,0.5714285714285714,0.8,0.13636363636363635,53.72340425531914,53.56019610651376,53.88817060278619,44.285714285714285,0.5338709677419355,0.46612903225806446,13.792385038762195,12.887666740841356,0.520718694136798,0.47928130586320195,44.51105446731141,42.70331038424708,0.5218449372434605,0.4781550627565393,32.9504465436315,31.54096282452656,1.1435157704288401,1.0401503866172215,1.3115195419648136,1.5581836233424577,-0.2245336839261718,-0.9918270930365729,-0.26285729010797615,0.00039818073052844404,0.07640955000068751,0.3526207534950512,2.6741486494265287,4.029928298968736,1.087187401200157,1.3283014947604468,1.1883975477765911,1.268010980556225,1.772334887970313,1.7738687510224502,2.2973130043658863,0.945893647219811,90.60061079063455
28,2025-05-23 14:50:11+07:00,664.7727272727273,49.12983672723028,,,,,,,27.41758811294375,27.4794277988431,0.0739047116580558,0.041243551349385475,670.0,44.477999999999994,0.06638507462686566,70.0,1.7919095043971518,630.0,700.0,3.4090909090909087,43.18181818181818,560.0,820.0,7.333333333333333,109.375,,,0.024085522906817695,0.015926737696342324,0.0003112535541681145,0.04032351415732813,1.5122697043192397,0.5973071397707175,0.3949739507871713,-4.13975596596707,19.430889739688077,64.80029156329506,0.2998580603716658,3955.665139910268,3.3349111868479624,4.304189629983878,864.4128689817694,0.6022727272727273,0.5555555555555556,0.775,0.13636363636363635,55.102040816326536,54.773491241586626,55.458695381747056,44.44444444444444,0.5565749235474008,0.4434250764525994,14.54743644003108,12.984785372226629,0.5649341049217572,0.4350658950782428,48.70525896573642,42.741964575445095,0.5642400194201023,0.4357599805798978,35.94322020838,31.587024131210857,1.181589762369692,0.921788646093767,1.2676977472966655,1.6213692484092603,-0.36682914156594215,-1.324599467551312,-0.11632039772746512,0.00041721329050111035,0.0648538650895924,0.3028512436341,2.525728644308255,4.113753886536031,1.0626858016792042,1.387460021192888,1.1512925464970227,1.2309059792766566,1.8414233699071652,1.7766284476480732,2.045273866575248,0.9542342163896008,90.25641025641025
29,2025-05-23 14:50:12+07:00,668.2954545454545,52.50553536027582,,,,,,,27.957274463049842,28.08510379779286,0.07856635115973938,0.04183370434872277,670.0,44.477999999999994,0.06638507462686566,70.0,1.878063451058885,630.0,700.0,4.545454545454546,43.18181818181818,560.0,820.0,7.333333333333333,109.375,,,0.020564429428158455,0.016379545230984935,0.00047156480071290543,0.0374155394598563,1.2554945291922415,0.5496226895304381,0.437773862610181,-4.1117219646187655,19.859167345747387,71.2394563731815,0.27876640778555245,4444.587953885314,3.5872327944523117,4.3548016148296425,1022.2100566433257,0.6136363636363636,0.5633802816901409,0.8,0.13636363636363635,53.03030303030302,52.9217117734952,53.13127221640461,45.07042253521127,0.5220588235294117,0.47794117647058804,14.366466122091726,13.746035369228938,0.515494656441965,0.4845053435580347,51.14847393160595,49.587233829023546,0.5159690516533688,0.4840309483466312,37.56701834301854,36.385761275438156,1.155191211990729,1.183481286250876,1.322033806693495,1.5199712303449404,-0.370490635526604,-0.781911936937612,-0.33274984915182976,0.00024500932306702764,0.07678152449296997,0.8467102543825993,1.3046163301056235,4.172222602760198,1.0333442832357715,0.9506045894143172,1.1546256223668143,1.2279063945098196,1.8313655887811469,1.7582135380933575,2.1595166237014243,0.9542342163896008,89.78064954939637
30,2025-05-23 14:50:13+07:00,669.3181818181819,52.82361572502788,,,,,,,27.957274463049842,28.085103797792858,0.07892153113416728,0.041769781880278196,670.0,44.477999999999994,0.06638507462686566,70.0,1.8894408249574906,630.0,706.0000000000001,4.545454545454546,43.18181818181818,560.0,820.0,7.333333333333333,109.375,,,0.02051488002272838,0.01665062955908135,0.0005010920281353579,0.03766660160994509,1.2320783397369768,0.5446437731539829,0.4420528756882887,-4.095307251914278,19.859167345747387,71.87822723831057,0.27628905314963853,4484.440493994174,3.619397832089998,4.3586783755071705,1040.6235993632542,0.6136363636363636,0.5633802816901409,0.8,0.13636363636363635,53.03030303030303,53.06115999025873,52.989124496988836,45.07042253521127,0.5220588235294117,0.47794117647058815,14.366466122091726,13.74603536922894,0.5065615242079392,0.4934384757920606,51.15798819445802,50.490987263252315,0.5076631114628972,0.4923368885371027,37.5734953453995,37.00198159011217,1.1747822597858606,0.6814233957459823,1.254995010302716,1.4197191708466956,0.016316429154180412,-0.7306933644243712,-0.25826459500462384,7.374462782441171e-05,0.024948080695513915,0.8415847859030237,1.2974631474132747,4.187981943077388,1.0281724557970173,0.9358252101582641,1.1241054141925673,1.2035608517648244,1.8271149857171856,1.7554114045527927,2.009711736799839,1.0276368484195701,89.6434634974533
31,2025-05-23 14:50:14+07:00,671.8390804597701,52.352311328824776,,,,,,,27.93264323581882,28.041643841431362,0.07792388512588119,0.04157638941858404,670.0,44.477999999999994,0.06638507462686566,65.0,1.8742340596571945,630.0,710.0,4.597701149425287,42.5287356321839,560.0,820.0,7.25,109.375,,,0.020602765743409322,0.017170256362225453,0.0004521206633909049,0.03822514276902568,1.199910199869548,0.538984664305924,0.44918750116843853,-4.064576673361534,19.8284365158941,70.83675188231501,0.27991735912505095,4412.62461097305,3.5724829754243914,4.351667092854857,1012.2523605357284,0.6091954022988506,0.5571428571428572,0.7948717948717948,0.13043478260869565,53.84615384615383,53.93339839587704,53.754304163277446,44.285714285714285,0.5290611028315946,0.47093889716840537,14.450727642986172,13.63386786429942,0.5135994121702308,0.4864005878297696,50.76576067246343,49.40326872366672,0.5147269433320367,0.4852730566679633,37.322821343419356,36.23924194518977,1.175273018582574,0.7586755417820399,1.2829899177275719,1.4817415032408254,-0.17055837550062236,-1.026158219236763,-0.2380282155314914,8.667812116321633e-05,0.0322472936086407,0.8190499904835207,1.2919836816486492,4.186875323724183,1.0398393453129782,0.9961994292183795,1.155650600188002,1.23306811231976,1.8409605471422135,1.762502716173262,1.9225943700198498,0.8886818614963763,89.3071000855432
32,2025-05-23 14:50:15+07:00,673.8636363636364,51.96001597563349,,,,,,,29.341430439395502,29.500429275733477,0.07710761224040046,0.04354208901630361,670.0,44.477999999999994,0.06638507462686566,60.0,1.7708753526163798,630.0,710.0,5.681818181818182,43.18181818181818,560.0,820.0,6.769230769230769,109.375,,,0.0187505295012394,0.01641781535532065,0.0005530855220289798,0.03572143037858903,1.1420843209302367,0.5249098175105057,0.45960688531558025,-4.109388231597521,20.85995358878529,70.4485001886427,0.29610216729849154,4616.735163186561,3.3772127003445087,4.371305072131392,951.6782782292265,0.6022727272727273,0.5555555555555556,0.8,0.13043478260869565,51.707317073170735,51.83534176238878,51.579342166890264,44.44444444444444,0.46995994659546064,0.5300400534045393,14.30563395277181,15.192562439837857,0.5222444674557942,0.4777555325442055,50.910653945666965,48.69390612441904,0.5180269497597316,0.48197305024026843,37.39348772156826,36.068756889738424,1.1231536091373349,1.2107169383714327,1.3161150815103213,1.518431951202175,-0.3283792363633111,-0.8219804008801388,-0.33289498702810305,0.00032562233206525677,0.08793085549140864,0.8203737971071101,1.288530192353999,4.179781507275343,1.0614452453998453,0.8735625320503999,1.1520786225523079,1.1921119196706846,1.8428370566197088,1.7753198979984242,1.999116777276579,0.8808315843596315,89.03878583473862
33,2025-05-23 14:50:16+07:00,675.0574712643678,51.44139956183131,,,,,,,29.333685692034503,29.50480496007174,0.07620299271035798,0.04345361238220674,670.0,44.477999999999994,0.06638507462686566,60.0,1.7536630105708164,630.0,710.0,5.747126436781609,42.5287356321839,560.0,820.0,6.6923076923076925,109.375,,,0.018426933978806487,0.01691245203067366,0.0005589788624028179,0.035898364871882964,1.0895483366566865,0.5133084485761411,0.4711204003589637,-4.079705121813057,20.86304766485321,70.01504626254541,0.29797948838911087,4589.009989432028,3.355935690090752,4.3686891130368135,939.8639703833252,0.5977011494252874,0.5492957746478874,0.7948717948717948,0.13636363636363635,50.49504950495049,50.524373174760754,50.46374389533811,46.478873239436616,0.4621621621621621,0.5378378378378379,14.183669151113024,15.300903471979145,0.5099988370275879,0.4900011629724122,50.0006871711759,49.01059054486674,0.5060974955552382,0.49390250444476186,36.75081759755849,36.30534142943297,1.1560482137050088,0.927062484947915,1.2820639550632544,1.510719477306759,-0.2612305518648057,-1.0064108868063535,-0.2533547889640351,0.00018895532191800268,0.0517434833105095,0.8447703013556649,1.293584963015623,4.165232820168893,1.0744150974795055,1.0862412155396086,1.0948428139346082,1.2309694255219765,1.8380718003609886,1.767128745926213,2.187308467492988,0.9627386832877409,88.8813213008684
34,2025-05-23 14:50:17+07:00,676.6666666666666,51.30090589586537,,,,,,,29.491819914350238,29.631572617045386,0.07581414664413602,0.04358397031677375,670.0,44.477999999999994,0.06638507462686566,60.0,1.739496105864365,632.0,718.0,5.747126436781609,43.67816091954023,560.0,820.0,6.6923076923076925,109.375,,,0.016173579191224415,0.015990915854668736,0.0005222525759522651,0.03268674762184542,1.0114229440149514,0.494805398760909,0.4892170992253015,-4.13573447706178,20.9526859347344,69.23996220840293,0.30260972517098794,4557.7069555668195,3.3045864584654563,4.365716508105046,915.237765994193,0.5977011494252874,0.5492957746478874,0.7948717948717948,0.13636363636363635,52.94117647058824,53.05609393268386,52.821903477112464,43.66197183098591,0.481283422459893,0.5187165775401071,14.552137502179974,15.107458228227772,0.5252766146132573,0.4747233853867429,50.18233384978364,47.706453819267736,0.5215784168483303,0.47842158315166977,36.94611844628265,35.38460844864312,1.2191053634510902,0.9093984103125887,1.2172351709552673,1.6431332247314545,-0.3517946477519551,-1.290451960000095,-0.03167055391069722,0.0003365178601695663,0.06037490158362526,0.8327255491820473,1.3285355269676984,4.1685718323005405,1.083323611020663,1.0693553103666804,1.0681459023819493,1.2074515663757535,1.8597798895447941,1.7542453855067315,1.9999136991461366,0.9627386832877409,88.66995073891626
35,2025-05-23 14:50:18+07:00,678.3908045977012,51.30559521638829,,,,,,,29.70788009156634,29.843412589142687,0.07562837654737006,0.04379169040945902,670.0,44.477999999999994,0.06638507462686566,60.0,1.7270029048943565,640.0,720.0,5.747126436781609,42.5287356321839,560.0,820.0,6.6923076923076925,109.375,,,0.017155921754905927,0.01862050124681313,0.0005255259449685088,0.03630194894668757,0.921345861075686,0.4725895510486455,0.5129339274362069,-3.983492087688183,21.102479415530773,69.13422975390851,0.30523923518997104,4583.281021463673,3.276118810144549,4.3681465965605595,905.9678020865387,0.5977011494252874,0.5492957746478874,0.7692307692307693,0.13636363636363635,53.170731707317074,53.181442700315095,53.1519281803441,43.66197183098591,0.4888010540184452,0.5111989459815547,14.772788975601289,15.107458228227772,0.5234355070330159,0.47656449296698405,50.0178152812843,47.72588268595492,0.5204766038219754,0.47952339617802464,36.87829401985892,35.39770594453247,1.2153591861034827,0.6619955546142977,1.325925493593664,1.431640434298742,0.1710880674218096,-0.5758382310640924,-0.3403086849024667,5.797587589348422e-05,0.023592911767166304,0.8306719104322635,1.3046163301056235,4.155889038648124,1.0874940991132291,0.9556937467912471,1.081066997060199,1.2205492049493616,1.8404707894240937,1.7543283287466962,2.0941239138548116,0.9627386832877409,88.44459505252456
36,2025-05-23 14:50:19+07:00,679.7701149425287,50.87552094457592,,,,,,,29.96121523911624,30.136034486232646,0.07484224420321449,0.04407551108899413,670.0,44.477999999999994,0.06638507462686566,55.0,1.6980459750562702,640.0,720.0,5.747126436781609,42.5287356321839,560.0,820.0,6.6923076923076925,109.375,,,0.01321163733354297,0.014295588931156605,0.0004268281003679245,0.027934054365067497,0.9241757997635752,0.47295810199555494,0.5117620501603138,-4.247804255654492,21.309394343286755,69.14526036876097,0.30818300820100886,4628.959652595915,3.2448252284816474,4.372453505319819,897.4571410979513,0.6091954022988506,0.5633802816901409,0.8,0.13043478260869565,50.485436893203875,50.495353133844645,50.47265504974647,46.478873239436616,0.46373056994818657,0.5362694300518135,14.511658599006442,15.60542891960057,0.5111882040370692,0.48881179596293084,49.437081924348995,48.34296186901411,0.5070715681491629,0.4929284318508368,36.43221997414453,35.92054686411148,1.1389069799847242,0.7099211730938944,1.2333250185764237,1.3486121859400901,0.03786016485463328,-0.5915868693715662,-0.3376056783019507,3.12893532614933e-05,0.023123057223587033,0.8411598948108514,1.3475083360847344,4.129377469838277,1.1080654355155795,1.0427712611647466,1.0936424721177473,1.2201106614366075,1.8719855851313258,1.7525039865610001,2.4280705963418963,0.9627386832877409,88.26513358133244
37,2025-05-23 14:50:20+07:00,679.3103448275862,51.190322110597116,,,,,,,30.34683233153239,30.516753264758712,0.075356311736412,0.0446730019093624,670.0,44.477999999999994,0.06638507462686566,65.0,1.6868423547919018,640.0,720.0,5.747126436781609,44.827586206896555,560.0,820.0,7.25,109.375,,,0.012488623028405602,0.013755563979837649,0.0003936637637274897,0.02663785077197074,0.9078961100185293,0.4688299793895745,0.5163916600325626,-4.286311883640432,21.578603173307595,69.32979927153592,0.31124571829197434,4699.9489852531215,3.2128956037940317,4.379063253952125,890.9976291657616,0.5977011494252874,0.5492957746478874,0.7692307692307693,0.13636363636363635,48.57142857142858,48.5211137062028,48.62582844837996,47.88732394366197,0.4469696969696971,0.5530303030303031,14.430360152042187,16.051388065320996,0.5085966636864758,0.4914033363135243,49.443214279588766,48.60030482141169,0.5031512587295284,0.4968487412704716,36.42023292357544,36.19141256954239,1.1756893332811698,0.9330505573354373,1.3273296775426635,1.5892531333328432,-0.19489670618432342,-1.0889737489522329,-0.21928267580894167,0.00037226493676402293,0.06537339328286118,0.8406802821218324,1.3188530803243579,4.157771082624878,1.1002960657908825,0.9129560272806714,1.0821761280247046,1.1983665209791563,1.910368730100942,1.763436966168964,2.6637820058706154,0.8886818614963763,88.32487309644671
38,2025-05-23 14:50:21+07:00,678.1609195402299,51.973354882567136,,,,,,,29.649110736105737,29.823007304862504,0.07663867584378543,0.04371987515324066,670.0,44.477999999999994,0.06638507462686566,70.0,1.7529481860403877,632.0,720.0,4.597701149425287,43.67816091954023,560.0,820.0,7.25,109.375,,,0.011529096502534286,0.012921528204264052,0.0003431779401105257,0.024793802646908863,0.892239394619727,0.46499912364074825,0.5211595973510351,-4.3488605055586715,21.088050700644217,70.07656551372739,0.3009287134158031,4642.57703145053,3.323046141556679,4.37372922841698,931.4706425757425,0.5977011494252874,0.5428571428571428,0.7631578947368421,0.13043478260869565,50.0,50.004344120025245,49.99529905043723,47.14285714285714,0.4682539682539682,0.5317460317460316,14.430360152042187,15.377600210543061,0.5096156474894016,0.4903843525105984,50.025816514536835,49.07283073405913,0.5061810439352522,0.4938189560647477,36.81587709170972,36.3635346500372,1.1692851433367693,0.8416574280526867,1.2913378597562288,1.5480611083178768,-0.18435561376041854,-1.100250115669947,-0.19497893085121396,0.00026468943520596325,0.050836088132296696,0.8590702910563541,1.3581234841531942,4.163886817977057,1.0801127701548103,1.140143099146464,1.099980927997678,1.2118398158511952,1.8881053555383256,1.7493367415425254,2.042576098613878,0.9627386832877409,88.47457627118645
39,2025-05-23 14:50:22+07:00,679.5348837209302,51.47031072819463,,,,,,,30.69776769044405,30.87428199190074,0.07574344152335281,0.04517467524603334,675.0,51.891,0.07687555555555556,60.0,1.6766792702068984,640.0,720.0,5.813953488372093,45.348837209302324,560.0,820.0,7.166666666666667,109.375,,,0.013938050407835821,0.02606553520636983,0.00039959989116655303,0.040403185505372204,0.5347310269090378,0.34497404681080285,0.6451356466163796,-3.6471413274463163,21.831414160738717,69.67994056862462,0.31330988491928957,4779.027316704084,3.1917282158448517,4.386309622897304,889.5977295650862,0.5930232558139535,0.5428571428571428,0.7631578947368421,0.13636363636363635,51.19617224880382,51.25365329312811,51.134886838327176,47.14285714285714,0.49812734082397003,0.50187265917603,15.41103500742244,15.468862734076936,0.5036024550358064,0.4963975449641936,49.44833705563786,49.09334048604852,0.5031128794250562,0.4968871205749436,36.6240224276906,36.39671547244892,1.1049631041376493,0.9662159557240249,1.227215333795729,1.55736658433032,-0.4639632211550513,-1.4025542258163677,-0.1583049073256142,0.00038060414640133305,0.06825951322254024,0.8210887067906874,1.3397743454849977,4.16324880859592,1.112805720913186,0.8539939965672098,1.08410172010504,1.1959530625099783,1.8825305818876525,1.761635530912668,2.172704856678697,0.9714121140828752,88.29568788501027
40,2025-05-23 14:50:23+07:00,679.5402298850574,51.17021403705188,,,,,,,30.916240933987627,31.09668959820592,0.07530122836981586,0.04549582140150412,680.0,44.477999999999994,0.06540882352941176,60.0,1.6551240542571313,640.0,720.0,5.747126436781609,45.97701149425287,560.0,820.0,7.25,109.375,,,0.011453653907718905,0.013148478655134514,0.00031335355244095317,0.024915486115294372,0.8711010762637716,0.4597001982910572,0.527723143521704,-4.331449218675908,21.98868008734458,68.76136891447958,0.31978246556860307,4749.999321589924,3.1271258047932884,4.383663657559337,860.1018044215206,0.6091954022988506,0.5571428571428572,0.7948717948717948,0.18181818181818182,50.47169811320753,50.52359757948931,50.421713172060066,47.14285714285714,0.48540145985401456,0.5145985401459854,15.32011365339504,15.774141162414029,0.5108446298788624,0.48915537012113774,49.14608532136267,48.091456128698155,0.5084840514434438,0.4915159485565561,36.40084878658464,35.788347838299714,1.2390482128517144,0.45365566976756977,1.2941418328507837,1.4301593275286248,0.30524592369027914,-0.5951665546481273,-0.20017459553072559,5.426085111138312e-05,0.01274837370137214,0.8358246063030625,1.3418425985490565,4.155956289978289,1.1246157880233636,1.0418269715754669,1.0910312884828146,1.2149617978861076,1.880906091996691,1.7592566972410824,2.0792520601819695,0.9627386832877409,88.29499323410013
41,2025-05-23 14:50:24+07:00,680.6976744186046,50.31175041500903,,,,,,,30.926858686832293,31.104774598140406,0.07391203511600233,0.04543405956726303,680.0,44.477999999999994,0.06540882352941176,60.0,1.626797953341127,640.0,720.0,5.813953488372093,45.348837209302324,560.0,820.0,7.166666666666667,109.375,,,0.012018388771580518,0.014077150481702041,0.0002555210267890304,0.02635106028007159,0.8537515306952518,0.45608748353361767,0.5342157139820333,-4.263202329294884,21.994397045624147,66.35803911917753,0.33145037643627034,4585.170372979048,3.017042885127859,4.368325587518534,800.8201991822029,0.6046511627906976,0.5507246376811594,0.7894736842105263,0.18181818181818182,51.19617224880382,51.40873369351093,51.01020171341028,46.3768115942029,0.4907749077490775,0.5092250922509225,15.41103500742244,15.698043554168505,0.554897495413328,0.4451025045866718,49.43106032477059,44.271431317625,0.5485482558698661,0.4514517441301338,36.61235942158815,33.214365885409876,1.1555445258809258,0.7238191562889771,1.2534826454443648,1.424112316415691,-0.0716655536337214,-0.8623542534016657,-0.2642647759612428,6.267305978516258e-05,0.027866750627531897,0.8493996680419005,1.3428092491801518,4.112684674344795,1.1465748015571324,0.8862698737845105,1.0989717572975668,1.2152495201452982,1.8643173875260157,1.7603959540305096,1.8837456520421945,0.8966881053072696,88.14485821660404
42,2025-05-23 14:50:25+07:00,682.7906976744187,46.99564842910703,,,,,,,31.002846169154136,31.175836365833774,0.06882877665025892,0.045406075792698494,680.0,44.477999999999994,0.06540882352941176,60.0,1.5158494859696048,640.0,720.0,5.813953488372093,45.348837209302324,590.0,820.0,7.166666666666667,78.125,,,0.020388327423201905,0.03636478888461499,0.000717245374377794,0.05747036168219468,0.5606612343576037,0.3547624693219664,0.6327572651397013,-3.314154310847868,22.044645303443232,62.240160146114704,0.35418683454045313,4310.460697593224,2.823368636209955,4.3414937995494585,702.9076642769002,0.6046511627906976,0.5571428571428572,0.7948717948717948,0.18181818181818182,51.65876777251185,51.83030731738463,51.49716764421718,45.714285714285715,0.49326805385556927,0.506731946144431,15.488090662859394,15.698043554168505,0.540782739239619,0.4592172607603811,45.77012643148505,42.177399889749935,0.5354831831211353,0.4645168168788646,34.167129129728465,31.82264628286316,1.0940917440553168,0.6450551776154105,1.103101269459411,1.3897366739618389,-0.03893322212072192,-0.9851679043183554,-0.05564203738036909,0.00011495571167039646,0.026752420483950323,0.2976547876786402,2.4423470353692043,4.042430674577743,1.2016741867391807,1.0585266261493147,0.0,0.0,1.846499891657664,1.7832291986816258,1.9955426142785357,0.8966881053072696,87.87465940054494
43,2025-05-23 14:50:26+07:00,684.0697674418604,45.92520535614516,,,,,,,31.22969928845071,31.396979283415938,0.06713526535149557,0.045652798551874235,680.0,44.477999999999994,0.06540882352941176,57.5,1.4705618818791864,640.0,720.0,5.813953488372093,46.51162790697674,610.0,820.0,7.166666666666667,54.6875,,,0.013665862270421563,0.017846416142451367,0.00039171560214118213,0.03190399401501411,0.7657482690832532,0.4283433059820149,0.5593787453085902,-4.025952567248012,22.201016960076952,60.88055992704741,0.3646651244121312,4246.209125590737,2.742241944885951,4.33497148930038,667.7969002403687,0.5930232558139535,0.5428571428571428,0.7631578947368421,0.18181818181818182,52.112676056338024,52.227337221050455,51.99774581510916,45.714285714285715,0.5006031363088057,0.49939686369119407,15.71699110910894,15.698043554168505,0.5200952792695072,0.4799047207304929,43.90561794573938,42.17510272463578,0.5178051161939904,0.48219488380600967,32.975195956362725,31.821123968695318,1.0430066427678206,0.9405201260322196,1.0490100530493276,1.4885702574307182,-0.2830031830624762,-1.2336102863560519,-0.03264136277894753,0.0005072525431020848,0.07198470162610321,0.29765478767864106,2.4423470353692043,3.989764104659362,1.2236415439710278,1.3314569308770179,0.0,0.0,1.8481298910463448,1.7916084087491306,2.089792491689783,0.8966881053072696,87.71035186129527
44,2025-05-23 14:50:27+07:00,685.5813953488372,44.65830141293911,,,,,,,31.529631254723288,31.716531578187112,0.06513931345849328,0.04598962496448784,680.0,44.477999999999994,0.06540882352941176,50.0,1.4163914906632182,650.0,720.0,5.813953488372093,46.51162790697674,610.0,820.0,7.166666666666667,54.6875,,,0.02302442617263078,0.0471234014949243,0.0009913840563419126,0.07113921172389699,0.4885985612713199,0.3236530967196034,0.6624110719390311,-3.054985554321387,22.426974554653373,59.10134675009588,0.37946638761860346,4164.0692207242,2.635279520475174,4.326488050283643,622.9942748921186,0.6046511627906976,0.5571428571428572,0.7692307692307693,0.18181818181818182,50.23255813953488,50.2511948180184,50.21351609414072,47.14285714285714,0.48047337278106506,0.5195266272189349,15.545631755148024,16.16507110437575,0.5079353553946139,0.4920646446053861,42.12128376158747,41.458010588436316,0.5044786706577779,0.4955213293422222,31.74798586045136,31.464870615977603,1.1233869516270414,1.0094000444411937,1.1778775927003364,1.5940192779683808,-0.4142496882006874,-1.3461142964421726,-0.08773363686701495,0.0004973851007869466,0.07767211516519977,0.29427737463337156,2.120263536200091,3.9729635995656842,1.2465500793697184,1.4259456186640505,0.0,0.0,1.8091044174192787,1.7878262439616956,2.263904018629898,0.8966881053072696,87.51696065128901
45,2025-05-23 14:50:28+07:00,684.8837209302326,45.029250259503186,,,,,,,31.267348125856937,31.44734606019548,0.0657472923992746,0.04565351339259247,680.0,44.477999999999994,0.06540882352941176,57.5,1.440136530870863,640.0,720.0,6.976744186046512,45.348837209302324,610.0,820.0,7.166666666666667,54.6875,,,0.01615548541257828,0.02613941458263357,0.0005526300846834644,0.04284753007989532,0.6180507739186943,0.37704589698528895,0.6100565081322753,-3.644310966498451,22.236631649484277,59.870658910014726,0.37141117292371567,4182.470751238974,2.6924338116381614,4.328403022508374,644.7911454975168,0.5930232558139535,0.5507246376811594,0.7631578947368421,0.18181818181818182,48.81516587677725,48.77430591661529,48.85812996519686,47.82608695652174,0.4584837545126353,0.5415162454873648,15.059406173077152,16.366341767699428,0.5065487267922372,0.4934512732077627,42.61128703560571,42.05679511670556,0.5007202916187875,0.4992797083812127,31.957061012525024,31.911057318315947,1.0475241526728927,0.8956704683528203,1.0668317083187864,1.4828082467526196,-0.3515228136526325,-1.3264205334592662,-0.03556966191055339,0.0004390751512822264,0.06370718368652435,0.3332460848722345,2.5649493574615367,3.9581851804168537,1.2409377246968722,1.2267899838430463,0.0,0.0,1.7689433242625006,1.782313758681849,2.6831776733865618,0.8966881053072696,87.60611205432937
46,2025-05-23 14:50:29+07:00,684.3023255813954,45.362350226343594,,,,,,,31.097569415139372,31.2821263435117,0.06628992556441035,0.04544419659646535,680.0,44.477999999999994,0.06540882352941176,60.0,1.4587104741459194,650.0,720.0,5.813953488372093,44.18604651162791,610.0,820.0,6.615384615384615,54.6875,,,0.04062171952119804,0.058923378085169856,0.001381293110941956,0.10092639071730986,0.6893990270293401,0.4024885783836023,0.5838252776740179,-2.8315173556101283,22.119803667431455,60.38914421893887,0.36628774846082984,4196.526943545349,2.7300940427357436,4.329860125781106,659.4721715121386,0.5813953488372093,0.5428571428571428,0.7631578947368421,0.16666666666666666,50.0,50.003370180409455,49.99611983968491,47.14285714285714,0.4720194647201947,0.5279805352798053,15.197117521174235,16.07275126832159,0.5081909254282969,0.4918090745717032,43.04991795371261,42.35036367818358,0.5039120077124712,0.4960879922875286,32.28194399950046,32.03034995912271,1.0718453184296266,0.5568354409937795,1.1801819102966054,1.2971812426980218,0.4304826206430139,-0.4645816845078832,-0.28988526270416826,0.00014807110403750889,0.024339984971332898,0.3228984410880651,2.2686835413183646,3.9453691483449482,1.2270327776973065,0.8418239574966186,0.0,0.0,1.7470910159439152,1.787465978682889,2.3147509126723556,0.8219640965316637,87.68054375531011
47,2025-05-23 14:50:30+07:00,684.7674418604652,45.21131415361181,,,,,,,31.32373653618347,31.508746729252486,0.06602433379539167,0.045743612533737106,680.0,44.477999999999994,0.06540882352941176,60.0,1.4433563537793828,650.0,720.0,5.813953488372093,45.348837209302324,610.0,820.0,6.615384615384615,54.6875,,,0.016196317100709814,0.028886912124922885,0.0006169223558658527,0.045700151581498545,0.5606801111405759,0.3544040126831177,0.632096636997099,-3.5443666540890018,22.28004847894388,60.31116791100895,0.36941828935925763,4221.470344477887,2.7069585583714955,4.3324338526946,653.039328568344,0.5697674418604651,0.5285714285714286,0.7567567567567568,0.17391304347826086,50.467289719626166,50.47656867846365,50.45566752302366,47.14285714285714,0.4796163069544364,0.5203836930455633,15.43033499620919,16.07275126832159,0.5068368001692366,0.49316319983076334,42.93701104082338,42.35386709227537,0.5035679394844556,0.49643206051554445,32.262068712460355,32.03266606921331,1.1056506120654557,1.0433488017347485,1.1825343859145425,1.6102197563998026,-0.6251297969567613,-1.590919283890707,-0.09008399705433212,0.0005075572187468902,0.0816749453510685,0.3004332351482484,2.197224577336219,3.9557946943012245,1.2303279785825643,1.0114042647073518,0.0,0.0,1.7780759592951005,1.7891651195549234,2.4892631384753665,0.8219640965316637,87.62098828323994
48,2025-05-23 14:50:31+07:00,687.0930232558139,47.05106810239193,,,,,,,32.28549118685467,32.446033625687065,0.06847845416831454,0.04698853007394655,680.0,44.477999999999994,0.06540882352941176,60.0,1.4573440382269667,650.0,720.0,6.976744186046512,47.674418604651166,610.0,820.0,7.818181818181818,54.6875,,,0.016866227832426365,0.03265859055561002,0.0007151255735685985,0.05023994396160498,0.5164407754739778,0.33571350806673056,0.6500522886842547,-3.421647347435017,22.942810399330064,61.82937124425076,0.37106653258201155,4456.473402612375,2.6949344987855626,4.355961428846908,666.5044224174056,0.5581395348837209,0.5138888888888888,0.7297297297297297,0.13043478260869565,52.67857142857143,52.54359647598339,52.81482099915635,45.83333333333333,0.5101580135440182,0.4898419864559819,16.402671094904605,16.07275126832159,0.5304699516249403,0.4695300483750596,45.03241358390231,42.36688418172564,0.52800753588408,0.47199246411591983,33.889274794831834,32.041271889557436,1.0453552148626417,1.065876018799035,1.1999536364614758,1.4696403944891718,-0.4200370915742102,-1.1704493757640932,-0.24698111856239824,0.0003144048370314262,0.07286574591217092,0.26165868378349266,2.0794415416798357,4.040644473704252,1.2133348689749945,0.7945134575869863,0.0,0.0,1.8060498510767296,1.7924299067279466,2.554634683767483,0.8219640965316637,87.3244203756981
49,2025-05-23 14:50:32+07:00,688.2558139534884,47.852515096851405,,,,,,,32.1942632814496,32.34876469095555,0.06952722247557393,0.0467765947322971,680.0,44.477999999999994,0.06540882352941176,67.5,1.4863677630549825,650.0,730.0,6.976744186046512,46.51162790697674,610.0,820.0,8.6,54.6875,,,0.01730761694096316,0.034287156889213105,0.0007700686752576219,0.052364842505433884,0.5047842548417368,0.3305197936796459,0.6547743724361462,-3.372984429645244,22.874030875982616,63.26525900681097,0.3615575314963945,4546.297651161435,2.765811559397628,4.3646279760241224,699.9191386772908,0.5581395348837209,0.5138888888888888,0.7297297297297297,0.125,52.914798206278036,52.872507762456586,52.95287646134764,45.83333333333333,0.5130533484676505,0.4869466515323495,16.402671094904605,15.97989808656935,0.5053204503042881,0.494679549695712,44.97267574521553,44.496645193930995,0.5062162444741558,0.49378375552584436,33.84958775769593,33.431336918912805,1.0113205895551662,0.6655890417892971,1.1180105546140746,1.2691267419240906,0.2022024410370875,-0.6242913968903849,-0.2729587210393794,0.00014011590723798028,0.029696888655478263,0.24534933835855277,2.0368819272610397,4.0648256289830105,1.2094015575242811,0.9203919804173261,0.0,0.0,1.8138588160392053,1.7816670754249193,2.3068506837213634,0.8219640965316637,87.17688798783577
50,2025-05-23 14:50:33+07:00,689.8823529411765,47.92091991840652,,,,,,,32.293298729878046,32.47312318214133,0.06946245213275161,0.04680986343860222,680.0,44.477999999999994,0.06540882352941176,60.0,1.483927681691733,650.0,730.0,7.0588235294117645,45.88235294117647,610.0,820.0,8.5,93.75,,,0.01821320068543973,0.035615133686387856,0.0006429571918609131,0.054471291563688504,0.5113893673913356,0.3343632978510273,0.6538331048153357,-3.3349846279048467,22.961965608398206,63.87020688549629,0.3595098047758545,4607.414213516587,2.7815653056346417,4.370427367701365,710.6366061456131,0.5411764705882353,0.5,0.7222222222222222,0.13043478260869565,51.80180180180181,51.78942027861797,51.80788040547649,47.22222222222222,0.5057077625570776,0.49429223744292244,16.33607877917825,16.150646225274574,0.48722361075393267,0.5127763892460674,44.582301634089944,45.73643742797552,0.48934083359128827,0.5106591664087118,33.574164836020095,34.29770460320264,1.1042252292824744,0.5898453743559497,1.102397788640486,1.35641056099113,0.4392145375021652,-0.47531075155919655,-0.06935701559412967,0.00024054760332978197,0.030545215052309466,0.23175871118124736,1.9924301646902063,4.077695901599716,1.2065488355747505,0.9845850784363799,0.0,0.0,1.814504792961787,1.776930831039036,2.460569534269152,0.8294505917354672,86.97135061391542
51,2025-05-23 14:50:34+07:00,691.7647058823529,47.86330910565437,,,,,,,32.219485379118616,32.390864467860844,0.06919015772075887,0.046575786687501404,690.0,44.477999999999994,0.06446086956521738,60.0,1.4855392177267515,650.0,730.0,7.0588235294117645,45.88235294117647,610.0,820.0,8.5,93.75,,,0.026506463784269765,0.02992859018135739,0.0007033442914729252,0.05713839825710008,0.8856569462059299,0.46389931452052985,0.5237911998633674,-3.5089410620907207,22.903799913718792,63.62450806404147,0.3599839214578271,4578.06391054467,2.777901846144404,4.3676519611668825,706.9705536445213,0.5529411764705883,0.5070422535211268,0.7222222222222222,0.125,52.27272727272727,52.327820347527854,52.21278058821661,46.478873239436616,0.5080275229357798,0.49197247706422004,16.33607877917825,16.075874313385228,0.4958659475014816,0.5041340524985185,44.80294684634526,45.17492645566609,0.4972628336780181,0.5027371663219817,33.720702216857504,33.90580861161254,1.0578072123115354,0.7935304676138979,1.1873711232072464,1.20502066699527,0.36930735960189764,0.02557303887489404,-0.47775820273026826,7.475544135354701e-05,0.03212450324569916,0.23175871118124736,1.9924301646902063,4.067639984278853,1.2075179557482478,0.0,0.0,0.0,1.8074656389628956,1.7562634897059688,2.2359475546719834,0.6786413932381097,86.73469387755102
52,2025-05-23 14:50:35+07:00,692.3529411764706,47.40019737811852,,,,,,,32.65986323710904,32.84816161020881,0.06846247709668775,0.047172274853938295,690.0,44.477999999999994,0.06446086956521738,60.0,1.4513287160449926,650.0,730.0,7.0588235294117645,47.05882352941176,610.0,820.0,8.5,93.75,,,0.018946266190084975,0.035214437909363024,0.0009370573008216814,0.055097761400269674,0.5380255177961375,0.3438663515282536,0.6391264729167503,-3.3462991125943042,23.22715782409027,62.78943309807763,0.3699214450273703,4581.76178484171,2.703276637357454,4.3680026155445155,678.9488302678085,0.5529411764705883,0.5070422535211268,0.7222222222222222,0.13043478260869565,51.33928571428571,51.43590008443246,51.24411122933316,46.478873239436616,0.4944196428571428,0.5055803571428571,16.33607877917825,16.51942996186794,0.5099693155879309,0.49003068441206915,44.83927530397969,43.95397933056671,0.5080968106465379,0.49190318935346206,33.744837232276,33.20273983617125,1.1306560968764763,0.8359712869483134,1.207003459252916,1.548641740350633,-0.34439689848375465,-1.3343189765908494,-0.09132773286405961,0.0004336123117824418,0.05676774234141335,0.23175871118124736,1.9924301646902063,4.063079801185858,1.229261889963633,0.9004670192810766,0.0,0.0,1.8106672897194498,1.7626346071926067,2.1990223617069473,0.6786413932381097,86.66100254885302
53,2025-05-23 14:50:36+07:00,693.0588235294117,46.599190913979776,,,,,,,32.65986323710904,32.85602033553602,0.06723699249173792,0.047124229759875555,690.0,44.477999999999994,0.06446086956521738,60.0,1.4268030020723566,650.0,730.0,7.0588235294117645,47.05882352941176,610.0,820.0,8.5,93.75,,,0.02345014855736218,0.02410020451306935,0.0005770483192840023,0.04812740138971554,0.9730269527233825,0.4872515008128675,0.5007584830503519,-3.7255349525020587,23.232714782060622,61.87800074725538,0.3754600100438946,4516.3345690590895,2.663399491954126,4.361756216844946,659.223343013508,0.5647058823529412,0.5211267605633803,0.7567567567567568,0.125,50.0,50.00224630410114,49.99744623937934,47.88732394366197,0.4843750000000001,0.5156250000000001,16.169285176918923,16.682723189337167,0.49093476573997274,0.5090652342600274,43.35589614852557,44.14921568539585,0.49012428743092396,0.5098757125690758,32.71986792435342,33.372642228685244,1.2045533517200167,0.7651654196192534,1.2993092245732187,1.5871360615296433,-0.16592290044498448,-1.156895837689527,-0.12383710819073951,0.00042780102163439713,0.05014839741934633,0.23798785574987225,2.03688192726104,4.037883219420255,1.232893665973544,0.0,0.0,0.0,1.803003676159082,1.754138543013359,2.4728859397362335,0.6786413932381097,86.5727380750297
54,2025-05-23 14:50:37+07:00,693.5294117647059,46.46314162227694,,,,,,,32.877840272018794,33.07443924343887,0.066995199964267,0.04740655509960301,690.0,44.477999999999994,0.06446086956521738,60.0,1.413205406372758,650.0,730.0,7.0588235294117645,48.23529411764706,610.0,820.0,7.7272727272727275,93.75,,,0.019771100502378618,0.032681822576611695,0.000984405733331354,0.05343732881232167,0.60495709674795,0.36998669173410786,0.611591621493548,-3.420936240147291,23.387160272978083,61.80587008199206,0.3783970720249149,4541.058421866939,2.6427265799090454,4.364127199207224,653.3440626403427,0.5529411764705883,0.5070422535211268,0.75,0.125,50.442477876106196,50.44810413688868,50.43476673629361,47.88732394366197,0.4911894273127753,0.5088105726872247,16.391299484640644,16.682723189337167,0.48980258499723217,0.5101974150027679,43.255392889387146,44.14676163182117,0.4899762955789285,0.5100237044210717,32.708589948287475,33.37101898046331,1.1662576875291168,0.592773240145829,1.2686817917669344,1.410271376707954,0.29839933533019725,-0.5983718923945109,-0.26114039003146156,0.00012926789484355794,0.025312225422027077,0.23798785574987313,1.9924301646902063,4.02689107440559,1.2356789071137595,0.772760613339579,0.0,0.0,1.7993492229596444,1.754838572412324,2.686419500051084,0.6786413932381097,86.51399491094148
55,2025-05-23 14:50:38+07:00,695.2941176470588,46.94445135055944,,,,,,,33.30951530004317,33.48816593368224,0.06751740041958634,0.047907086302938565,690.0,44.477999999999994,0.06446086956521738,70.0,1.4093405721367132,658.0,730.0,8.235294117647058,48.23529411764706,610.0,820.0,7.7272727272727275,93.75,,,0.02058166549319389,0.03137169170043703,0.000976612746223623,0.05292996993985455,0.6560585157384794,0.3888471033817188,0.5927018612722688,-3.4618493309005505,23.67970922120704,61.83927866285446,0.38292343852049066,4600.347650968294,2.6114880924075083,4.369760762772079,645.9701594844565,0.5411764705882353,0.49295774647887325,0.7142857142857143,0.13043478260869565,52.192982456140335,52.12921216572083,52.25273498375277,46.478873239436616,0.5139484978540773,0.4860515021459227,16.9868836714528,16.51942996186794,0.4961405166981726,0.5038594833018273,43.55788282993683,43.895412390313204,0.4984203296703296,0.5015796703296704,33.05936609717415,33.163977409085916,1.17650244427741,0.39444872576202883,1.2257133616087037,1.3094215123191502,0.5426747001456791,-0.2731149900664631,-0.28778445652541507,4.957149937850526e-05,0.009544093916570875,0.1987517025831549,1.897119984885881,4.048259091944223,1.2410429293402494,0.0,0.0,0.0,1.8492521330949427,1.7635027336688491,2.591846392814954,0.6786413932381097,86.29441624365484
56,2025-05-23 14:50:39+07:00,696.0,46.93460496112802,,,,,,,33.166247903554,33.357707668984574,0.06743477724300002,0.04765265503384196,700.0,44.477999999999994,0.06353999999999999,70.0,1.415131584905588,658.0,732.0,7.0588235294117645,48.23529411764706,610.0,820.0,7.7272727272727275,93.75,,,0.021030266634424293,0.031055924096269436,0.0009628934619490927,0.05304908419264282,0.677174073752664,0.3964303428510629,0.5854186659187693,-3.4719656966507726,23.587461297577487,62.25514284976768,0.37888373904302286,4613.242743256117,2.639332061401686,4.370976417221914,657.2479780421351,0.5411764705882353,0.49295774647887325,0.7142857142857143,0.125,51.315789473684205,51.29537989870614,51.33152365752572,47.88732394366197,0.5054112554112553,0.49458874458874463,16.77275472916775,16.59220313337795,0.4845150510336252,0.5154849489663749,43.334009108107296,44.697499548223654,0.4871392651655869,0.512860734834413,32.856975260866186,33.71325904360724,1.1913005653460023,0.6605523446176906,1.2791309661043053,1.5215767376548475,-0.04915785581751919,-1.0477720877165202,-0.13296508819318,0.00033735305668688276,0.03811415404435465,0.18224819828410865,1.8458266904983307,4.069134827365603,1.236338708580759,0.0,0.0,0.0,1.867727075314689,1.765300703749323,2.70084719660925,0.6786413932381097,86.20689655172414
57,2025-05-23 14:50:40+07:00,696.9047619047619,47.38908904150397,,,,,,,33.20255469921278,33.38657712580747,0.06799937614428311,0.04764288682497222,700.0,44.477999999999994,0.06353999999999999,70.0,1.4272723731896313,656.0,740.0,7.142857142857142,47.61904761904761,610.0,820.0,7.636363636363637,93.75,,,0.02508048137808975,0.02733892341342135,0.0005413177434510949,0.05296072253496219,0.9173909666749029,0.47356758325063997,0.5162112997112809,-3.5994438261711896,23.607875086266134,62.76000867902833,0.3761611188902665,4654.679322312951,2.6584353081205063,4.37485987619275,667.3736920411133,0.5476190476190477,0.5,0.7142857142857143,0.13043478260869565,51.99999999999999,52.01373004294442,51.980541987335805,47.14285714285714,0.5103825136612022,0.48961748633879776,16.874717703149155,16.527877410826743,0.48813428784895924,0.5118657121510408,43.848289087630256,44.901517050978555,0.49089470247165934,0.5091052975283409,33.22219554359231,33.83280187323121,1.2289012295958281,0.7851321086993548,1.273305559786368,1.6152051868535524,-0.09116687389203904,-1.0786426797081328,-0.06453235923114486,0.00043813412303142925,0.05383604755949112,0.151031036097387,1.7346010553881064,4.0823033189169475,1.2124796066940924,0.7802238541269992,0.0,0.0,1.8954400066409243,1.7631069225673481,2.406836822556244,0.7609901693784239,86.09497779296207
58,2025-05-23 14:50:41+07:00,698.4705882352941,47.27089818404185,,,,,,,32.98628863778461,33.162788040420914,0.06767772184004643,0.04722645333016156,700.0,44.477999999999994,0.06353999999999999,60.0,1.4330468851198594,660.0,740.0,7.0588235294117645,45.88235294117647,610.0,820.0,7.7272727272727275,93.75,,,0.022517672567200775,0.03163260971243043,0.0008968412763349348,0.055047123555966145,0.711849979243166,0.40906174769163306,0.5746460063489005,-3.453566737561642,23.449632306433763,62.48005992872964,0.3753138574640056,4602.855567504096,2.6644366577802283,4.369997457391045,665.8966482176511,0.5647058823529412,0.5142857142857143,0.75,0.17391304347826086,52.23214285714284,52.30348962733545,52.15776090922633,47.14285714285714,0.5153172866520787,0.4846827133479213,16.844433494749417,16.33607877917825,0.48995393285359135,0.5100460671464088,43.73398598888105,44.621702771431785,0.4930890909419881,0.506910909058012,33.139074143936796,33.60032610036338,1.1789047073214736,0.8172546124560309,1.3091697904747956,1.4462040774046576,0.13965669178645257,-0.5091699271239731,-0.3323236298195447,0.00017478965478992384,0.041449000840980896,0.16574469398506153,1.791759469228055,4.014453099403805,1.2246785707399939,0.8958797346140275,0.0,0.0,1.881752224040369,1.7555501699666993,2.2564650907082573,0.7540459924867884,85.90197069226882
59,2025-05-23 14:50:42+07:00,700.0,46.25752950757939,,,,,,,33.057088261632316,33.25605696280737,0.0660821850108277,0.04722441180233188,700.0,44.477999999999994,0.06353999999999999,60.0,1.3993225640888691,660.0,740.0,7.142857142857142,46.42857142857143,610.0,820.0,7.0,93.75,,,0.02151476435645322,0.028953360389972652,0.0007393252145649753,0.051207449960990845,0.7430834993476051,0.4201491066796508,0.5654130485315894,-3.5420690060526656,23.515583393927184,61.38091567171515,0.38310903538318125,4534.600098598296,2.6102229591108745,4.363509103093309,640.8715013502374,0.5595238095238095,0.5142857142857143,0.75,0.18181818181818182,50.67264573991031,50.68997154424015,50.65292220331459,48.57142857142857,0.5016538037486219,0.4983461962513782,16.65650096479581,16.601498609991836,0.4831521394911064,0.5168478605088935,42.665350366605374,44.12804875351972,0.48552036786782315,0.514479632132177,32.386502947180304,33.33837460712935,1.247431641368054,0.5869426880815682,1.348261817611646,1.4045241837824665,0.4813180504543215,-0.17002713700422145,-0.4041433391823743,8.03228060876198e-05,0.02044553912804234,0.19073991400105417,1.791759469228055,4.011822120749962,1.2383628019030135,0.0,0.0,0.0,1.8348505322245026,1.7682845103730498,2.5695131074305717,0.8370891863162664,85.71428571428572
60,2025-05-23 14:50:43+07:00,699.2941176470588,46.43962376529535,,,,,,,33.594217189442425,33.795137258964736,0.06640928701295601,0.0480401827237989,700.0,44.477999999999994,0.06353999999999999,60.0,1.382369575793831,660.0,740.0,8.235294117647058,48.23529411764706,610.0,820.0,7.083333333333333,93.75,,,0.024431122706667037,0.03332219081542972,0.000855965898990051,0.058609279421086805,0.7331787649254531,0.4168473482012655,0.5685480378631111,-3.401531713081785,23.896770726944112,61.50344341049735,0.38854362295535205,4617.304550979668,2.573713583030318,4.371358630917054,633.1689908349341,0.5529411764705883,0.5070422535211268,0.7222222222222222,0.18181818181818182,49.565217391304344,49.55474038523873,49.57681435033511,49.29577464788733,0.4852320675105486,0.5147679324894514,16.64657423420626,17.145725520212252,0.4855161017267431,0.5144838982732569,42.854975402576734,44.11490263610238,0.48547884483366666,0.5145211551663335,32.50890147706007,33.4671520913212,1.2845869998329063,0.8312842872866755,1.392802419819577,1.700229143476244,-0.2510285293346506,-1.2384639863966278,-0.13017859430482862,0.0004954598401067362,0.05968584213327368,0.1719738385536873,1.845826690498331,4.03337204942689,1.2522039903869884,0.8080302629045554,0.0,0.0,1.8599434906381542,1.782412458273335,2.844484952987281,0.8294505917354672,85.80080753701212
61,2025-05-23 14:50:44+07:00,699.047619047619,46.97138446030931,,,,,,,33.07530655359762,33.27549100311936,0.06719339738872586,0.047314811827353545,700.0,44.477999999999994,0.06353999999999999,70.0,1.4201345158870555,656.0,740.0,7.142857142857142,46.42857142857143,610.0,820.0,7.0,93.75,,,0.01731003133008722,0.02912717161596171,0.0007436522667746452,0.04718085521282358,0.5942915281414181,0.3668867648118091,0.617351497436296,-3.536083807954442,23.529325335617653,61.840704237244346,0.3804828167116315,4571.237376339861,2.6282395842277984,4.367003883987463,650.1287471713973,0.5476190476190477,0.5,0.7058823529411765,0.19047619047619047,50.45454545454544,50.50028958419324,50.410856221154376,48.529411764705884,0.49669603524229083,0.5033039647577093,16.583123951776997,16.693068519159855,0.4891946994987789,0.5108053005012212,43.2529066601427,44.19794979416257,0.490143361856687,0.5098566381433132,32.75525862018965,33.407464005762854,1.1429198442129196,0.8705547546819599,1.2797712632932692,1.4130469783290476,0.14481777890591552,-0.43041176679636006,-0.3469071424640394,0.0002285401132347052,0.04761725766643687,0.19704410850424026,1.8971199848858813,4.00402423941599,1.2253724683972693,0.0,0.0,0.0,1.809846849295716,1.7592053004524766,2.2434625592176003,0.9131882032541088,85.83106267029973
62,2025-05-23 14:50:45+07:00,699.4047619047619,46.55224272097174,,,,,,,32.9292779969071,33.129457822453965,0.06655980235849576,0.04708186130621611,700.0,44.477999999999994,0.06353999999999999,70.0,1.413703717565389,660.0,740.0,7.142857142857142,45.23809523809524,610.0,820.0,7.0,93.75,,,0.016320731631424956,0.029245623482646584,0.0007471237729635137,0.046313478887035055,0.5580572300368004,0.352397013215817,0.6314711005403132,-3.5320253410240405,23.426064283290906,61.64390167862489,0.38002241333490944,4536.692280309916,2.6314237395222038,4.36370943242912,648.8449050956248,0.5595238095238095,0.5147058823529412,0.7428571428571429,0.18181818181818182,49.999999999999986,50.00166712433346,49.99808082348323,48.529411764705884,0.4922222222222222,0.5077777777777779,16.435387163663414,16.693068519159855,0.48598564760072666,0.5140143523992734,42.973610271749436,44.19546848236551,0.4867726575681323,0.5132273424318676,32.53346839031862,33.40582262840663,1.1542047667950606,0.8500966917066934,1.2815230605753651,1.4316573435458717,0.012103856244349842,-0.617944333957051,-0.32339152188783366,0.00014182956593986133,0.04148455207818031,0.21374645020448124,1.9459101490553135,4.00056597685107,1.224601326664436,0.9344174045708421,0.0,0.0,1.7911652157469318,1.7478898900955508,2.445490512794538,0.9892872201919511,85.78723404255318
63,2025-05-23 14:50:46+07:00,700.8333333333334,46.85811275460947,,,,,,,33.79598607377502,34.001434689959915,0.06686056516710032,0.04822257228124854,700.0,51.891,0.07413,65.0,1.386499350908728,660.0,740.0,8.333333333333332,44.047619047619044,610.0,820.0,7.0,93.75,,,0.014796403747231792,0.02916103836110089,0.000754673424633956,0.04471211553296664,0.5074031851681017,0.33092604925665553,0.6521954511322596,-3.5349217633844168,24.042645039342172,61.87894488562877,0.38854322877968167,4673.852657014805,2.573716194053241,4.376645127120684,637.035370092283,0.5595238095238095,0.5147058823529412,0.7428571428571429,0.18181818181818182,49.999999999999986,49.997340921156066,50.00245592854249,50.0,0.5168776371308017,0.48312236286919824,17.285267941367817,16.711322290080062,0.47734476327886977,0.5226552367211305,42.75225049196281,44.73532047533748,0.4825300722801589,0.517469927719841,32.607785956213064,33.76771528186409,1.370254269361727,0.5994363390789745,1.4480200726393357,1.6104864176811193,0.24806973110868036,-0.5957761429470363,-0.22896814148536468,0.00015312731382827272,0.025326495046777125,0.21374645020448124,1.9924301646902063,4.00056597685107,1.2421864008889576,0.0,0.0,0.0,1.7818363998015831,1.7641487723612799,2.778861174971864,0.9131882032541088,85.61236623067775
64,2025-05-23 14:50:47+07:00,700.2380952380952,46.671788916491295,,,,,,,34.16825836237592,34.37404661675796,0.06665131365156866,0.04879520065351203,700.0,44.477999999999994,0.06353999999999999,62.5,1.365939944070533,660.0,740.0,8.333333333333332,45.23809523809524,610.0,820.0,7.0,93.75,,,0.029205552595935477,0.03460482502142646,0.0009127167499317864,0.06472309436729373,0.8439734221413377,0.4512385089346687,0.5346596197185711,-3.3637621551545993,24.30612145953205,61.74737856717254,0.3936381110185978,4715.025666512991,2.540404427336443,4.380454171148526,627.453255553858,0.5595238095238095,0.5147058823529412,0.7428571428571429,0.18181818181818182,49.32735426008967,49.32693569902244,49.33002513161636,50.0,0.5056759545923633,0.49432404540763664,17.285267941367817,17.090148353121666,0.4792510452995241,0.520748954700476,42.74645056779075,44.55872219636848,0.48279661737988744,0.5172033826201123,32.60398383594754,33.74576191542316,1.2595398061248784,0.9164858821391464,1.414744503440358,1.6402149897839116,0.04304353837875752,-0.7908359162791978,-0.25398367750380557,0.0005017620303914586,0.06936895818552492,0.21374645020448035,1.9924301646902063,4.008363858185041,1.2517361277851868,0.0,0.0,0.0,1.7801697195949182,1.7698200327463314,3.13489863934515,0.9131882032541088,85.68514110846651
65,2025-05-23 14:50:48+07:00,699.8809523809524,46.68515534088458,,,,,,,34.273879196564884,34.482019913657744,0.06670442334809158,0.0489710129700876,700.0,44.477999999999994,0.06353999999999999,62.5,1.3621205546398616,660.0,740.0,8.333333333333332,46.42857142857143,610.0,820.0,7.636363636363637,93.75,,,0.01452822926986639,0.02855607462738768,0.0008001711633365862,0.04388447506059066,0.5087614267520016,0.3310562391325742,0.6507101791228156,-3.555885593975549,24.382470109956955,61.77699649953116,0.39468526298687895,4732.104895300101,2.5336643999126065,4.38202447291369,626.0887070575512,0.5476190476190477,0.5072463768115941,0.7142857142857143,0.17391304347826086,50.222222222222214,50.21964119733002,50.22373831440664,49.275362318840585,0.5117948717948718,0.4882051282051281,17.44328789772521,17.0365460830247,0.47873204812597686,0.5212679518740232,42.74379129437822,44.60230489880229,0.4831883290616083,0.5168116709383915,32.6442949602246,33.76099454048079,1.1379558593177534,0.9216639090338619,1.2854179316508403,1.5549057863097078,-0.0319948604623157,-0.9466579430723656,-0.20760723945308937,0.0006116382799318928,0.07557044075864579,0.1775012184856699,2.0794415416798357,4.0181744862037005,1.2563844075213517,0.7945134575869863,0.0,0.0,1.9219198111746891,1.7699979367109633,2.970355895833446,0.9131882032541088,85.72886545330839
66,2025-05-23 14:50:49+07:00,700.2380952380952,46.80068454025649,,,,,,,34.185884496311935,34.39370333750486,0.06683538764674508,0.04882037228307043,700.0,44.477999999999994,0.06353999999999999,62.5,1.369006103829359,660.0,740.0,8.333333333333332,45.23809523809524,610.0,820.0,8.4,93.75,,,0.014857755536524186,0.028260457898191833,0.0008216308965188026,0.043939844331234816,0.52574362347734,0.33813855653472336,0.64316244921475,-3.5662916988070648,24.320020860068073,61.81182994768109,0.3934525297285824,4722.646260690144,2.5416026698057723,4.3811555268948945,628.4044480824266,0.5357142857142857,0.4927536231884058,0.7058823529411765,0.18181818181818182,49.99999999999999,49.99810652871857,50.00166559647332,49.275362318840585,0.509278350515464,0.4907216494845359,17.355676656216026,17.0365460830247,0.4793510617650286,0.5206489382349714,42.795533814757455,44.60094849878191,0.48336290027104534,0.5166370997289546,32.654840580572206,33.76009855902394,1.2716095405279237,0.5659940832212083,1.2792940751943283,1.5309460797965588,0.4810621604772862,-0.4716168348387759,-0.055380502972718904,0.00033630868261720647,0.032695175147502344,0.1775012184856699,2.0794415416798357,4.026421598180608,1.2430631330218143,0.8664339756999315,0.0,0.0,1.923989147788918,1.7650978821609506,2.961488530957938,0.8370891863162664,85.68514110846651
67,2025-05-23 14:50:50+07:00,700.4761904761905,47.004351552071775,,,,,,,33.97376734290561,34.17255825773574,0.06710342505734244,0.04850095949701005,700.0,51.891,0.07413,65.0,1.3835484030265253,660.0,740.0,8.333333333333332,44.047619047619044,610.0,820.0,8.4,93.75,,,0.030007271800592313,0.032400787494829636,0.0011063850563489248,0.06351444435177088,0.9261278543115883,0.47244799363116313,0.5101325820529871,-3.429572551083248,24.163647674537287,62.106356597586874,0.3890688328588278,4714.6387351185085,2.5702392881283456,4.380418529971399,638.5127910785075,0.5357142857142857,0.4927536231884058,0.6764705882352942,0.18181818181818182,51.35135135135136,51.318514483507606,51.38012153175111,47.82608695652174,0.5198329853862214,0.4801670146137787,17.425800887918058,16.747770146441844,0.48502841516797984,0.5149715848320202,43.25333946573934,44.568465924778465,0.4896060731456251,0.5103939268543751,32.97354933521602,33.66627362633254,1.2778439183326735,0.9404442258713182,1.2647992200101807,1.7078508335022433,-0.11105652224040341,-1.030626126708225,-0.028891133249739534,0.0005882596736511235,0.07625277624169728,0.19420356018590912,2.0794415416798357,4.029297490087587,1.2462017024318977,0.0,0.0,0.0,1.8976092617542308,1.758419123067685,2.7947665803366912,0.7609901693784239,85.65601631543169
68,2025-05-23 14:50:51+07:00,701.3095238095239,46.97550661203408,,,,,,,34.1329787883193,34.33855058707058,0.06698255908013687,0.04867034829772231,700.0,51.891,0.07413,65.0,1.3762498404654224,660.0,740.0,8.333333333333332,45.23809523809524,610.0,820.0,7.636363636363637,93.75,,,0.029605658819516958,0.031514757046549935,0.001208356696722115,0.062328772562789014,0.9394220864779925,0.4749918472996189,0.5056213326646609,-3.4572993651837,24.281021976234904,62.17338992157568,0.3905372058184783,4742.6533467802665,2.560575497292824,4.382991492028301,636.7986352672772,0.5238095238095238,0.48571428571428577,0.6764705882352942,0.17391304347826086,50.66666666666667,50.683111437745765,50.64811561618412,48.57142857142857,0.5149948293691831,0.48500517063081694,17.425800887918058,16.910813397234843,0.48153095184972683,0.5184690481502732,43.14362687374982,44.7678218648053,0.48595984433746936,0.5140401556625307,32.90160388496823,33.83883482239775,1.2001727531937194,1.5943058906059386,1.4476568284496798,1.8401754254792464,-0.8604128730358749,-1.5091093129774231,-0.253799694686956,0.0010571376225777347,0.18463065253501074,0.19420356018590912,2.1400661634962708,4.0075007129627505,1.25851180665751,0.8096696130410952,0.0,0.0,1.8894662836877387,1.751076494619753,2.582923419786262,0.7609901693784239,85.554235274147
69,2025-05-23 14:50:52+07:00,700.0,47.68447885643214,,,,,,,34.53776401067595,34.737768560226925,0.06812068408061735,0.04933966287239421,700.0,59.303999999999995,0.08471999999999999,70.0,1.3806475382046277,650.0,740.0,9.411764705882353,44.70588235294118,610.0,820.0,8.5,93.75,,,0.02891767496955775,0.032006257635324546,0.0012951561464029958,0.06221908875128529,0.9035006622468101,0.4647717533304501,0.5144121888905577,-3.441823844196143,24.563311712225303,62.89009072332148,0.3905752310056139,4853.097466018132,2.5603262076432762,4.39298912341365,644.076589919933,0.5176470588235295,0.4788732394366197,0.6470588235294118,0.17391304347826086,48.69565217391304,48.631193418825205,48.76110258192076,49.29577464788733,0.48902195608782445,0.5109780439121757,17.180824278583557,17.562281598350452,0.4891211265942005,0.5108788734057997,43.9835654813972,44.95118995901278,0.48910799571749497,0.5108920042825051,33.38962979240652,34.12508764582891,1.1697846325771752,1.1743017218652698,1.3266636228958957,1.695487047958606,-0.5636374771440806,-1.4412723579428155,-0.18592107275729086,0.0006627557360118539,0.1061719820185578,0.19189733030807954,2.1400661634962708,4.047799768299529,1.2590587879877477,0.0,0.0,0.0,1.8894910835876637,1.749830055965912,2.998568247777533,0.8294505917354672,85.71428571428572
70,2025-05-23 14:50:53+07:00,699.2857142857143,48.44039224333829,,,,,,,34.79717479184159,35.00346315933929,0.06927124529180143,0.049761026260039046,700.0,59.303999999999995,0.08471999999999999,72.5,1.3920783090325894,650.0,740.0,9.523809523809524,45.23809523809524,610.0,820.0,9.333333333333334,54.6875,,,0.029571437933622408,0.031807050178978294,0.0012991553854392716,0.06267764349803998,0.9297133109553984,0.47180200599831346,0.5074704217297663,-3.448067310027193,24.7511861649823,64.09030233020407,0.3861923764606384,4983.542997558521,2.5893830664519144,4.40450831962845,663.8173743104563,0.5238095238095238,0.4788732394366197,0.6470588235294118,0.17391304347826086,48.91774891774892,48.87332076704299,48.96402548718352,49.29577464788733,0.4905472636815919,0.509452736318408,17.33810128294217,17.669044171975447,0.48704539470942465,0.5129546052905753,44.72774887143443,45.90201884090565,0.48750001195374415,0.5124999880462558,33.92035727408885,34.779235584052714,1.261703423749184,1.208419577978825,1.4277323410043041,1.7888175647848508,-0.5714250774112184,-1.4098717234791067,-0.2011921766573084,0.000677090057017567,0.11034351276504661,0.16059518969152453,1.466337068793427,4.0358242339663555,1.2398784534757734,0.8145241345053705,0.0,0.0,1.955815219360258,1.7505177526136082,3.023849491497818,0.9892872201919511,85.80183861082737
71,2025-05-23 14:50:54+07:00,698.7058823529412,48.29936988877454,,,,,,,34.52052529534663,34.727651134202986,0.06912689746667512,0.04940637565422568,700.0,59.303999999999995,0.08471999999999999,70.0,1.3991493314641217,650.0,740.0,9.411764705882353,43.529411764705884,610.0,820.0,9.444444444444445,54.6875,,,0.029409753827237803,0.03368717199909185,0.0013596956936465056,0.06445662151997616,0.8730253114755563,0.45627203433433505,0.5226332253335935,-3.390638166936445,24.55615761167563,64.06679272451319,0.38328994737206457,4942.461193019061,2.608990939773557,4.4009133779882,668.5987270344215,0.5058823529411764,0.45833333333333337,0.6060606060606061,0.17391304347826086,50.21645021645021,50.22502347875388,50.20738189722681,47.22222222222222,0.49750249750249753,0.5024975024975025,17.32050807568877,17.40724125738398,0.49355605847649914,0.506443941523501,45.00919305539542,45.59305287549718,0.4940615745523558,0.5059384254476443,34.101520930142215,34.508973606155344,1.2554424151317989,1.5120890382021466,1.234754362326874,1.9610595623216023,-1.122487222678327,-2.0216324788557873,-0.01966770365699133,0.0011942295605714681,0.18018350569122374,0.19169849290688656,1.6094379124341005,4.038154838082658,1.244367126513332,0.6770125502755526,0.0,0.0,1.9092025325492417,1.7501157412999415,2.611818005092522,0.9048551909841461,85.87304259976428
72,2025-05-23 14:50:55+07:00,698.9285714285714,48.545540838309684,,,,,,,34.64101615137755,34.85075859532199,0.06945708449017227,0.04956302770764289,700.0,59.303999999999995,0.08471999999999999,72.5,1.4013890535477032,650.0,740.0,9.523809523809524,44.047619047619044,610.0,820.0,9.333333333333334,54.6875,,,0.029910430523927098,0.03447381531902344,0.0013181408981973528,0.0657023867411479,0.8676275093758433,0.4552411564859467,0.5246965449648312,-3.3675552193733127,24.643207732247532,64.34598297125605,0.38297973850606776,4981.596531942944,2.6111041902655545,4.404338660330794,672.0562630520109,0.5119047619047619,0.45714285714285713,0.625,0.125,50.43859649122807,50.45976684927638,50.416767400564844,47.14285714285714,0.4989959839357429,0.501004016064257,17.408296312040555,17.44328789772521,0.4946317014427423,0.5053682985572576,45.25456694373234,45.74308357853044,0.49518996979469265,0.5048100302053075,34.28574492228918,34.61717772981607,1.1742003739467382,1.5554198137242699,1.389262051433382,1.8327258761660326,-0.9180601911983146,-1.6593914918431674,-0.21489123333794458,0.0011718160845411317,0.18398595234911147,0.17729753139176463,1.6094379124341003,4.044620365765879,1.2399473428816712,0.0,0.0,0.0,1.9235118758714151,1.7495319189462524,2.5077359293905177,0.9131882032541088,85.8456821665815
73,2025-05-23 14:50:56+07:00,698.8235294117648,48.2160752858047,,,,,,,34.43420226626843,34.64101615137755,0.0689960673281717,0.04927453186250532,700.0,59.303999999999995,0.08471999999999999,70.0,1.4002379062818284,650.0,740.0,9.411764705882353,43.529411764705884,610.0,820.0,9.444444444444445,54.6875,,,0.030330452925739774,0.03726056315656061,0.0013557803009937297,0.06894679638329411,0.814009514518016,0.43991098233374737,0.5404248654196917,-3.2898197996834986,24.494897427831777,63.91667517527681,0.38323172099706604,4918.579253433737,2.6093873372440792,4.39880978356254,667.1334513644412,0.5176470588235295,0.45714285714285713,0.625,0.16666666666666666,50.0,49.99980430786184,50.00017739703959,48.57142857142857,0.497991967871486,0.502008032128514,17.285692948878026,17.35525336251558,0.4893380847054969,0.5106619152945032,44.71144282108596,45.67524763281101,0.4904462920898869,0.509553707910113,33.896226190139004,34.55020307896696,1.2391992817838697,1.1969610153022607,1.405753857804311,1.737233683743165,-0.5960168922699793,-1.3782823825569697,-0.223065478573546,0.0004855907473625504,0.09818332473630088,0.19169849290688656,1.6739764335716716,4.034737260959678,1.2407330630667492,0.0,0.0,0.0,1.91078525919507,1.7446651357879184,2.591846392814954,0.9048551909841461,85.85858585858585
74,2025-05-23 14:50:57+07:00,699.047619047619,48.4859698404724,,,,,,,34.57138589775606,34.780703355293454,0.06936003860013082,0.049454979826490275,700.0,59.303999999999995,0.08471999999999999,72.5,1.4024884621018188,650.0,740.0,9.523809523809524,44.047619047619044,610.0,820.0,9.333333333333334,54.6875,,,0.03148284585672695,0.03911344425066211,0.0012982074774650172,0.07189449758485408,0.8049111107415197,0.43790341283863976,0.5440394684516453,-3.241289028363249,24.59367119696571,64.14174906381203,0.38342688741615794,4955.8029924425455,2.6080591445707237,4.402084143542393,669.1419007785424,0.5119047619047619,0.44927536231884063,0.6129032258064516,0.17391304347826086,49.5575221238938,49.52848823812302,49.58638894169866,49.275362318840585,0.4959677419354838,0.5040322580645159,17.32050807568877,17.46075739423945,0.48287630002887144,0.5171236999711284,44.57165328970237,46.125174210918644,0.48455433675745,0.5154456632425498,33.81295814460365,34.874128983876304,1.3021348659361982,1.2963930600131417,1.477379380104908,1.8719740285645246,-0.8008670689729342,-1.6431230369165855,-0.1956211348002615,0.0006372202541949318,0.1202737156172338,0.17729753139176463,1.6094379124341003,4.0358242339663555,1.2451562884273861,0.7489330683884977,0.0,0.0,1.9257059800580634,1.742869808411944,2.5896361021935808,0.9131882032541088,85.83106267029973
75,2025-05-23 14:50:58+07:00,697.1764705882352,50.13343539533088,,,,,,,34.15650255319866,34.34077143721499,0.07190924752958361,0.04899262094198256,700.0,59.303999999999995,0.08471999999999999,70.0,1.4677566977839194,650.0,740.0,8.235294117647058,45.88235294117647,590.0,820.0,9.444444444444445,78.125,,,0.021977355284579135,0.030913167808393975,0.0006897416961332669,0.05358026478910638,0.7109383101983983,0.4101763097118445,0.5769506352771713,-3.4765730431849646,24.28259235443202,66.00735368201991,0.3678770773239843,5035.4378906404445,2.718299295172756,4.409007353514719,717.7109719602141,0.49411764705882355,0.43661971830985913,0.6129032258064516,0.16666666666666666,47.80701754385965,47.595356583471016,48.004801710650035,52.112676056338024,0.49081632653061236,0.5091836734693879,17.022309953251884,17.337889422837893,0.4454663709522681,0.554533629047732,44.055464404986374,49.15370582330745,0.4508779471989186,0.5491220528010814,33.39642930077705,36.85572686708812,1.191868545532656,1.8194450448574555,1.4550418341830593,1.8846599028600282,-1.1350580294129493,-1.6154843038448705,-0.2638741165108247,0.0012420217190157628,0.22729515594757235,0.8155870690088238,1.6094379124341005,4.113031637807367,1.2046256413074266,1.401972112626402,1.3862585860087897,1.676113953642093,1.9398647969926648,1.7391208776264933,2.8286253413302824,0.980259790232825,86.0614242321971
76,2025-05-23 14:50:59+07:00,695.7142857142857,51.51408075809098,,,,,,,34.273879196564884,34.42060628370738,0.07404487993976117,0.049264302746602505,700.0,59.303999999999995,0.08471999999999999,82.5,1.503012847266323,650.0,740.0,9.523809523809524,44.047619047619044,590.0,820.0,9.333333333333334,78.125,,,0.03379448086868359,0.04326071312340645,0.0010194662785971862,0.07807466027068723,0.7811817796965279,0.43284826026161494,0.5540941577385062,-3.1405103740020985,24.33904411576177,67.81268387281743,0.35891580639117016,5185.185808007614,2.786168739835698,4.421734433646647,755.7503198832172,0.5119047619047619,0.44927536231884063,0.6129032258064516,0.16666666666666666,46.18834080717489,46.09020120880572,46.28151539636342,52.17391304347826,0.4687179487179488,0.5312820512820513,16.693068519159855,17.77227218271725,0.46945705102487295,0.5305429489751272,46.46317316656473,49.39365984950391,0.4693724372720802,0.5306275627279198,34.91049267263029,37.11864283527268,1.2484643002858873,1.3171237126377484,1.2636743791153862,1.8698173106834108,-0.6513412511244034,-1.5769235592817021,-0.03979802675169544,0.0012709550063676265,0.15337203591939022,0.8169982374791989,1.766441661243765,4.162394882130037,1.1750159106833225,1.5377564615627581,1.3682102147829012,1.7055853575274125,1.9296589618965179,1.7300492649320234,2.323210462066572,0.9131882032541088,86.2422997946612
77,2025-05-23 14:51:00+07:00,694.1176470588235,51.253202400460026,,,,,,,34.64101615137755,34.848249008791996,0.07383935939049326,0.04990654869266257,700.0,59.303999999999995,0.08471999999999999,80.0,1.4795525101367983,650.0,740.0,9.411764705882353,43.529411764705884,590.0,820.0,9.444444444444445,78.125,,,0.03393945666397986,0.04482174238029059,0.0013212505589464691,0.08008244960321692,0.7572096679334808,0.42380642490507064,0.5596949469249264,-3.1050619363027097,24.641433186594202,68.56596005159484,0.35938289448659216,5307.9203531570965,2.78254757068664,4.431894507491813,763.1521822934496,0.49411764705882355,0.43661971830985913,0.5806451612903226,0.16666666666666666,49.56140350877193,49.56540187626327,49.55897083172655,50.70422535211267,0.5208333333333333,0.4791666666666666,17.783842673645193,17.057662659980313,0.49499971234535295,0.5050002876546472,48.24041492526052,48.725283433096656,0.49795475862388394,0.5020452413761158,36.35521071595007,36.50422647487062,1.3374887039102432,0.8467211673479429,1.4498358160272906,1.725352530285003,-0.19738239726610907,-1.1293514633892374,-0.17460750376576506,0.000317255991221109,0.05390971300569109,0.8038919110794778,1.7404661748405046,4.163424801338574,1.2046864576540228,1.0345903619097188,1.4065741922898976,1.7209808196034448,1.9331966978691688,1.739409223144566,2.8286253413302824,0.980259790232825,86.4406779661017
78,2025-05-23 14:51:01+07:00,694.3529411764706,51.53470995874734,,,,,,,34.98298906339371,35.189838412265466,0.0742197618856917,0.05038214283951991,690.0,59.303999999999995,0.08594782608695652,80.0,1.4731362681833668,650.0,740.0,10.588235294117647,44.70588235294118,590.0,820.0,9.444444444444445,78.125,,,0.03491632872445013,0.046481378024364875,0.0013868338780416152,0.08278454062685661,0.7511896206293085,0.4217735396012178,0.5614741311892426,-3.068703519193695,24.882973370171758,68.67130921368984,0.36234890021888877,5368.1850065833405,2.759771036688443,4.436797584699798,758.0683608776698,0.4823529411764706,0.4225352112676056,0.5666666666666667,0.16666666666666666,50.86206896551724,50.818131527697595,50.903892903219,49.29577464788733,0.5311284046692608,0.46887159533073924,18.136032163916184,17.03999547485657,0.4988167365783841,0.5011832634216158,48.500457540193004,48.6153713090226,0.5025673981624654,0.4974326018375346,36.61427347537205,36.42674685788775,1.259780224166446,1.5497632815322415,1.4465545671496147,1.9127522445517302,-1.1296640354595286,-1.8440629225342908,-0.19918136340074552,0.0009437485999854483,0.16822712096305142,0.7941870296756908,1.6739764335716716,4.170146378657642,1.2072766407727775,1.2713708647087985,1.4010333805174946,1.7456377549188231,1.9016585598976303,1.7484143767170288,3.016241520816586,0.980259790232825,86.41138597085734
79,2025-05-23 14:51:02+07:00,695.1764705882352,52.13562361092192,,,,,,,34.89781000087459,35.10230111141037,0.0749962431363744,0.05019992976940837,690.0,59.303999999999995,0.08594782608695652,90.0,1.4939511565228683,650.0,750.0,10.588235294117647,44.70588235294118,590.0,820.0,9.444444444444445,78.125,,,0.03583127048023868,0.048886339272847856,0.0015558185133661582,0.08627342826645269,0.7329505750114503,0.4153222052284159,0.5666442177522374,-3.0182572820031757,24.821075151130355,69.6328272931169,0.3564565179386861,5429.808228545523,2.805391260013401,4.441754601290013,781.3893003925311,0.47058823529411764,0.40579710144927533,0.5357142857142857,0.12,51.09170305676856,51.04422397735641,51.13603264070793,49.275362318840585,0.5327468230694036,0.4672531769305963,18.119416464446314,16.969142795937444,0.4990061537174273,0.5009938462825727,49.18888518250754,49.286754928024386,0.5028109500582366,0.4971890499417635,37.06655958212171,36.85875756563189,1.143340600916542,1.4375649273618842,1.343164910039875,1.749120526329175,-0.7552285519940565,-1.5005425223057136,-0.21760884773790326,0.0010175779223587538,0.1574673999003888,0.7881620799264852,1.591893602783191,4.142056783799942,1.1966710049172578,1.3034007677290622,1.4086964676846974,1.683518731185037,1.8954960553976499,1.7351213903676128,2.9897520097309225,0.980259790232825,86.30902013877137
80,2025-05-23 14:51:03+07:00,694.7058823529412,52.089397406083044,,,,,,,35.74046659433746,35.95333081312021,0.07498050431019575,0.05144690364976603,690.0,59.303999999999995,0.08594782608695652,90.0,1.4574347334999769,650.0,742.0,11.76470588235294,45.88235294117647,590.0,820.0,9.444444444444445,78.125,,,0.03567489559339958,0.049291789918499564,0.0016228321211635552,0.0865895176330627,0.7237492420621255,0.41200016547704776,0.5692581650284925,-3.009997744894983,25.422844024200547,69.55492263915667,0.36550747322502936,5555.227864803472,2.735922171923246,4.451671987531594,761.1874200594995,0.47058823529411764,0.4084507042253521,0.5517241379310345,0.12,49.36708860759494,49.353952266484775,49.382607069528774,50.70422535211267,0.5079217148182665,0.49207828518173347,18.119416464446314,17.834581272253814,0.49247540587844785,0.5075245941215523,48.81127424691022,49.551455778130155,0.4942959336188883,0.5057040663811119,36.81612246434386,37.238548970714575,1.2442665625772578,1.193920509105121,1.4135533040653732,1.7076141286207287,-0.43989746125408224,-1.126806559643443,-0.25370150498900224,0.000505952702505032,0.09747325286126594,0.8004258516172951,1.6880810397532136,4.160007224215594,1.2134992397276967,1.263747312336344,1.4149582658145616,1.7322376973313152,1.915298639601115,1.7556156381996997,3.060668026812579,0.980259790232825,86.36748518204911
81,2025-05-23 14:51:04+07:00,693.8823529411765,52.5559592390874,,,,,,,35.23729085310996,35.443870116824016,0.07574188767925448,0.05078280302669289,690.0,59.303999999999995,0.08594782608695652,90.0,1.491486943708924,650.0,742.0,11.76470588235294,44.70588235294118,590.0,820.0,9.444444444444445,78.125,,,0.034537339960249075,0.049321000004352605,0.0017449378505368521,0.08560327781513853,0.7002562794185263,0.4034581483530682,0.5761578442225307,-3.0094053250530903,25.062600911101484,70.27622534354705,0.35662986719309897,5533.302815191188,2.804027626375289,4.449954547999543,788.2259093627248,0.47058823529411764,0.4084507042253521,0.5517241379310345,0.12,48.927038626609445,48.89092259979653,48.96640176881643,50.70422535211267,0.5023969319271333,0.49760306807286675,17.76689760769757,17.681928695977668,0.4943261624610812,0.5056738375389188,49.41004221137863,49.9739489855143,0.4952370508679131,0.504762949132087,37.12825690719016,37.48363762774648,1.2414639184392453,1.3878018155730132,1.4484808271488339,1.6862473912020164,-0.5296193523090711,-0.9037684099565242,-0.328673978240178,0.00044067087743309596,0.1139635046470285,0.809603494406963,1.717651497074333,4.15716516633105,1.2017975614838738,1.0058566017684407,1.4326225074667278,1.7681470180184344,1.920696927589096,1.7720614834755195,3.025098784906188,0.9048551909841461,86.46998982706002
82,2025-05-23 14:51:05+07:00,693.1764705882352,52.76208425577979,,,,,,,34.70968027455604,34.90500180331282,0.07611638088495049,0.05007336767374854,690.0,59.303999999999995,0.08594782608695652,90.0,1.5200970979400543,650.0,742.0,10.588235294117647,43.529411764705884,590.0,820.0,9.444444444444445,78.125,,,0.027983380052285668,0.04944871400203515,0.0018068188782073406,0.07923891293252816,0.565907134635169,0.3531519933408663,0.6240458402570549,-3.006819227277157,24.681563472451163,70.61385625606945,0.34952861635183274,5475.357351019883,2.860996076479781,4.445382578772848,808.1038627748877,0.47058823529411764,0.4084507042253521,0.5517241379310345,0.12,48.24561403508771,48.22892286228978,48.26815793358864,50.70422535211267,0.4920948616600791,0.5079051383399209,17.32050807568877,17.59654949746874,0.5014247867905034,0.49857521320949655,50.00262778931948,49.86034405733292,0.5004083594222002,0.49959164057779976,37.41832963827505,37.38778185271547,1.2195169610047958,1.6925299517180492,1.4393900968087388,1.9668677473134213,-1.2904238452074903,-2.092302652794727,-0.18834959170486065,0.0012702675164693513,0.2139111052033312,0.8266544550784318,1.6602963296675914,4.127376119558821,1.1781952517464294,1.1084548194077213,1.4246430523245721,1.7422945802784928,1.9793849243897708,1.7671232800693337,2.70084719660925,0.9048551909841461,86.55804480651732
83,2025-05-23 14:51:06+07:00,691.5294117647059,51.973113066206814,,,,,,,34.50327796711771,34.703067962208664,0.07515676438631472,0.04989415833965644,680.0,59.303999999999995,0.08721176470588235,90.0,1.5063239242294078,650.0,740.0,10.588235294117647,42.35294117647059,590.0,820.0,9.444444444444445,78.125,,,0.03413817818122987,0.05158059701493103,0.0019437957902898812,0.08766257098645078,0.6618414705697938,0.3894270701518246,0.5883993183693343,-2.964609704052863,24.538774684055365,69.45241109399973,0.35331782291681113,5354.144313683065,2.8303129226386368,4.435660182787967,786.2882265110337,0.4588235294117647,0.3943661971830986,0.5,0.125,48.672566371681405,48.719930661369,48.62866168637899,49.29577464788733,0.48999999999999994,0.51,17.180824278583557,17.527946704125117,0.5045946241382513,0.4954053758617486,49.33539808543441,48.88410684999421,0.5029743023499369,0.4970256976500632,36.94023705351559,36.7211438968362,1.2539079769097263,1.2677878513324616,1.4177274927419172,1.8181495183023801,-0.7054169319263863,-1.5489626018423657,-0.1841569154179746,0.0007939247688519073,0.12303389166899018,0.8203341751290201,1.6094379124341003,4.123579837245481,1.1802650072086527,1.0322855565813285,1.3885804400314512,1.585712452725791,1.9580312678871725,1.7625300306297467,2.485215131799399,0.9048551909841461,86.76420551207895
84,2025-05-23 14:51:07+07:00,690.2352941176471,51.77737303633139,,,,,,,34.45148417564564,34.64826125553962,0.07501409081452477,0.04991266669387897,680.0,59.303999999999995,0.08721176470588235,80.0,1.5029068928453808,650.0,740.0,10.588235294117647,42.35294117647059,590.0,820.0,8.5,78.125,,,0.034745138559998306,0.05317530968428982,0.0017808622370905094,0.08970131048137864,0.6534073570287725,0.38734259704278406,0.5928041563598856,-2.9341610940427465,24.500020490115187,69.25029851161088,0.3537893845469472,5330.132069795128,2.826540432468238,4.43370808005265,782.9550748142528,0.4588235294117647,0.3943661971830986,0.5,0.125,48.44444444444443,48.42509395001076,48.46906320184604,49.29577464788733,0.4884653961885658,0.5115346038114345,17.128149169595165,17.527946704125117,0.5069615010782488,0.49303849892175144,49.307063624840815,48.62527450455284,0.5049028686532391,0.49509713134676103,36.90907759129185,36.548914048886374,1.3091068885705102,1.3333715703201525,1.4984754585357585,1.7479284117506322,-0.5652810052665878,-1.002362135503919,-0.31291565024520646,0.0003561132542937901,0.10265835581576314,0.793455223207336,1.6094379124341003,4.108743073376775,1.1786212015827031,0.9982706075415909,1.3149625612849078,1.5056147903743142,1.9323458623109673,1.7560786520878144,2.8049078023891982,0.9048551909841461,86.9268791545935
85,2025-05-23 14:51:08+07:00,688.0232558139535,52.86653044261248,,,,,,,34.16224265954171,34.29890035885015,0.07683828997912241,0.04965274410546877,680.0,66.717,0.09811323529411764,80.0,1.5475134630204541,640.0,740.0,10.465116279069768,41.86046511627907,590.0,820.0,8.6,78.125,,,0.03523178093514216,0.05661606601298161,0.0020809127891173894,0.09392875973724116,0.6222929888322477,0.37509045188822354,0.6027553879276264,-2.8714624822318426,24.252985030984643,69.79541933554157,0.3474867729411924,5317.922357582073,2.877807381086235,4.432712102242818,803.4310917193217,0.45348837209302323,0.38888888888888884,0.4642857142857143,0.125,46.01769911504424,45.93943886683942,46.08995937064467,51.388888888888886,0.46572580645161293,0.534274193548387,16.583123951776997,17.761649430055485,0.47569124217432157,0.5243087578256782,48.138161406743436,50.53828228781035,0.4746138922467119,0.525386107753288,36.00196233277905,37.87871544204341,1.330250857779344,1.2286755616915483,1.4947288680876056,1.8151763730239368,-0.5598710457190617,-1.2428475016041975,-0.23919274141404503,0.0005413623753723932,0.10214251926481836,0.7901363350374768,1.602002933946582,4.101804477024475,1.1497726000711184,1.1139630632966904,1.3401540109744436,1.5644410328234766,1.916502983384179,1.7395213588541367,2.3229694624910078,0.8966881053072696,87.20635457157343
86,2025-05-23 14:51:09+07:00,684.7126436781609,54.0421687302539,,,,,,,33.567010382911846,33.656549702744286,0.07892678662971443,0.049023500139555656,680.0,74.13,0.10901470588235293,80.0,1.6099786103610068,632.0,740.0,10.344827586206897,40.229885057471265,580.0,820.0,8.7,85.9375,,,0.038970262692603896,0.06352083542521454,0.0022263717104940664,0.10471746982831251,0.6135036233659906,0.3721467177969142,0.6065925344582799,-2.756387309969567,23.798774526152563,70.84389690818938,0.3359326006161793,5296.718707940187,2.9767876001488545,4.4309770194967495,843.5489354500876,0.4482758620689655,0.3835616438356164,0.4642857142857143,0.12,44.843049327354244,44.93606713497993,44.72513623502742,52.054794520547944,0.4520123839009289,0.5479876160990712,16.051388065321,17.67350958854722,0.44502074557285626,0.5549792544271438,47.25987524893775,52.776528121817634,0.44573381325862405,0.5542661867413761,35.292654103713204,39.35552605269988,1.2458290733303294,1.3174791001288142,1.4713084922194284,1.6870682005318276,-0.33738552873406924,-0.8284702104399715,-0.33623291762935464,0.0005124265601958135,0.11320595439531272,0.8098975119489538,1.6094379124341005,4.136524284556324,1.1262992819929192,1.0553985223464293,1.3698429338353229,1.62328988794029,1.9230487636880749,1.7267794386636026,2.0017474989541433,0.8886818614963763,87.62800067147893
87,2025-05-23 14:51:10+07:00,680.4651162790698,51.05722226365666,,,,,,,33.11299727048722,33.25565178056416,0.07503282834371963,0.04866229947474198,680.0,66.717,0.09811323529411764,80.0,1.5419088114129336,630.0,740.0,9.30232558139535,39.53488372093023,580.0,790.0,8.6,85.9375,,,0.04321260284789337,0.06234837886969867,0.001737885488155669,0.1072988672057477,0.6930830220654656,0.40273121211086366,0.5810721072212666,-2.775017607680098,23.5152968868154,67.59141542959365,0.3479036019198329,4993.348525497066,2.874359433135243,4.405361989939923,777.1280901560621,0.45348837209302323,0.38888888888888884,0.4642857142857143,0.125,46.330275229357795,46.29508839693878,46.36362095106809,51.388888888888886,0.4731759656652361,0.5268240343347639,16.20185174601965,17.095669181459517,0.4628113094789415,0.5371886905210584,45.98259985263391,49.53988242384577,0.4639336032274083,0.5360663967725918,34.4738994690726,37.05713059136101,1.291926321186899,1.1418895221049707,1.484914293881114,1.6680640877013553,-0.16105960370656547,-0.6950837128099039,-0.33960813171958953,0.0003684664238791066,0.08354511100100716,0.8315361046529901,1.6314168191528755,4.1115572740159845,1.1481606398827482,0.9807277352586024,1.4322763460832502,1.6654631701083753,1.894175807677955,1.7296629295314587,2.2800038628382295,0.8966881053072696,88.17498291182501
88,2025-05-23 14:51:11+07:00,679.5402298850574,50.11401061990204,,,,,,,33.67077264086107,33.866439206305174,0.07374693714363122,0.04954934404186253,680.0,59.303999999999995,0.08721176470588235,80.0,1.4883534498726154,630.0,730.0,10.344827586206897,40.229885057471265,580.0,790.0,8.7,85.9375,,,0.04669152517425799,0.06717435614212172,0.0019430457429267566,0.11580892705930645,0.6950796085856347,0.40317725377376973,0.5800447154451343,-2.700463709310711,23.947188817420344,66.88173812532717,0.35805272842261676,5031.6678207088335,2.7928847362941474,4.408682072209212,747.1719421881944,0.4367816091954023,0.3698630136986301,0.4074074074074074,0.13043478260869565,49.333333333333336,49.362220475425694,49.30530121869505,49.31506849315068,0.5056410256410259,0.49435897435897436,17.0293863659264,16.83833162058242,0.4788819914760533,0.5211180085239467,46.283032211836044,48.280926088290705,0.48192300924137343,0.5180769907586266,34.87204518465939,36.15644642181872,1.315235511111219,1.1132549701059187,1.4632055334175704,1.8154266031276238,-0.5156690082831439,-1.4028603780963977,-0.18361150035868068,0.0005820404377973059,0.09433199154093867,0.8323852778212952,1.6714733033535527,4.100187968938737,1.18151947470111,1.2595395363493767,1.446886677349416,1.701548672076984,1.8500025663280466,1.7491223957825637,2.5507385361982675,0.9627386832877409,88.29499323410013
89,2025-05-23 14:51:12+07:00,678.9655172413793,49.79106305255763,,,,,,,33.53235161230364,33.723953824537055,0.07333371399310164,0.049387414766724515,680.0,59.303999999999995,0.08721176470588235,75.0,1.4848664247659973,630.0,730.0,10.344827586206897,40.229885057471265,580.0,790.0,8.7,85.9375,,,0.04157924083941121,0.0571133566709692,0.002374475521075767,0.10106707303145618,0.7280125571842987,0.41140244386487834,0.5651034996649522,-2.8627172724946846,23.846436437752153,66.34904386978776,0.35940889343562493,4970.591005875874,2.7823462865398287,4.403378139606778,738.4240633062888,0.4482758620689655,0.375,0.4074074074074074,0.125,48.87892376681614,48.92978228126214,48.829480936545416,50.0,0.5015511892450879,0.49844881075491204,16.890651782777915,16.83833162058242,0.4695121666995548,0.5304878333004455,45.46300039509888,48.325057863496234,0.4731783263594872,0.5268216736405127,34.294157830247265,36.18591320717888,1.2632278676814126,1.3208125334584055,1.4693602399886359,1.7183250539861148,-0.4908949211448821,-0.9990641700879097,-0.3115063207754462,0.0004352632704734268,0.108122345215087,0.2136004993627214,2.0794415416798357,4.100187968938737,1.186080064116101,0.828302216596,0.6931471805599453,0.6931471805599453,1.9075127696812872,1.7480854612165513,2.447760639058382,0.9627386832877409,88.36973082783139
90,2025-05-23 14:51:13+07:00,676.551724137931,48.84307063768989,,,,,,,32.349831961031526,32.5362052360565,0.07219414110565783,0.04781575570183049,670.0,59.303999999999995,0.08851343283582089,65.0,1.5098400108082803,630.0,730.0,9.195402298850574,41.37931034482759,580.0,790.0,8.7,85.9375,,,0.04613974598434123,0.07441583078530936,0.0017867431375473046,0.12234231990719789,0.6200259474016355,0.37713643177062756,0.6082591113341409,-2.5980865804049733,23.006571356492802,65.35915716595952,0.35200226493243597,4723.981812712696,2.8408908112904956,4.381278326876655,742.712916105863,0.4482758620689655,0.375,0.4074074074074074,0.13043478260869565,49.08256880733945,49.03536994953868,49.13158170237219,51.388888888888886,0.5344444444444444,0.46555555555555556,16.82085540246358,15.699381778761037,0.45286785958186165,0.5471321404181385,43.98374381201891,48.34511046345105,0.4618629698026268,0.5381370301973734,33.29797963985127,35.942456051017004,1.274173114548505,1.2320995936574963,1.4931516784234709,1.6780840206983294,-0.20882901307292556,-0.7246149098567543,-0.34990471287642777,0.000433856856863409,0.09913263659595845,0.2136004993627214,2.0794415416798357,4.070416814159623,1.1755763074369954,0.8664339756999315,0.6931471805599453,0.6931471805599453,1.9257049436589742,1.7563941003267645,2.864976263673377,0.9627386832877409,88.68501529051987
91,2025-05-23 14:51:14+07:00,675.6321839080459,49.71315743260805,,,,,,,32.61829990008819,32.799394409010226,0.07358020919763356,0.0482781914138767,670.0,59.303999999999995,0.08851343283582089,70.0,1.524087937902418,630.0,730.0,9.195402298850574,42.5287356321839,580.0,790.0,8.7,85.9375,,,0.0624965231151584,0.07590513333428296,0.0017394981167351234,0.14014115456617648,0.8233504161033007,0.44595410469268487,0.5416334235953477,-2.5782709640047985,23.192674205423263,66.12764880949953,0.3507258253236358,4818.188442704635,2.8512300144343237,4.389853891515846,754.180548278469,0.4367816091954023,0.3611111111111111,0.34615384615384615,0.13636363636363635,48.41628959276018,48.27671046276397,48.55055283416062,51.388888888888886,0.5256830601092896,0.4743169398907104,16.82085540246358,15.977925949479761,0.44168251246732554,0.5583174875326744,43.9479056812605,49.41100609483209,0.4508886064445738,0.549111393555426,33.27431133952705,36.720169123729484,1.3685309835054835,1.22357983886105,1.5196546989506945,1.8923812357601615,-0.6917164376793732,-1.5013434431529298,-0.19538028907340152,0.0005762253152153866,0.1057513602568409,0.2136004993627214,2.0794415416798357,4.088918428808322,1.1621114029013604,0.9438267466893245,0.6931471805599453,0.6931471805599453,1.9133899651677664,1.7675056108327105,2.747673805866608,1.0367955050791056,88.80571623001022
92,2025-05-23 14:51:15+07:00,674.5977011494252,50.04194979054956,,,,,,,32.47539318916243,32.64890124328813,0.07418043332386798,0.048140385201177915,670.0,59.303999999999995,0.08851343283582089,80.0,1.5409189813058022,630.0,730.0,9.195402298850574,43.67816091954023,580.0,790.0,8.7,46.875,,,0.04473097878954833,0.040412792324187506,0.0012651169427731702,0.08640888805650901,1.1068519698099737,0.5176664090422679,0.46769253988963105,-3.2086089024476223,23.086259467418934,66.97861920730043,0.3446810301652593,4857.80005241926,2.901233060376268,4.393409745190463,777.2823375302917,0.45977011494252873,0.38028169014084506,0.4074074074074074,0.13043478260869565,47.945205479452056,47.93536238542606,47.961383177118776,52.112676056338024,0.521499448732084,0.47850055126791635,16.680386509839842,15.977925949479761,0.4483941942248532,0.5516058057751467,44.85038552486915,49.74513392470825,0.4561643949566848,0.543835605043315,33.83631463270667,36.94504342150797,1.270197263646169,1.4887565524011217,1.47220944248684,1.7936974134693346,-0.839486542560886,-1.2929385271896914,-0.28405604968523096,0.0005264049296743779,0.13269322808844228,0.8100089489589162,1.4816045409242153,4.101118359712004,1.1482009251066023,1.0193541809132962,1.270660404558143,1.6893491939750758,1.8843300146394122,1.7586237724658624,2.613542991848061,0.9627386832877409,88.94189810870678
93,2025-05-23 14:51:16+07:00,674.1379310344828,49.82648320148379,,,,,,,32.546924978888484,32.72757845067169,0.07391140730654884,0.048279326055640205,670.0,59.303999999999995,0.08851343283582089,75.0,1.5309121594068769,630.0,730.0,9.195402298850574,43.67816091954023,580.0,790.0,8.7,85.9375,,,0.05272263030307485,0.05888258245311364,0.0011081243266472455,0.11271333708283572,0.8953858357869449,0.46775857824462896,0.5224100712220012,-2.832209945925602,23.141892654284675,66.47798767575051,0.3481136157002877,4833.109248063999,2.872625358213398,4.391196722045657,763.8654126414345,0.4367816091954023,0.3611111111111111,0.34615384615384615,0.13636363636363635,48.416289592760194,48.49977643350178,48.33363722073085,51.388888888888886,0.5236004390779363,0.47639956092206354,16.75076820011899,15.977925949479761,0.4435321640247473,0.5564678359752528,44.273150160700226,49.590432749325004,0.45219117488582294,0.5478088251141771,33.47163022953937,36.84090890513143,1.2164833601967366,1.6622093397977986,1.4819386462904225,1.7674544910348842,-0.8160511333485374,-1.1657963991142166,-0.3282311151138198,0.0006266544495285078,0.16865620434768944,0.1974807974892343,2.0149030205422647,4.109048887710771,1.1443166394717605,0.0,0.6770125502755525,0.6770125502755525,1.9442127501841753,1.770597282696977,2.3575485104538085,0.9627386832877409,89.00255754475702
94,2025-05-23 14:51:17+07:00,673.1818181818181,48.88516815580913,,,,,,,32.145502536643185,32.326687147794004,0.072618075585942,0.04775159053383863,670.0,51.891,0.07744925373134329,65.0,1.5207467389904428,630.0,726.0000000000001,9.090909090909092,42.04545454545455,580.0,790.0,8.8,85.9375,,,0.03537910003692286,0.03179657712257839,0.0012282907979370848,0.06840396795743833,1.112670080824535,0.5172083008245385,0.4648352730409229,-3.4483966326441218,22.858419695501148,65.53320054927494,0.34880670414248605,4706.059934562771,2.866917373215121,4.379627563843896,751.5130847084281,0.45454545454545453,0.375,0.37037037037037035,0.13043478260869565,48.858447488584474,48.871375072192784,48.849949333133296,51.388888888888886,0.5305895439377086,0.46941045606229137,16.653095249693035,15.663615074729787,0.44996174031606656,0.5500382596839338,43.95913850783737,48.602412654931626,0.4587098587426884,0.5412901412573116,33.23952045191521,36.107778615483674,1.3085883766617075,1.121864364167807,1.4622315894828304,1.818019201275223,-0.5424921196214285,-1.4394894046806526,-0.182860403488871,0.0005566036916967752,0.09496215597817051,0.2169795235049321,1.7346010553881064,4.098763586320309,1.1593466843067621,0.9779557413543691,0.6069370589870129,0.6069370589870129,1.8843224926115887,1.7733851994696461,2.720152814531484,0.9542342163896008,89.12896691424714
95,2025-05-23 14:51:18+07:00,671.3636363636364,49.530713058163784,,,,,,,32.3415678577006,32.52905677826704,0.07377628214486143,0.048172951446812,665.0,51.891,0.07803157894736842,70.0,1.5314876902719607,630.0,726.0000000000001,10.227272727272728,42.04545454545455,580.0,790.0,8.8,85.9375,,,0.0398978390896746,0.04669080750904223,0.0010805517056521891,0.08766919830436902,0.8545116526834089,0.4550952884405044,0.5325793826349543,-3.064207975031218,23.00151663351485,66.28966511165076,0.34698495753106784,4790.18371994696,2.881969313930456,4.387322280376162,764.1791227300154,0.4659090909090909,0.38888888888888884,0.42857142857142855,0.125,50.000000000000014,49.994045957994985,50.006431675434236,50.0,0.5340659340659342,0.465934065934066,16.809465771846636,15.700688771737903,0.4549474881608841,0.5450525118391155,44.71224340122732,48.94011637342327,0.4634495938843764,0.5365504061156234,33.776788253958365,36.34313290396956,1.3237159761877486,1.4251758886030519,1.5012143493643442,1.8743897084925782,-0.9396088041991391,-1.5560114159087295,-0.23815487469829558,0.0005290311903382259,0.12609234416469758,0.21716480743451338,2.1400661634962708,4.095018199129842,1.1651866925999692,0.7802238541269992,0.708303336014054,0.708303336014054,1.9041888707241872,1.7713276980070845,2.4207178968541854,0.8808315843596315,89.37034529451591
96,2025-05-23 14:51:19+07:00,671.4772727272727,49.44612237338581,,,,,,,32.2882135713976,32.473541138869265,0.07363781974713067,0.048085340908495325,665.0,51.891,0.07803157894736842,70.0,1.5313985168008022,630.0,726.0000000000001,10.227272727272728,42.04545454545455,580.0,790.0,8.8,85.9375,,,0.037597938806444305,0.045188586271695384,0.0010625027320678984,0.08384902781020759,0.8320229046420599,0.4484004142725101,0.5389279691349531,-3.0969107401444473,22.96226114843478,66.05547149242932,0.3476208802940194,4765.114288082046,2.876697162593327,4.385043431323995,760.0863496641433,0.45454545454545453,0.375,0.4074074074074074,0.08333333333333333,50.68493150684932,50.729795476530384,50.6413176445877,48.61111111111111,0.5369349503858877,0.46306504961411254,16.826750574122173,15.626453420774268,0.4658179469401985,0.5341820530598013,45.08342533171442,48.278463878285024,0.4734860091246685,0.5265139908753316,34.02686273023117,35.88172320944536,1.2683408652087396,1.3410324757015832,1.4797976264571546,1.6473086366886127,-0.3487918472860123,-0.6087849228305613,-0.3750880286148015,0.0003452370308552997,0.1017167572725564,0.21716480743451338,2.079441541679836,4.109611523165573,1.1642740922320298,0.9472632945564471,0.6931471805599454,0.6931471805599454,1.904951651348679,1.7738489520848775,2.270175693440684,0.9542342163896008,89.35522084955153
97,2025-05-23 14:51:20+07:00,672.8735632183908,48.82117454207209,,,,,,,31.751213124599207,31.93722467763032,0.07255623821592538,0.04718748790297456,670.0,44.477999999999994,0.06638507462686566,60.0,1.5376160384954853,630.0,728.0,9.195402298850574,42.5287356321839,580.0,790.0,8.7,85.9375,,,0.035321158283487364,0.04354891764882366,0.0008880328610037016,0.07975810879331471,0.8110685681861362,0.44285350816201857,0.5460124156363385,-3.1338704290619592,22.583028141830745,65.66887254090354,0.34389242982303875,4658.988177882865,2.9078860517941125,4.375261718395255,763.8303939949552,0.4367816091954023,0.3611111111111111,0.34615384615384615,0.08333333333333333,49.76744186046512,49.76535260195349,49.77129190853952,48.61111111111111,0.5155709342560554,0.48442906574394456,16.215461031700215,15.718104959867512,0.46581601211257456,0.5341839878874256,44.81947515280595,47.99599428932005,0.4710779161384202,0.5289220838615798,33.70257059516067,35.71186281440563,1.2869928509755653,1.3148117182228702,1.4916279300607203,1.8183336016144391,-0.6320280361625965,-1.3769405561076038,-0.25151904487488,0.000554599255610713,0.11878881337757265,0.2196847801041697,2.1400661634962708,4.079277732931656,1.1540169569303371,0.8096696130410951,0.708303336014054,0.8096696130410952,1.9017289261029253,1.7725243826928607,3.006434695100836,0.8886818614963763,89.169798428425
98,2025-05-23 14:51:21+07:00,673.0681818181819,48.62140757749756,,,,,,,31.894221722913148,32.07890899066772,0.07223845799121703,0.047386316252175535,670.0,44.477999999999994,0.06638507462686566,60.0,1.5244581918287543,630.0,726.0000000000001,9.090909090909092,44.31818181818182,580.0,790.0,8.8,85.9375,,,0.030350565285169162,0.042036041191983876,0.0010100623415515723,0.0733966688187046,0.7220129304411498,0.4135142067569495,0.5727241013596424,-3.169227905057679,22.683214080367243,65.32883121704366,0.34721597888390526,4655.425195498817,2.8800517856764847,4.374929462653116,752.601668011217,0.4318181818181818,0.36486486486486486,0.37037037037037035,0.08333333333333333,49.7737556561086,49.77160443765107,49.777592326730904,48.64864864864865,0.5152542372881356,0.4847457627118642,16.282391687641205,15.792992264012627,0.46633448372691105,0.5336655162730892,44.61220138188591,47.72428811461763,0.4715977337062253,0.528402266293775,33.58098264797883,35.54593001103077,1.3559642146466446,1.2635008197850084,1.5295712915279986,1.819899385743236,-0.5790912918817543,-1.1732520335899395,-0.2702193068108668,0.00041405216196517227,0.09904591522293643,0.1952160430105545,2.0149030205422647,4.088756944033533,1.1519698276734007,0.9108150943956419,0.6770125502755525,0.7783788273025936,1.9690440115170411,1.7751645793193471,3.047068868463272,0.8808315843596315,89.1440148573358
99,2025-05-23 14:51:22+07:00,672.9545454545455,48.4983490869414,,,,,,,31.53177561703778,31.709301761950222,0.07206779330717399,0.046855728711572515,665.0,51.891,0.07803157894736842,60.0,1.538078593351906,630.0,726.0000000000001,9.090909090909092,43.18181818181818,580.0,790.0,8.0,85.9375,,,0.029626665784175117,0.03470302126862809,0.0013135730772322095,0.06564326013003541,0.8537200710808988,0.45132837286701555,0.5286608434724824,-3.360928527559369,22.42186230256554,64.86564157417796,0.34566623806417957,4569.159007219839,2.8929640499467317,4.366806381774679,750.6158766033079,0.4318181818181818,0.36486486486486486,0.37037037037037035,0.08333333333333333,51.152073732718875,51.2177658510645,51.08678458188696,47.2972972972973,0.5283236994219653,0.47167630057803467,16.300235409913704,15.401600641672973,0.4757575593272521,0.524242440672748,44.741193679260874,46.96570072919801,0.4813697261613167,0.5186302738386831,33.670997061742455,34.949866575640684,1.333294952084379,1.407544836993421,1.5027977867987192,1.8579218821468895,-0.9393169208931056,-1.5042496767308453,-0.2476996213444033,0.00043876254994502706,0.11676829913627516,0.2330992253784201,2.0794415416798357,4.076084878196823,1.145081390862218,0.9789469185752665,0.6931471805599453,0.7945134575869863,1.8967757266599932,1.7735309763258251,2.2596375279884695,0.9542342163896008,89.15906788247213
100,2025-05-23 14:51:23+07:00,673.7931034482758,48.23010203785803,,,,,,,31.475350266813628,31.65995800970795,0.07157998767133485,0.046713672350951654,670.0,44.477999999999994,0.06638507462686566,55.0,1.5323134334968769,630.0,728.0,9.195402298850574,42.5287356321839,580.0,790.0,7.25,85.9375,,,0.024949748482233233,0.04184995304095769,0.0008335544858198835,0.06763325600901081,0.5961714809528084,0.36889763933454817,0.6187777361388901,-3.173664604127146,22.386971000745838,64.81753828628362,0.3453844683497223,4558.665668074551,2.895324172444954,4.365807852232927,750.6711415946129,0.4482758620689655,0.375,0.4074074074074074,0.08333333333333333,49.999999999999986,49.99624588965014,50.00442584514092,48.61111111111111,0.5211267605633801,0.4788732394366196,16.160955126112913,15.491933384829666,0.468724793631495,0.531275206368505,44.37634161605442,47.2446142355833,0.47430962938668053,0.5256903706133196,33.394881088371896,35.157172627140255,1.314653671155797,1.489399516786766,1.536167631983129,1.8949540907748221,-0.8520291968454572,-1.5002350608115913,-0.2591066367701395,0.0006538005016024471,0.1467829663852814,0.2416991191676532,1.791759469228055,4.012423922692763,1.1459761275349616,1.0843494811027599,0.7225929394740411,0.7945134575869863,1.8391115690049558,1.7761048076559307,2.678967637657494,0.9627386832877409,89.04810644831116
101,2025-05-23 14:51:24+07:00,673.9772727272727,47.93529577443156,,,,,,,31.03575987155136,31.21482248884159,0.0711230151433144,0.046048674231942664,670.0,44.477999999999994,0.06638507462686566,52.5,1.5445181936199668,630.0,726.0000000000001,9.090909090909092,40.909090909090914,580.0,790.0,7.333333333333333,85.9375,,,0.034115723365577943,0.04703670379417953,0.0015317280093297765,0.08268415516908725,0.7253000447237873,0.41260291401432414,0.5688720371876633,-3.056827050249597,22.07221265539423,64.44725188758686,0.3424849316134385,4468.894968273882,2.9198364882478867,4.3571702575881135,752.7017505147145,0.4318181818181818,0.35616438356164387,0.34615384615384615,0.08333333333333333,49.5238095238095,49.53163963350711,49.51850704876868,47.94520547945205,0.513126491646778,0.4868735083532219,15.811388300841895,15.401600641672973,0.4684518061279824,0.5315481938720177,44.109980123399964,46.98678462477857,0.47314207296980526,0.526857927030195,33.133746743212875,34.96403317482773,1.3339451770591786,1.3579832213193619,1.5722678728646002,1.7595722992970178,-0.22726195337945398,-0.6247704890019357,-0.3620716195223384,0.0005902733095197822,0.12267539291723058,0.24494263440894404,1.845826690498331,4.0142665285569,1.142909439754542,0.0,1.0272191340057735,1.2710950343817766,1.8409478194635907,1.77398131950556,2.7847402653052478,0.8808315843596315,89.02377339403137
102,2025-05-23 14:51:25+07:00,672.8735632183908,48.17381431849724,,,,,,,30.89742971172032,31.078427776363068,0.07159415520514623,0.04591862632250884,670.0,44.477999999999994,0.06638507462686566,60.0,1.5591528087601239,630.0,728.0,9.195402298850574,41.37931034482759,580.0,790.0,7.25,85.9375,,,0.03894732756878764,0.053760884548600445,0.0014688025835173156,0.09417701470090539,0.7244547387158189,0.4135544930201871,0.5708493173131299,-2.9232091292456004,21.975767029282675,64.76121561459155,0.33933530772592924,4471.043623375464,2.946937666762545,4.3573790172037485,763.389062559882,0.4482758620689655,0.375,0.4074074074074074,0.08333333333333333,49.75845410628017,49.743612618936176,49.77457461456034,48.61111111111111,0.5225334957369061,0.4774665042630939,15.885620578890537,15.185132047305931,0.4659556145875982,0.5340443854124016,44.20661555948817,47.326421676007094,0.47179783058744046,0.5282021694125596,33.215792933489126,35.14525874104039,1.3127634621584838,0.7571121940115675,1.4903472996012845,1.422791533749247,0.7645753969295193,0.4402752392150111,-0.5892282100148099,0.0002840837344769362,0.04193958026005218,0.2255794172941652,1.845826690498331,4.013540261858869,1.1386213561178393,1.1731305902314235,1.0272191340057737,1.2710950343817766,1.8837924783737314,1.7775162422121686,2.5298933028087074,0.8146250397050115,89.169798428425
103,2025-05-23 14:51:26+07:00,672.3863636363636,48.11371391905472,,,,,,,30.73804785940214,30.915376301237224,0.07155664736989717,0.04571485907769796,665.0,44.477999999999994,0.06688421052631578,60.0,1.5652820289411358,630.0,726.0000000000001,9.090909090909092,40.909090909090914,580.0,790.0,7.333333333333333,85.9375,,,0.02341531575015068,0.04785199958868372,0.0009531533302782897,0.07222046866911269,0.48932784317101036,0.3242199362819278,0.662582235625246,-3.0396423732690714,21.86047222553872,64.64355415526887,0.33816940468699386,4439.505907634372,2.957097792231056,4.354304748200652,764.6292450980571,0.4431818181818182,0.3698630136986301,0.4074074074074074,0.08,50.480769230769205,50.50159925997216,50.45985754088904,47.94520547945205,0.52676399026764,0.47323600973235996,15.866448438340306,15.038709741785507,0.46718084696317547,0.5328191530368248,44.184275801847505,47.186214784526335,0.4732957403231946,0.5267042596768055,33.196343278893224,35.019292228635386,1.2594263072451715,1.022783277471646,1.4748261977498796,1.537736315647809,0.40252391150318356,-0.058942235245118546,-0.4384912529529762,0.0005462961780158505,0.08026479071473727,0.24494263440894315,1.845826690498331,4.00822029019736,1.1375798856602843,0.8374760218186512,1.0272191340057735,1.306215206267719,1.853274968678715,1.7881451073445223,2.3492924779976643,0.8074289523296622,89.23440932905189
104,2025-05-23 14:51:27+07:00,672.9885057471264,48.08217148988912,,,,,,,30.8597728668788,31.040549799804527,0.07144575439146633,0.04585482902508037,670.0,44.477999999999994,0.06638507462686566,60.0,1.5580857220596978,632.0,728.0,9.195402298850574,41.37931034482759,580.0,790.0,7.25,85.9375,,,0.025283164797581546,0.05091399627291146,0.0008286670887126197,0.07702582815920564,0.4965857455395488,0.3282426869247476,0.6609990114962048,-2.9776174173324312,21.94898325520051,64.63117500471223,0.33960365494825395,4456.627454930118,2.944609062444784,4.35597644137119,761.2541745413217,0.4482758620689655,0.3835616438356164,0.42857142857142855,0.08333333333333333,49.75845410628018,49.74355088131573,49.77463014015415,49.31506849315068,0.523809523809524,0.4761904761904761,15.885620578890538,15.146344928922035,0.46283457567055086,0.537165424329449,43.969846459129506,47.3692029155053,0.46913976374115085,0.5308602362588491,33.05828442929165,35.1657016818675,1.3347662406089849,0.8114691875862254,1.50099825714085,1.5806151800777157,0.4310107774101475,-0.22355490753778984,-0.40188546385391155,0.0002913376347450859,0.049734846833553,0.22576906084561887,2.197224577336219,4.019655997211046,1.1349566189381908,1.274476494708438,0.963457252632055,1.3275909288549987,1.9128305184903316,1.7984703532537174,2.5298933028087074,0.8146250397050115,89.15456874466268
105,2025-05-23 14:51:28+07:00,672.5,48.00023946300421,,,,,,,30.342868275303406,30.51329568531162,0.07137582076283154,0.0451195067290757,665.0,37.065,0.055736842105263154,60.0,1.5819282154704026,634.0,726.0000000000001,9.090909090909092,39.77272727272727,580.0,790.0,8.0,85.9375,,,0.026760759333739687,0.05535056326389046,0.0010067110348301607,0.0831180336324603,0.48347763339199556,0.3219609291056272,0.6659272464101492,-2.8940684434765522,21.576158295434066,64.6534776575531,0.33371999584794876,4382.439028250049,2.9965240694046553,4.34868599254194,774.9428078862958,0.45454545454545453,0.3835616438356164,0.4642857142857143,0.08,48.768472906403915,48.748277355332405,48.794150661296015,49.31506849315068,0.5131086142322099,0.48689138576779023,15.458120466993812,15.05802729598109,0.4647551549162351,0.5352448450837651,44.07618507112331,47.30076196840599,0.46960216505493374,0.5303978349450663,33.02774272332282,35.100614445037245,1.293242409397651,0.8754085042965127,1.4794893639682654,1.4663611327354957,0.591534827080821,0.25321761835396206,-0.5149966914512895,0.00033471920064601616,0.05379833107959706,0.22900821646503733,1.8971199848858815,4.028726457753194,1.1085150537554762,0.9607575334852987,1.0837150284789956,1.3519546805513454,1.882075346211367,1.7859755316363013,2.880120966866655,0.8074289523296622,89.21933085501858
106,2025-05-23 14:51:29+07:00,670.4597701149426,47.8346970980079,,,,,,,29.76653341637059,29.867010290512347,0.07134611087822196,0.044397195392152256,660.0,44.477999999999994,0.06739090909090908,60.0,1.6069958980074055,630.0,718.0,8.045977011494253,39.08045977011494,580.0,780.0,7.909090909090909,85.9375,,,0.03151011858324275,0.06355427948127895,0.000885036506903771,0.09594943457142548,0.4957985337954247,0.32840337959247046,0.6623726316382685,-2.755860943231891,21.11916551018967,63.10501962642897,0.3346669668310311,4186.880181424247,2.9880451287709153,4.32886064255332,754.2425859829764,0.45977011494252873,0.38888888888888884,0.4642857142857143,0.08333333333333333,45.4081632653061,45.52194743113777,45.2849577514444,51.388888888888886,0.4711286089238845,0.5288713910761154,14.531912144939332,15.396714699227614,0.4156306276725828,0.5843693723274171,40.683440934893035,48.240036647467974,0.42124540546378225,0.5787545945362179,30.54765814993979,35.80614443973593,1.2418783274464589,0.7949714120966358,1.6469354211197684,1.3503295728888671,0.8295464955142737,0.5140523359411304,-0.8731025338994785,0.00047646801292293564,0.0535722439348019,0.21554399616212727,1.845826690498331,4.0324673398434685,1.1208898187441811,0.947934209888411,1.0751661460810704,1.3434057981534206,1.9147143329324272,1.7758777633006337,2.0508375962069354,0.8146250397050115,89.490828047317
107,2025-05-23 14:51:30+07:00,667.8409090909091,46.93964977503704,,,,,,,29.653167534474058,29.774614462648522,0.07028567602864147,0.044401544036646534,660.0,44.477999999999994,0.06739090909090908,52.5,1.5829556731322594,630.0,710.0,7.954545454545454,38.63636363636363,580.0,770.0,8.0,85.9375,,,0.03457402407488211,0.07117406207001814,0.0010072431178818843,0.10675532926278214,0.485767189188522,0.32386227754285585,0.6667026607619803,-2.642626823705803,21.05383179375382,62.16887693658514,0.3386554950193102,4112.008877643517,2.952853311720159,4.321024153572412,734.3022965924739,0.4772727272727273,0.4027777777777778,0.5172413793103449,0.125,46.19289340101521,46.32649236541229,46.055997608737336,50.0,0.4745098039215685,0.5254901960784313,14.527439954372792,15.287934138808883,0.45029082534226444,0.5497091746577357,41.71762454656392,46.09348177072541,0.4527902386228135,0.5472097613771867,31.236250650774167,34.338971970494065,1.3318335521734512,1.0251057797385685,1.5334391238562735,1.7621308557898425,0.13155249374695366,-0.7124212905198268,-0.27690913810680867,0.0008775269825214131,0.09920719134216444,0.22900821646503644,1.845826690498331,3.991008884810201,1.1251357608190173,0.924521444101804,1.0751661460810704,1.3751758580881954,1.8774478206458118,1.7740909338613111,2.099486185822885,0.9542342163896008,89.84175599795815
108,2025-05-23 14:51:31+07:00,666.7415730337078,45.37157903204475,,,,,,,29.790938219532464,29.95097875740701,0.06804972251182985,0.04468138694874266,660.0,44.477999999999994,0.06739090909090908,50.0,1.5229993328070754,630.0,704.0,7.865168539325842,38.20224719101123,580.0,760.0,8.090909090909092,85.9375,,,0.037054492679915896,0.07794259163351602,0.0013081537323419053,0.11630523804577382,0.47540750061462067,0.31859693770054015,0.6701554714400778,-2.551782727975488,21.17854018253673,60.44370724100709,0.35038453379590984,4021.5825462801536,2.854007250738056,4.311367097342276,690.0271149092902,0.48314606741573035,0.4027777777777778,0.5172413793103449,0.12,48.24120603015074,48.334449703741384,48.14876789124954,48.61111111111111,0.49679897567221515,0.5032010243277849,14.93279966205689,15.028708160235102,0.47054246197123134,0.5294575380287687,41.46202447273867,43.98115814367093,0.47341530728454567,0.5265846927154544,31.16157873989303,32.8649078853426,1.2672918565213496,0.8489295753372099,1.4421023225511218,1.5708046325917215,0.31201928071799934,-0.4232432495581673,-0.3483945974087699,0.00039964007512558565,0.05838936814906708,0.24811226710847567,1.8971199848858815,3.935294766524127,1.1638955261045842,1.1769843264682327,1.0837150284789956,1.3837247404861206,1.8485023886978396,1.7841273979456589,2.28830083778296,0.945893647219811,89.98988877654196
109,2025-05-23 14:51:32+07:00,665.0,44.41186545399155,,,,,,,29.96166132618963,30.124485552090913,0.0667847600811903,0.045055129813819,660.0,44.477999999999994,0.06739090909090908,50.0,1.4822898159913092,630.0,700.0,7.954545454545454,38.63636363636363,580.0,760.0,8.0,85.9375,,,0.026459040911716733,0.07941231755125536,0.0010124263464192855,0.10688378480939137,0.33318560303493455,0.2475496255947694,0.7429781579392366,-2.533101789873562,21.30122801363966,59.0505607504269,0.3607286322591893,3951.6506193334108,2.7721669714354253,4.3037486499251845,654.7920566282982,0.4772727272727273,0.4027777777777778,0.5172413793103449,0.125,48.24120603015073,48.31129301271177,48.17410821631742,48.61111111111111,0.49679897567221504,0.5032010243277849,15.019367341830254,15.115831835960044,0.480806289490223,0.519193710509777,40.945775047088624,42.54893924333565,0.48264889907383035,0.5173511009261698,30.839405713758676,31.92883182036333,1.1874219835794415,1.034506522013392,1.3956484241318199,1.408531251126385,0.44748596623897363,0.20521119598388893,-0.48754688663586954,0.0004138333581748086,0.07325532645219239,0.22900821646503733,1.8971199848858813,3.9147242993306888,1.1632568726468422,0.7489330683884977,1.0837150284789956,1.3837247404861206,1.902912501966181,1.7808997272717308,2.374657601972488,1.0276368484195701,90.22556390977444
110,2025-05-23 14:51:33+07:00,663.4831460674158,43.9292076060891,,,,,,,29.69542358374741,29.862100337595525,0.06620998267471516,0.04475686196364978,660.0,44.477999999999994,0.06739090909090908,50.0,1.4793258456879523,630.0,694.0,7.865168539325842,38.20224719101123,580.0,760.0,8.090909090909092,85.9375,,,0.03635248993083604,0.06584935798932975,0.0012193554396841106,0.1034212033598499,0.5520553432992712,0.35149939035566063,0.6367104215584262,-2.720385600432937,21.115693649186884,58.723578954137864,0.35957777140384933,3895.540657079841,2.7810395400578836,4.297537851326349,653.2503800206734,0.4943820224719101,0.4246575342465753,0.5483870967741935,0.16666666666666666,48.999999999999986,48.99086611437092,49.01330982663567,47.94520547945205,0.5051546391752578,0.4948453608247423,15.009575487729126,14.855627054164147,0.4859354479824416,0.5140645520175584,40.93566092627178,42.10380493152809,0.4881363618069492,0.5118636381930508,30.830307262436854,31.57071463306289,1.299015511137961,0.9158096696888025,1.4558179056691043,1.615690765541831,0.17356425711070145,-0.5043722721325015,-0.3254300373056199,0.0003787006852769091,0.06199677626677672,0.24216626547478803,1.8971199848858815,3.897890659367466,1.17957424387456,1.2151457494677718,1.0837150284789956,1.3837247404861206,1.8994466167785296,1.778791540564804,3.0219513310112243,1.0186546970059502,90.43183742591025
111,2025-05-23 14:51:34+07:00,663.1460674157304,43.916126299251026,,,,,,,29.541957835039856,29.711254108328298,0.06622391122726773,0.04454819124565481,660.0,44.477999999999994,0.06739090909090908,50.0,1.486567902658161,630.0,694.0,7.865168539325842,37.07865168539326,580.0,760.0,7.416666666666667,85.9375,,,0.0335145000363438,0.0642328112149688,0.001140346210572552,0.09888765746188513,0.521766047638494,0.33891489490750143,0.6495533705986153,-2.7452411207273815,21.009029257555607,58.78938018528971,0.3573609585836813,3880.2056170921614,2.798291128284612,4.29582484998962,658.0392040393895,0.48314606741573035,0.4109589041095891,0.5333333333333333,0.17391304347826086,49.99999999999998,49.996796089159965,50.003895060745066,46.57534246575342,0.51171875,0.4882812499999999,15.028708160235103,14.680505487867585,0.4866359194081352,0.5133640805918648,41.0110569632866,42.1222557482929,0.48947641770691835,0.5105235822930815,30.88501952574626,31.54204868666511,1.2526371789962776,0.671353792241449,1.4249487929948148,1.4976113125996773,0.6114497469372813,-0.20909049293343163,-0.3917671718777901,0.0004242064377935388,0.044906873678456895,0.24811226710847567,1.8971199848858815,3.888631190226259,1.1753450796583171,1.296738470208385,1.0837150284789956,1.3837247404861206,1.8802203384066383,1.77921514541535,2.821320353531515,0.945893647219811,90.4778041341918
112,2025-05-23 14:51:35+07:00,663.1460674157304,43.96784738507472,,,,,,,29.46492521934882,29.625845137387948,0.06630190473181378,0.04443202888041418,660.0,44.477999999999994,0.06739090909090908,50.0,1.4922097055315864,630.0,694.0,7.865168539325842,37.07865168539326,580.0,760.0,8.090909090909092,85.9375,,,0.028365610024056184,0.07186269990222652,0.0010522396554985018,0.1012805495817812,0.3947195146111861,0.2800696692621296,0.7095409750339022,-2.6329979263044483,20.94863599502952,58.73603348962241,0.35665731494672287,3865.540590390312,2.8038118330739383,4.294180347933136,658.7391429041218,0.4943820224719101,0.4246575342465753,0.5483870967741935,0.16666666666666666,48.48484848484846,48.49647321865853,48.47869578402161,47.94520547945205,0.49738219895287955,0.5026178010471203,14.778051447931189,14.855627054164147,0.4847756459898959,0.5152243540101039,40.895451909024736,42.16021398487783,0.48619896511989336,0.5138010348801066,30.7475917060268,31.60833195870277,1.2166765722095016,1.0036878939722351,1.4324072092355316,1.4353000329255896,0.48883680173402677,0.20610089600458892,-0.49711780553752694,0.00043803602403555517,0.07185207347763836,0.24793119417729503,1.7047480922384253,3.8953402701540663,1.1694110770825301,0.7008400952266338,1.0516530463710863,1.3806665507080875,1.865473363312873,1.7741419727932999,2.6746713541989116,0.8731325974336717,90.4778041341918
113,2025-05-23 14:51:36+07:00,662.4719101123595,43.8561931688622,,,,,,,29.445635577203195,29.603571969514626,0.06620083432884559,0.044448126973729386,660.0,29.651999999999997,0.044927272727272725,40.0,1.4893953657028771,630.0,690.0,7.865168539325842,37.07865168539326,580.0,760.0,8.090909090909092,85.9375,,,0.02599414835287567,0.06120433660047241,0.0009066245707223896,0.08810510952407048,0.42471089136312984,0.29503565109097357,0.6946740879284791,-2.793537232489428,20.932886486987787,58.48615971102007,0.3579117964047753,3846.2020673266975,2.7939844678074377,4.292002206926053,653.6376872571809,0.5056179775280899,0.4305555555555555,0.5483870967741935,0.16666666666666666,48.223350253807105,48.250560986847866,48.20173025951091,48.61111111111111,0.49672346002621226,0.5032765399737876,14.758593833899724,14.855627054164147,0.47694796020506686,0.5230520397949331,40.39137184788313,42.29855739843831,0.4791950095238154,0.5208049904761846,30.407885586702577,31.700612085268908,1.270019031994945,1.0549656174561761,1.4305279104252975,1.540260830051773,0.06006108930996845,-0.2841271921945516,-0.3959843640297273,0.00024943607398593377,0.06416716676183111,0.2636845391900211,1.7491998548092593,3.873597928202051,1.1478620659563865,1.2634035275852846,1.0962522653519269,1.4184621039355525,1.8573491636334525,1.7731799495186717,2.5452683197320085,0.8731325974336717,90.56987788331072
114,2025-05-23 14:51:37+07:00,660.7865168539325,42.35200754877677,,,,,,,29.096235307869456,29.252039555932136,0.06409332888694325,0.04403273154906277,660.0,29.651999999999997,0.044927272727272725,50.0,1.4555837585394464,630.0,690.0,7.865168539325842,37.07865168539326,580.0,750.0,8.090909090909092,85.9375,,,0.02413454656907808,0.06962376395067194,0.0008974644573765665,0.09465577497712659,0.34664237035758766,0.25497172861254536,0.7355469221766596,-2.6646493338449218,20.684315533536736,55.91822800854356,0.3699029148487404,3633.6611660786853,2.703412057212139,4.267314537456912,604.6800472649368,0.48314606741573035,0.4109589041095891,0.5333333333333333,0.12,48.20512820512818,48.315723171314076,48.09267480848449,47.94520547945205,0.48859060402684573,0.5114093959731545,14.463588845748157,14.797483476638154,0.477061479075831,0.522938520924169,38.622517245819544,40.436980416591894,0.4784500326749193,0.5215499673250809,29.162426516859657,30.44761815358646,1.301523696839304,1.1658696815873801,1.4622607232759295,1.749243992924701,-0.40551426035591476,-1.091257400468284,-0.2538461852288398,0.0004929008246918255,0.09267044919215695,0.2635034662588396,1.5686159179138457,3.7968376429664428,1.1726390508739657,1.0738134295369772,1.0661549425360246,1.38836478111965,1.8648095407595062,1.7853561134175002,2.264797399576122,0.8731325974336717,90.80088420336678
115,2025-05-23 14:51:38+07:00,660.1123595505618,41.491904523173716,,,,,,,28.998432559521056,29.156551462886373,0.0628558213202121,0.04392954038804041,660.0,29.651999999999997,0.044927272727272725,40.0,1.4308326644210525,630.0,690.0,7.865168539325842,35.95505617977528,580.0,750.0,7.416666666666667,85.9375,,,0.022191620005654944,0.06309916588602706,0.0007208814452301072,0.08601166733691211,0.3516943480003933,0.2580070901163819,0.7336117045477608,-2.763047728444257,20.616795255421504,54.57923022538721,0.3777406748003515,3535.073409895938,2.647318826675293,4.255368546816546,577.9544948844509,0.48314606741573035,0.4109589041095891,0.5,0.125,48.45360824742267,48.558591471356536,48.34608978045465,46.57534246575342,0.48648648648648657,0.5135135135135136,14.383899044561522,14.778051447931189,0.4772033687513552,0.5227966312486447,37.70328201979398,39.46333611001101,0.4783631173295978,0.5216368826704021,28.534488139690346,29.797195350648355,1.2439310453514227,0.5410938036135065,1.5315267099449885,1.3247776434718341,0.8632710165348367,0.3182935428767246,-0.8820946850480504,0.00020582961479003275,0.024162269305505305,0.29862208025209735,1.455287232606842,3.7775040507663635,1.1780058366167692,0.8945517063391645,1.0472668283181905,1.3694766669018161,1.757331241297185,1.7865259420526367,2.258922610277835,0.945893647219811,90.8936170212766
116,2025-05-23 14:51:39+07:00,658.6666666666666,40.5911375726057,,,,,,,29.16439263473198,29.292822647045405,0.06162622101104105,0.04427792404058499,650.0,29.651999999999997,0.04561846153846153,47.5,1.3918046599148297,630.0,682.0,7.777777777777778,37.77777777777778,580.0,750.0,6.923076923076923,85.9375,,,0.021994149648375125,0.06654604277517474,0.0006785887289321081,0.08921878115248197,0.33051025622488445,0.24651927950893412,0.7458748249591337,-2.709861198340611,20.71315353382068,52.826638434545295,0.39209675549363715,3437.550387418943,2.550390907318354,4.243219182710692,538.9143133106344,0.4777777777777778,0.4054054054054054,0.5,0.125,46.73366834170854,46.84270361413758,46.622599943969504,48.64864864864865,0.4742404227212683,0.5257595772787319,14.282061221240886,15.03783108152115,0.43977724931416495,0.5602227506858352,35.03235676367681,39.53969787285489,0.44437959377325764,0.5556204062267422,26.751105520564987,29.912573205200925,1.2403442636609279,0.8781307084598904,1.3696776155555064,1.5507099534318405,0.1533626214853534,-0.5286686625616648,-0.2938435176764998,0.0004011130236565121,0.057171919706082854,0.30080566419366317,1.2992829841302609,3.7516819506308283,1.1893092606372622,0.9840755283530586,1.0820399725034118,1.3701568613802315,1.7381782684266365,1.7984038889322607,2.2127370185056954,0.9377121139142864,91.09311740890689
117,2025-05-23 14:51:40+07:00,656.5168539325842,39.25734220833745,,,,,,,29.07670107585359,29.22903467666306,0.05979639665483541,0.04428934444208403,650.0,29.651999999999997,0.04561846153846153,50.0,1.350130542867473,626.0,680.0,7.865168539325842,37.07865168539326,580.0,750.0,6.846153846153846,85.9375,,,0.023611271395966037,0.0690540325038274,0.00047020801573838185,0.09313551191553182,0.3419245848482108,0.25351523721027064,0.7414361190869403,-2.6728660010662515,20.66804862740519,51.507828786819275,0.4012603348696013,3344.4336989375374,2.492147648545857,4.231292700750972,513.4604575710971,0.4943820224719101,0.4166666666666667,0.5333333333333333,0.12,47.9381443298969,47.93925654772348,47.94179699088087,47.22222222222222,0.4825268817204303,0.5174731182795699,14.363907514338141,14.874957741657347,0.46848965536378745,0.5315103446362125,35.255205159424264,37.551656894193,0.4704379905288093,0.5295620094711906,26.918871910924825,28.560386055822885,1.1935253500257605,0.961107015882388,1.3633939634642496,1.4844443919385575,0.17741045834618063,-0.38841967706291936,-0.37405104065006534,0.0002993956923595902,0.06206457785750617,0.3042059360234237,1.3581234841531946,3.6964718783365527,1.2058738412707808,1.2354106056523262,1.0918467225072341,1.3799636113840539,1.7435137237728897,1.7901276973919462,2.6424549367430386,0.945893647219811,91.39140852301901
118,2025-05-23 14:51:41+07:00,655.8888888888889,38.77026673910335,,,,,,,28.60030643349626,28.762349126466134,0.05911102840114012,0.04360541384066853,650.0,29.651999999999997,0.04561846153846153,40.0,1.3555892077329696,628.0,680.0,7.777777777777778,36.666666666666664,580.0,750.0,6.0,85.9375,,,0.0263656390370228,0.07916841644991779,0.0007257864959114343,0.10625984198285202,0.33303229013936125,0.2481242070854729,0.7450454938818167,-2.536177841894531,20.338052110179174,51.24447203550995,0.39688285003865165,3274.207895682674,2.519635201930776,4.222076361421746,516.4695025801125,0.5,0.4166666666666667,0.5333333333333333,0.125,49.999999999999986,49.997116995309106,50.00353650193732,45.83333333333333,0.5054945054945056,0.49450549450549447,14.459976109624423,14.301938838683883,0.47079939896589096,0.529200601034109,35.16130398735774,37.2783934217501,0.47552074562519686,0.5244792543748032,26.883156503490138,28.233172604688228,1.2094420964868768,0.7131288011916155,1.3552360785765205,1.4926105405146206,0.34555735173140256,-0.5097853353883206,-0.30736374451774806,0.00029583969038799303,0.04236391526117522,0.3260791538394523,1.3581234841531942,3.6490539765257886,1.216772262503694,1.0028165630629502,0.7418903491468236,0.7874707383453123,1.7274734186722482,1.7872863271193793,2.9266219026685367,0.8655804128439567,91.47890902930712
119,2025-05-23 14:51:42+07:00,655.2222222222222,39.15477148238389,,,,,,,28.757021614465422,28.91642001133103,0.059758002940724954,0.04388895956082564,650.0,29.651999999999997,0.04561846153846153,40.0,1.3615725580804992,620.0,680.0,7.777777777777778,36.666666666666664,580.0,750.0,6.923076923076923,85.9375,,,0.028727926325933375,0.08234026664796519,0.0006822192770854995,0.11175041225098407,0.3488928017291441,0.2570722178761394,0.7368229341564697,-2.4968950242685852,20.446996677650553,51.56686903054995,0.39651421662884095,3312.456337393484,2.5219776695574447,4.227120272362036,520.2019687361613,0.5,0.4189189189189189,0.5483870967741935,0.17391304347826086,48.979591836734684,48.93287563252831,49.02799445039445,47.2972972972973,0.4999999999999999,0.4999999999999999,14.459976109624423,14.459976109624423,0.46373309891464465,0.5362669010853555,35.11598142709155,37.76254533298904,0.4686614586266453,0.5313385413733548,26.853519887332716,28.592837731825092,1.1536484100887687,0.4837109200605072,1.2336789581184058,1.2355367609419656,0.6936042432703244,0.12399740041044982,-0.4961592704516006,4.845055884453745e-05,0.013034012527839258,0.2951034754436428,1.4170660197866445,3.719675455950425,1.2151856694197376,1.298965494614212,0.8334308263737924,0.8848143863162119,1.78573128631862,1.8067908834225965,2.9665033290196225,0.9377121139142864,91.57198575546889
120,2025-05-23 14:51:43+07:00,654.6666666666666,39.5820865169297,,,,,,,28.757021614465422,28.91200414459006,0.0604614356164914,0.043926204095415616,650.0,29.651999999999997,0.04561846153846153,40.0,1.376432060579564,620.0,680.0,7.777777777777778,36.666666666666664,580.0,750.0,7.5,85.9375,,,0.02991057276342523,0.08345839352961151,0.0006681071163485873,0.11403707340938533,0.3583890307307771,0.2622881477854865,0.7318531687497939,-2.4834070523910965,20.443874188333197,52.11977444945345,0.3922479405232265,3347.4615706836616,2.5494079042609687,4.231685709914448,531.4982597989421,0.5,0.4189189189189189,0.5161290322580645,0.17391304347826086,48.46938775510201,48.40066210208863,48.539754208196825,48.64864864864865,0.4986413043478261,0.501358695652174,14.440316037840974,14.479609487451341,0.453072589084001,0.5469274109159991,35.08216781639019,38.5449398749633,0.4591517340430685,0.5408482659569317,26.826118112485926,29.11504319826459,1.1478508211635245,0.9968969117042743,1.2730070254433548,1.464226458749427,-0.05749675901521556,-0.5746669363458361,-0.3081853488951356,0.0003461299049077756,0.06229257433656007,0.2795271343074637,1.3862943611198906,3.730169421251581,1.171629731592895,1.146001970046711,0.828302216596,0.9952103066317438,1.7897584745418795,1.8054244190346425,3.188526518245158,0.9377121139142864,91.64969450101833
121,2025-05-23 14:51:44+07:00,653.0,38.43716600293365,,,,,,,27.31423467224255,27.445739951236305,0.058862428794691654,0.041828843295930396,650.0,29.651999999999997,0.04561846153846153,40.0,1.4072210502750977,620.0,680.0,6.666666666666667,36.666666666666664,580.0,750.0,7.5,85.9375,,,0.03196093503490319,0.0842687926552194,0.0006680710696670558,0.11689779875978965,0.3792736792334191,0.2734092119268979,0.720875786792027,-2.4737436764012637,19.407068834201734,50.22802956551978,0.38637925879386226,3062.358002357267,2.5881306442836554,4.193026070118899,519.9868100820288,0.5,0.4189189189189189,0.5483870967741935,0.17391304347826086,47.36842105263158,47.50727000336398,47.225623028152384,45.94594594594595,0.43975903614457834,0.5602409638554215,12.880570286640685,14.538350537926794,0.4996946349579854,0.5003053650420146,35.50573313295092,35.52742417804027,0.49189771381868436,0.5081022861813158,26.70736018607436,27.143705578734426,1.3805009423996384,0.7097961422361703,1.4217114987240747,1.7154795748964693,-0.25186955303661307,-1.2020260010052386,-0.0861233124670192,0.00028692254902611526,0.03823883831321231,0.2854063269340319,1.3545456628053103,3.71250992838158,1.1678649353170774,1.43446222484698,0.8743943268193228,1.1020068391388487,1.7926010553832648,1.803668078421389,2.228494735918839,0.9377121139142864,91.88361408882082
122,2025-05-23 14:51:45+07:00,652.2222222222222,37.349782358097535,,,,,,,26.98314080385101,27.13507994903744,0.0572654243991274,0.04137108470777839,650.0,29.651999999999997,0.04561846153846153,40.0,1.3841895808054712,620.0,680.0,6.666666666666667,36.666666666666664,580.0,750.0,7.5,85.9375,,,0.03090409440439366,0.07592495836205675,0.000512037641162312,0.10734109040761272,0.40703472311468375,0.2879055381964139,0.70732426952011,-2.578009816459342,19.187399040003488,49.33081300098449,0.38895363511687037,2973.611675608339,2.571000524778554,4.180254363269503,507.31818445313536,0.5,0.4189189189189189,0.5483870967741935,0.17391304347826086,49.46808510638297,49.49219791451876,49.44453809851307,44.5945945945946,0.4645061728395061,0.5354938271604939,13.077565800741636,14.041335082857715,0.5166557054686396,0.48334429453136035,35.45837982475874,34.29624486064389,0.5098025681451483,0.49019743185485176,26.72376682907543,26.20488029404383,1.2506694668180671,0.42167744464560286,1.301498933164688,1.381093270740542,0.5363387287495067,-0.25073669165491097,-0.3112435498115185,5.591580091540946e-05,0.01067087178867293,0.300982668070211,1.4170660197866445,3.681015852202283,1.1956052676293063,1.0474432748072535,1.0003389164095362,1.1603739107110345,1.7909413391766293,1.809732756514339,2.720237830071566,0.9377121139142864,91.9931856899489
123,2025-05-23 14:51:46+07:00,651.3186813186813,37.064771870299076,,,,,,,27.141603981096377,27.287940749753314,0.056907275859578464,0.041671772604686526,650.0,29.651999999999997,0.04561846153846153,40.0,1.3656072756832647,620.0,680.0,6.593406593406594,37.362637362637365,580.0,750.0,7.583333333333333,85.9375,,,0.032381607138430184,0.08386843416892656,0.0005781471794302484,0.116828188486787,0.3861000561094014,0.2771728942976161,0.7178784097847404,-2.478505967899856,19.29548794876729,48.904413889521805,0.39455514163521166,2964.515303498759,2.5344999835905218,4.178923806574941,495.7929448019884,0.5054945054945055,0.4189189189189189,0.5483870967741935,0.17391304347826086,48.69109947643978,48.69990058560817,48.685301160160655,44.5945945945946,0.4539969834087481,0.5460030165912519,13.003888787416846,14.260812968300716,0.520946625683785,0.479053374316215,35.297559014101836,33.848545397456164,0.5119249772727217,0.4880750227272785,26.599048817105352,25.972050477778076,1.2509611234197842,1.0012410201082274,1.3440960475618748,1.5575239265652017,-0.29055165420653317,-0.7461989043890478,-0.28683666098672556,0.000252594265461072,0.053865696947536956,0.32846017089333834,1.4759065198095778,3.669953408818411,1.199896989594579,1.0324008985174453,1.0101456664133583,1.1701806607148566,1.7820264766514875,1.8174996096417695,2.902875773607872,0.9296849485998138,92.12080310443731
124,2025-05-23 14:51:47+07:00,650.2222222222222,36.7187236864729,,,,,,,27.39638293192751,27.53677084778074,0.05647103779532743,0.04213387668956726,650.0,29.651999999999997,0.04561846153846153,40.0,1.3402763342047324,620.0,670.0,6.666666666666667,38.88888888888889,580.0,760.0,7.5,54.6875,,,0.03190670723265843,0.08160468293071907,0.00040246398983543,0.11391385415321292,0.39099113049365875,0.2800950548977497,0.7163718894188378,-2.5058686298019017,19.47143739844579,47.86317535065553,0.40681457625395745,2927.8538398678907,2.458122344602868,4.173519502661255,470.61416325236627,0.5222222222222223,0.4383561643835616,0.59375,0.17391304347826086,47.89473684210526,47.983221224538354,47.80655374394612,45.20547945205479,0.45059880239520955,0.5494011976047904,13.077565800741636,14.440316037840972,0.4820790017483106,0.5179209982516895,33.23231645772133,34.445561361392606,0.47760475190623564,0.5223952480937641,25.252817510318163,26.41040916735474,1.2480637787325901,0.7843937201969475,1.2677475565660377,1.6398746201935717,-0.30123215814188953,-1.300460120866905,-0.02558638086227996,0.00042823053704922246,0.05223484796936105,0.3574088399883566,1.5040773967762742,3.6661557929184543,1.2026582338496747,1.081199809709132,0.5493061443340549,0.7225929394740411,1.7528833653044025,1.81929130405751,2.386722423143612,0.9377121139142864,92.27614490772386
125,2025-05-23 14:51:48+07:00,650.0,35.96294389136314,,,,,,,27.12112747574399,27.258415644909768,0.05532760598671252,0.0417248115011446,650.0,29.651999999999997,0.04561846153846153,40.0,1.3260121255477635,620.0,670.0,6.593406593406594,38.46153846153847,580.0,760.0,7.583333333333333,54.6875,,,0.031602421076642566,0.0814615702303586,0.0006700931120150383,0.11373408441901621,0.38794269478573307,0.2778623597145578,0.7162458874706369,-2.507623900856827,19.274610546917174,45.787873267133634,0.4209544836132937,2772.5919404401543,2.375553744947498,4.149856066429077,435.086215251683,0.5054945054945055,0.4189189189189189,0.5483870967741935,0.18181818181818182,47.89473684210526,48.100103696027766,47.671382580660264,44.5945945945946,0.445619335347432,0.5543806646525679,12.873629522347287,14.35896149729843,0.4382390226731986,0.5617609773268016,30.311399971531365,34.31833868492091,0.43935098550265295,0.5606490144973469,23.28638341727632,26.305209991310065,1.1936056676470845,0.6178184841370569,1.2407073569434988,1.502514909715613,-0.079451751266296,-1.0849624425409163,-0.0762387181765918,0.00027073785744226563,0.031544711213195145,0.38408631488865774,1.5163474893680884,3.6130664098610072,1.2112912090440269,1.3488922914569603,0.5523736674820084,0.7814463504505472,1.718157592988077,1.815713971575273,2.0996170241975496,1.001199175415184,92.3076923076923
126,2025-05-23 14:51:49+07:00,648.7777777777778,34.211102008327934,,,,,,,27.273067754088487,27.423866196814714,0.05273161809812492,0.04203761085576235,650.0,29.651999999999997,0.04561846153846153,40.0,1.2543914134191732,620.0,670.0,6.666666666666667,37.77777777777778,580.0,750.0,7.5,54.6875,,,0.028941924273121193,0.07788957299946508,0.00047639786025322037,0.1073078951328395,0.37157636328703403,0.26970917878216843,0.7258512796569475,-2.5524631861623015,19.391601754120217,43.54341639488224,0.44533946482893233,2652.6872912010226,2.245478065556415,4.130656166687322,391.1031456563906,0.5111111111111111,0.4246575342465753,0.5806451612903226,0.18181818181818182,51.06382978723404,50.97387700177437,51.16007933010439,42.465753424657535,0.4833836858006042,0.5166163141993958,13.48399724926484,13.939805659268776,0.5251332963031144,0.47486670369688555,31.55420759777753,30.006017633375787,0.5182220273613903,0.48177797263860955,24.26402892083076,23.39529093677444,1.1373097260406222,0.7099522186162917,1.2384763262586127,1.2877693668795964,0.41473112033892434,-0.03212535039097997,-0.43056850964272403,0.00010199732240336886,0.027098067370775036,0.388384518384167,1.586965056582042,3.564961218988233,1.249918960131664,1.3201394293051756,0.5700280592854968,0.8446811314525242,1.7175761061907258,1.810390511539675,2.720237830071566,1.009843814984616,92.48158931323857
127,2025-05-23 14:51:50+07:00,648.3516483516484,33.871119663405686,,,,,,,27.446918466985203,27.60068391922542,0.0522418964299986,0.042333382720265315,650.0,29.651999999999997,0.04561846153846153,40.0,1.2340591059119403,620.0,670.0,6.593406593406594,38.46153846153847,580.0,750.0,7.0,85.9375,,,0.02730385598410389,0.06938816768213399,0.0006166227842837699,0.09730864645052166,0.3934944082856084,0.2805902350926958,0.7130729921047217,-2.6680389204989634,19.51663076467079,43.95151113257034,0.44404914101367404,2694.8123559957908,2.2520030051565985,4.137498639932504,395.9157406068884,0.5054945054945055,0.4189189189189189,0.5806451612903226,0.17391304347826086,49.999999999999986,50.001534149306416,49.99843310062354,43.24324324324324,0.47197640117994105,0.528023598820059,13.408030463079816,14.18180508629342,0.5103519490330235,0.4896480509669766,31.398485490678315,30.755006742449552,0.504031363177777,0.49596863682222264,24.141667009624804,23.9477977613155,1.2033721264826258,0.8171727486048654,1.272451421681823,1.4723734688688643,-0.007107278235579884,-0.5868578475364048,-0.25534910148635986,0.00031046985615951905,0.041967183712177364,0.40530345383181876,1.5869650565820417,3.541297071781484,1.264126269170375,1.2309059792766566,0.5700280592854967,0.8446811314525242,1.7021037729762878,1.8165623365928025,2.605231065142532,0.9296849485998138,92.54237288135593
128,2025-05-23 14:51:51+07:00,648.1318681318681,34.023262888535804,,,,,,,27.386127875258307,27.53751271886357,0.052494352710355345,0.04225394433110386,650.0,29.651999999999997,0.04561846153846153,45.0,1.2423539042652956,620.0,670.0,6.593406593406594,38.46153846153847,580.0,750.0,7.0,85.9375,,,0.015140390620591443,0.06727471029312379,0.0006602632004663208,0.08307536411418155,0.22505322660808183,0.18224886260843812,0.8098033756512844,-2.698970888686522,19.471961980519232,44.19264658836801,0.44061543002596426,2703.395563687789,2.269552838721678,4.138879706736323,401.1901860610179,0.5054945054945055,0.4189189189189189,0.5483870967741935,0.17391304347826086,49.21465968586386,49.19747592049297,49.2331463774286,44.5945945945946,0.4681481481481483,0.531851851851852,13.323966747468278,14.20159826422459,0.5062349133698486,0.4937650866301515,31.443150761051548,31.053474567303695,0.5000420511566893,0.4999579488433106,24.147461767956656,24.145430995952466,1.2727310018369398,1.0022272780368828,1.2791565534754574,1.7710725041905637,-0.6257447504072235,-1.6202004770775886,-0.009177248020380297,0.0006167759046115693,0.08255624978228951,0.40530345383181876,1.6094379124341003,3.5379438647138377,1.2567617821999013,1.4350469288232799,0.5756462732485114,0.8502993454155388,1.697759009830018,1.8168324538127916,2.902875773607872,0.8581707217844434,92.57375381485248
129,2025-05-23 14:51:52+07:00,648.021978021978,34.1311125651193,,,,,,,27.64858847110363,27.802585676284515,0.052669683626010794,0.04266612770680736,650.0,29.651999999999997,0.04561846153846153,45.0,1.2344613035414358,620.0,670.0,6.593406593406594,39.56043956043956,580.0,750.0,7.0,85.9375,,,0.026001705557359756,0.07853052235242391,0.0010086612376728342,0.1055408891474565,0.33110317846443293,0.24636617871421815,0.7440767553389185,-2.5442679099884944,19.659396866220753,44.317264976882434,0.44360582442250984,2737.1147992021242,2.2542535398443184,4.144263122795539,399.60940580142346,0.4945054945054945,0.41333333333333333,0.5483870967741935,0.13043478260869565,49.48453608247423,49.49377635071627,49.47635358481535,45.33333333333333,0.47674418604651164,0.5232558139534884,13.574596234192319,14.221363894199314,0.500470879224105,0.4995291207758947,31.351791076708444,31.322279152603752,0.4965693165307567,0.5034306834692436,24.157860694181135,24.324189219014798,1.1830308524333257,0.5498524778579714,1.2448849050866038,1.352893752840453,0.34773047590730854,-0.35947952715188247,-0.30356758930211053,8.235228700054285e-05,0.017098451808947257,0.36490751005853905,1.540445040947149,3.569091852143911,1.2761454503081935,1.244696355447869,0.6597643324038147,0.8715887975006156,1.7356631503360573,1.8236327907784942,3.1485341143149657,0.8581707217844434,92.58945226386298
130,2025-05-23 14:51:53+07:00,648.021978021978,34.13111256511931,,,,,,,27.708803254160543,27.863811835201506,0.0526696836260108,0.04275904860316448,650.0,29.651999999999997,0.04561846153846153,45.0,1.2317786608122254,620.0,670.0,6.593406593406594,39.56043956043956,580.0,750.0,7.0,85.9375,,,0.012467928593122334,0.06799393377734349,0.0007176325790725652,0.08117949494953838,0.1833682492022078,0.15358470265025012,0.8375752253645935,-2.6883367869421173,19.702690298376965,44.16721432774721,0.446093116766912,2733.8545958298764,2.241684443031901,4.143745522202367,396.0358290022665,0.4835164835164835,0.4,0.5333333333333333,0.125,49.74358974358974,49.75423812698903,49.7331387915741,45.33333333333333,0.4790159189580318,0.520984081041968,13.63653387704424,14.221363894199314,0.4968364822204231,0.5031635177795768,31.131980360032784,31.32958059623032,0.49387874593266123,0.5061212540673387,24.03284478913433,24.328890350228953,1.0398955755298813,0.5500100905348213,1.114177856177843,1.187899884050806,0.5108792562864704,-0.13667702967842477,-0.3659624084327676,0.00010511095672642396,0.018417306694220207,0.36490751005853905,1.5163474893680884,3.569091852143911,1.2777525730289085,1.2858764019658853,0.6537399445090495,0.8655644096058505,1.7393108046260903,1.8432964277979993,2.942215103279821,0.9296849485998138,92.58945226386298
131,2025-05-23 14:51:54+07:00,647.6923076923077,34.028645549723514,,,,,,,27.848798098940563,28.001248411619763,0.052538288853492356,0.042996956684825095,650.0,29.651999999999997,0.04561846153846153,45.0,1.2219071512108828,620.0,670.0,6.593406593406594,40.65934065934066,580.0,750.0,7.0,85.9375,,,0.01819503068969962,0.06980556883493964,0.0007419380286612174,0.08874253755330049,0.26065299650695634,0.20503167017025328,0.7866077617288447,-2.6620414896607585,19.799872633545377,43.925939259453735,0.4507558168897675,2732.331103734106,2.218496051587395,4.143503435941886,389.7980912374634,0.4725274725274725,0.4025974025974026,0.5483870967741935,0.13043478260869565,48.98989898989898,49.02138438610774,48.95963756943644,46.75324675324675,0.47421203438395415,0.5257879656160459,13.63653387704424,14.35896149729843,0.4928010565304161,0.5071989434695838,30.835917269780946,31.283131971662353,0.48966126890917977,0.5103387310908203,23.841233714392278,24.339413727916106,1.1673612700164198,0.9944300107247432,1.244570080001608,1.6259581865589814,-0.6251444218388773,-1.489212728514575,-0.11647566702113428,0.0005221213059531331,0.07375748236525342,0.38629771945876845,1.6341305250244718,3.572030384771923,1.2847954617157544,1.0984038829130631,0.6831857034231454,0.8950101685199463,1.7349538096319999,1.853694470763419,2.7958889470453636,1.001199175415184,92.63657957244654
132,2025-05-23 14:51:55+07:00,646.7032967032967,33.929827751304764,,,,,,,28.284271247461902,28.44272778839863,0.05246583390601076,0.04373608638095213,650.0,29.651999999999997,0.04561846153846153,50.0,1.1996005643719552,620.0,670.0,6.593406593406594,41.75824175824176,580.0,750.0,6.5,85.9375,,,0.024458571185742996,0.09203690157437411,0.0015406026114086165,0.11803607537152572,0.2657474422471542,0.2072126772154882,0.7797353587425062,-2.385565678284546,20.112045694619724,43.858813317484746,0.4585633803868072,2771.168901250319,2.180723631172817,4.149633106565223,382.5758025465442,0.4835164835164835,0.4155844155844156,0.5625,0.125,49.99999999999999,50.00082048373786,49.999108388329205,45.45454545454545,0.48194444444444445,0.5180555555555556,13.962228340229903,14.475861349078775,0.4964628764278296,0.5035371235721704,30.902973284180057,31.12236732344169,0.49394036894036897,0.5060596310596313,23.97850681368072,24.27089110037973,1.3245829177361022,0.6474791174261729,1.3958694061572632,1.6483224764491886,-0.23254528624592474,-1.2568884583810649,-0.11009851360849376,0.00046123193006064584,0.040072920382027866,0.3650805805156079,1.6094379124341003,3.5700776093398523,1.3062429629374228,1.3362963669318,0.6344437482950532,0.9168763684241212,1.7527665861435846,1.8587526489341128,3.011664652196217,1.001199175415184,92.77824978759558
133,2025-05-23 14:51:56+07:00,647.032967032967,34.10749365346453,,,,,,,28.284271247461902,28.43482593304725,0.05271368754186943,0.0437138023695488,650.0,29.651999999999997,0.04561846153846153,50.0,1.205882002582095,620.0,670.0,6.593406593406594,41.75824175824176,580.0,750.0,7.0,85.9375,,,0.02498100775096699,0.09716107728078595,0.001656175369945115,0.12379826040169806,0.2571092092646764,0.2017880353884548,0.7848339464990839,-2.3313850872111366,20.106458239116808,43.90746142216976,0.45792805112993057,2773.4719460166257,2.1837491665612427,4.149993887260909,383.5315291459325,0.4835164835164835,0.4155844155844156,0.5625,0.125,51.48514851485149,51.48399784902742,51.483657473409174,44.15584415584416,0.4944444444444444,0.5055555555555555,14.14213562373095,14.30015321674813,0.4996561370789136,0.5003438629210863,31.036585877337544,31.057937884186344,0.4987522882744002,0.5012477117255996,24.11710661461433,24.177364286047077,1.1086427208536571,0.5695231641138596,1.1725738995724773,1.2862174525469166,0.3173846480267972,-0.379776670128499,-0.3004584183133953,8.577753762023029e-05,0.018264375103143996,0.34386344157244686,1.5841201044498106,3.5843316537693264,1.307029018715695,1.2644042084757874,0.6302241136310051,0.912656733760073,1.775859855777146,1.8588138817303421,2.5618171820578395,1.001199175415184,92.73097826086958
134,2025-05-23 14:51:57+07:00,,,,,,,,,,,,,,,,,,,,,,,,,,,,,,,,,,,,,,,,,,,,,,,,,,,,,,,,,,,,,,,,,,,,,,,,,,,,,,,,,,,
135,2025-05-23 14:51:58+07:00,649.010989010989,34.15828986920696,,,,,,,28.185890875479604,28.32595189153928,0.05263129661526979,0.04342898864999398,650.0,29.651999999999997,0.04561846153846153,40.0,1.2118932135270226,620.0,670.0,6.593406593406594,40.65934065934066,580.0,750.0,7.0,85.9375,,,0.02657228496474754,0.10962784115195165,0.0018819614425357942,0.13808208755923498,0.24238628331571854,0.1924383200923759,0.7939323853640544,-2.2106639116180893,20.029472666071335,43.72917731691259,0.4580345182557273,2751.634177246894,2.1832415683607618,4.146560805018157,381.8854306740084,0.4835164835164835,0.4155844155844156,0.53125,0.125,52.23880597014925,52.26150272224635,52.214536824282,44.15584415584416,0.5020979020979021,0.497902097902098,14.201598264224591,14.14213562373095,0.49428888069177807,0.5057111193082219,30.74409598934805,31.09729104941032,0.4956444855688431,0.504355514431157,23.946657715229005,24.156174268825506,0.8859861084869869,1.0124601972069258,1.0489562155427499,1.143819053154816,0.059535425951935395,-0.32094211365933,-0.40630462523488403,0.00017249605471319224,0.05683228601673306,0.34386344157244686,1.5841201044498106,3.600209054187528,1.3189701671308085,1.2337859402027953,0.6302241136310051,0.912656733760073,1.7743455483390473,1.8581404352442186,2.362656765946035,1.0727134022305544,92.44835760243821
136,2025-05-23 14:51:59+07:00,649.7802197802198,33.79605571917206,,,,,,,28.166173565703478,28.316033493570185,0.05201151818780073,0.043347231430390945,650.0,29.651999999999997,0.04561846153846153,40.0,1.1998809721290578,620.0,670.0,6.593406593406594,40.65934065934066,580.0,750.0,7.0,85.9375,,,0.018597353817943224,0.11188279100202562,0.001935356589999286,0.13241550140996813,0.16622175449311521,0.14044695386807055,0.8449372604467832,-2.190303464570317,20.022459299608883,43.45876401587792,0.4607231648901372,2733.6610375236705,2.170500804400528,4.143714772841968,377.309129018863,0.4945054945054945,0.42105263157894735,0.5625,0.125,51.5,51.503679879596135,51.493743609536125,44.73684210526316,0.4971988795518206,0.5028011204481794,14.122259105652711,14.201598264224591,0.4884609904387539,0.5115390095612462,30.373323344354638,31.082557790617017,0.4899916884149103,0.5100083115850894,23.685195515637076,24.16413449790281,1.1499078606168205,1.0569633707745099,1.1658157945600638,1.6721225604409156,-0.7472115189851216,-1.734677547858802,-0.020979837257892927,0.0005984374810840757,0.08796999258181176,0.34386344157244686,1.5581446180465497,3.588083745970382,1.300147348792909,1.3010699840033428,0.6258948658971283,0.9083274860261961,1.7779640370041176,1.8526157326145385,2.5473865166664575,1.0727134022305544,92.33891425672248
137,2025-05-23 14:52:00+07:00,648.6813186813187,33.7048889038302,,,,,,,27.304863221696525,27.40663415134405,0.051959086739768734,0.04209287740427552,650.0,29.651999999999997,0.04561846153846153,40.0,1.2343914206846565,620.0,670.0,4.395604395604396,40.65934065934066,580.0,750.0,7.0,85.9375,,,0.008671736228416129,0.0991559814858595,0.0008123349223376436,0.10864005263661328,0.08745550292044453,0.07982080289874259,0.9127018910559924,-2.311061098192406,19.379416857914194,42.286476176382095,0.45828876298607296,2574.4951220308562,2.18203037203945,4.117662183255715,369.0815013735534,0.4945054945054945,0.42857142857142855,0.5757575757575758,0.125,46.192893401015226,46.27746956413424,46.09835699479413,46.75324675324675,0.40387481371087924,0.5961251862891207,12.338848852759154,14.990633779917227,0.5030239718495711,0.49697602815042874,29.991337700720383,29.81049698238992,0.48576117698954324,0.5142388230104569,22.931719605056745,23.594330160662263,1.0997533764847123,1.1519995619527599,1.2434045681919401,1.485765143853695,-0.3830995068723535,-0.8790226096651628,-0.2896174758513551,0.0003487340084359397,0.07857545452092825,0.35926671225155715,1.5841201044498106,3.5963792130271237,1.3252331711731562,1.337875358242145,0.7457486437243291,1.0281812638533971,1.7521670225256871,1.8455251321180777,2.262126353014474,1.001199175415184,92.495341351855
138,2025-05-23 14:52:01+07:00,646.6304347826087,33.09251679671334,,,,,,,27.57606861827045,27.68565922089858,0.051176862418854045,0.042645794467656435,650.0,29.651999999999997,0.04561846153846153,50.0,1.200044765437956,620.0,670.0,5.434782608695652,40.21739130434783,580.0,750.0,7.076923076923077,85.9375,,,0.023867833144459644,0.10695264221438062,0.0019047162360903043,0.1327251915949306,0.22316263207988726,0.1798289598051804,0.8058202133984763,-2.2353691386220906,19.576717376717248,41.18512955199845,0.4753346071669044,2532.9707821183497,2.103781178400229,4.110600290183465,346.57800152587754,0.5,0.4358974358974359,0.5882352941176471,0.125,46.5,46.660787294365036,46.32678037879054,46.15384615384615,0.39739884393063585,0.6026011560693642,12.360330811826104,15.220600075774497,0.45996055125410135,0.5400394487458985,27.93191613026972,30.26587116714921,0.448400993980375,0.5515990060196251,21.598260537439117,23.955058173307997,0.8950630282972223,0.8081543692992614,1.0339816084491935,1.0892839797161251,0.3387632734536954,-0.13830751713247835,-0.4315695449188953,0.0001277324148649256,0.037798911425701166,0.32486543031664095,1.5581446180465497,3.6176361318267976,1.3297982227756266,1.3454762181531799,0.7414193959904525,1.0238520161195204,1.7802982471627191,1.8518026071928688,2.2049846825495107,0.9927159498347627,92.78870398386283
139,2025-05-23 14:52:02+07:00,644.065934065934,29.813420616226658,,,,,,,26.352313834736496,26.494057468582728,0.04628939218694124,0.04091555295958064,650.0,29.651999999999997,0.04561846153846153,50.0,1.1313397678547634,620.0,670.0,3.296703296703297,39.56043956043956,580.0,730.0,7.0,85.9375,,,0.022614730439380594,0.10040896947100465,0.0014118711119425957,0.12443557102232784,0.22522619800326807,0.18173847119102918,0.8069153269123343,-2.2985037383542486,18.73412769718094,37.84792818524029,0.4949842328354122,2227.539735560159,2.020266371459374,4.054795569822486,305.85158616820144,0.5054945054945055,0.43421052631578944,0.6060606060606061,0.125,48.69109947643979,48.694420935746905,48.68953449016551,44.73684210526316,0.4400000000000001,0.56,12.429576904403138,14.022453903762566,0.5597384726598037,0.440261527340196,28.31618168285419,25.112935368425145,0.536166339824676,0.463833660175324,21.86664728666559,20.33824889588389,1.0037596105560038,0.8437969598833863,1.1242886637186218,1.3553012796352712,-0.1376644242756253,-0.9918360298451745,-0.22622250742811914,0.0002196348663426282,0.04797706713761043,0.374669982930667,1.6094379124341003,3.4927976529697538,1.3656481797832372,1.7479834990021828,0.7499682783883775,1.0324008985174455,1.616594575139615,1.8605120400115303,3.1145706674923916,1.0727134022305544,93.15816413581301
140,2025-05-23 14:52:03+07:00,643.804347826087,29.532712029032744,,,,,,,25.97547448508448,26.11844907672318,0.04587218481632639,0.040346845393006446,645.0,37.065,0.057465116279069764,50.0,1.1369460082814227,620.0,670.0,3.260869565217391,38.04347826086957,580.0,730.0,6.571428571428571,85.9375,,,0.012600374948456686,0.11689650779408722,0.000893885050910009,0.1303907677934539,0.1077908586512456,0.09663548395095248,0.8965090839809892,-2.1464662843969795,18.46853245622648,37.68402141605206,0.49008921453270216,2186.4497548205027,2.0404448217729003,4.046709611558091,307.56866544785,0.4891304347826087,0.4155844155844156,0.5625,0.13043478260869565,50.52631578947368,50.53395958144061,50.51773087979875,42.857142857142854,0.45602605863192175,0.5439739413680782,12.472191289246469,13.621877827801699,0.5613092895668882,0.43869071043311186,28.233086376411904,24.959533323913217,0.540917880527703,0.45908211947229693,21.825016860170933,20.106390269054884,1.2021485072320357,0.8671570929823251,1.2255146031026953,1.6357270537231983,-0.4517554145597824,-1.4438097997233303,-0.026945631950375908,0.000448123290432159,0.061021491158179286,0.3863928549632596,1.540445040947149,3.4835364937272004,1.3538467865823298,1.0263485996021715,0.6033144304378308,0.9695185266605341,1.5797591297708822,1.8626925604177895,2.8797244595274427,1.0636242319658173,93.19601553266925
141,2025-05-23 14:52:04+07:00,643.9560439560439,29.6602660091136,,,,,,,26.09810550808451,26.244076675496,0.04605945745442556,0.040527774765114176,650.0,29.651999999999997,0.04561846153846153,50.0,1.136491152582919,620.0,670.0,3.296703296703297,38.46153846153847,580.0,730.0,6.5,85.9375,,,0.02316365466725521,0.09518541695164048,0.001583101286011747,0.11993217290490744,0.24335297789391042,0.19313962305695365,0.7936604052618281,-2.3519285321996617,18.557364583222927,37.871670424264295,0.49000649760970844,2207.9062760650195,2.0407892647915515,4.0509507439411925,309.1523937662491,0.5054945054945055,0.43421052631578944,0.6060606060606061,0.125,49.73544973544973,49.739090526859435,49.73227070007133,44.73684210526316,0.45350734094616635,0.5464926590538336,12.497190695548293,13.718682414540078,0.5607916840150082,0.4392083159849916,28.360588834313567,25.098613939719925,0.5400192477844187,0.45998075221558155,21.914638649882985,20.225511969862648,1.1103285661948097,0.867580902492775,1.2185567188271151,1.4384359189547653,-0.021061334574634216,-0.7374314070807362,-0.24656058069526113,0.0003339290955463438,0.05259718702367627,0.3747353072931858,1.7176514970743333,3.484135106996917,1.3819889189019414,1.5910062676366583,0.6328488397923615,0.9990529360150647,1.6345324582717893,1.862329136713674,3.364333121787534,1.001199175415184,93.17406143344711
142,2025-05-23 14:52:05+07:00,643.4782608695652,29.629016910725106,,,,,,,25.95431319889574,26.092256721216366,0.04604509384774847,0.04033440564693257,640.0,29.651999999999997,0.04633125,50.0,1.141583546583144,620.0,670.0,3.260869565217391,38.04347826086957,580.0,730.0,7.076923076923077,54.6875,,,0.02417399611703451,0.09389099239746346,0.002156580209366759,0.12022156872386473,0.2574687464661156,0.20107869472706208,0.780982925061645,-2.365620824978815,18.450011664032363,37.69309261349128,0.4894799122274369,2184.7829067138164,2.042984757943141,4.046378399277234,308.0256547564075,0.5217391304347826,0.4473684210526316,0.6176470588235294,0.125,48.67724867724868,48.68113083765658,48.67516557693703,46.05263157894737,0.44698205546492664,0.5530179445350734,12.33783701554783,13.7234592334926,0.5556214975543615,0.4443785024456383,28.096439768752877,25.126864171441532,0.5346158512117507,0.46538414878824924,21.698296590992808,20.244661474366588,0.9743083977696668,0.917488695093271,1.1102983801175377,1.297277374005226,-0.06590054751281649,-0.7351988090308481,-0.2962056700124462,0.0002260761028084169,0.05261001681935798,0.41293783144577034,2.054123733695546,3.489050587608499,1.3931976258883605,1.4895986614639274,0.688927545895897,1.0551316421186,1.6489343754426864,1.858142279686265,3.076277346127929,0.9927159498347627,93.24324324324323
143,2025-05-23 14:52:06+07:00,642.4175824175824,29.602577190382874,,,,,,,25.90581230363393,26.04710991801487,0.04607996107295316,0.04032550324376818,640.0,29.651999999999997,0.04633125,40.0,1.1427002111889146,620.0,670.0,3.296703296703297,37.362637362637365,580.0,730.0,7.0,54.6875,,,0.02750098236988968,0.09589855305058477,0.0019552675391497484,0.1253548029596242,0.286771609112636,0.2193851509522737,0.7650169820894134,-2.3444643853130906,18.418088053339687,37.68951280900663,0.48867938799512245,2180.7954943722616,2.046331448728877,4.045585051180156,308.50094139336045,0.5164835164835165,0.43999999999999995,0.5757575757575758,0.13043478260869565,48.924731182795696,48.90408896644606,48.94645729091568,46.666666666666664,0.45198675496688745,0.5480132450331127,12.384295963713637,13.63653387704424,0.5457224243631582,0.4542775756368417,27.842384293683697,25.40277568737539,0.5276485073203336,0.4723514926796662,21.547263743617407,20.386957458175132,1.065369210320329,0.6853364387390064,1.1582454177996775,1.383825835459175,0.036802286181858435,-0.9147745253568274,-0.17084718554501913,0.00022350175816895413,0.036171733144927276,0.41187492828666183,2.2246235515243336,3.5051883106012633,1.3783350738075557,1.634220550624816,0.7173441822006948,1.0835482784233983,1.6648298970970599,1.8554186608867282,3.324561937555324,1.001199175415184,93.39719466301744
144,2025-05-23 14:52:07+07:00,642.8260869565217,29.772990450137918,,,,,,,26.332614632933687,26.467202733058524,0.04631577817742118,0.040963823913254975,640.0,29.651999999999997,0.04633125,42.5,1.1306507487069446,620.0,670.0,4.3478260869565215,36.95652173913043,580.0,730.0,7.076923076923077,54.6875,,,0.018278644764182703,0.08343606346240162,0.0013722375818019522,0.10308694580838627,0.21907367157152036,0.17731289467202072,0.8093756470144058,-2.4836746474657994,18.715138531584802,37.569309169227374,0.4981496584694769,2208.9003708545015,2.0074288579709485,4.051146238072298,301.6708616013584,0.532608695652174,0.4533333333333333,0.6470588235294118,0.125,51.85185185185185,51.82556131217152,51.876839177991286,44.0,0.49128367670364503,0.5087163232963551,13.123346456686349,13.354150416006751,0.5568142648195937,0.44318573518040644,28.03421409212881,25.010714337852843,0.5437768072193626,0.45622319278063744,21.88766070170058,20.04830622550208,1.1464450007984288,0.8874293571085072,1.2838625026043973,1.5442644338536091,-0.08834790998205122,-1.0016590653139517,-0.20656601659238083,0.0004166756403160878,0.06335667006303712,0.4075263852654807,2.512305623976115,3.5106792662467683,1.3818823284119621,1.2878407383978434,0.7652911942759918,1.1314952904986948,1.6878201387090752,1.8468358612453957,2.7059619056610855,0.9218076677037084,93.33784240784578
145,2025-05-23 14:52:08+07:00,644.2857142857143,30.300086437091856,,,,,,,26.394443859772206,26.502537979423998,0.047028958993268956,0.04096698603512316,640.0,29.651999999999997,0.04633125,50.0,1.1479721489139707,620.0,670.0,4.395604395604396,37.362637362637365,580.0,730.0,7.0,54.6875,,,0.03641495426117283,0.10307341021930495,0.0030383663338782218,0.14252673081435602,0.353291447170461,0.25549561161691176,0.7231865182788777,-2.2723138240414187,18.740124323904727,37.544896137391845,0.49913906421067433,2210.4120917455903,2.0034496830685335,4.051443357623061,300.87724106919484,0.5274725274725275,0.445945945945946,0.6060606060606061,0.125,53.475935828877006,53.49551781829269,53.4618187037037,41.891891891891895,0.5007974481658694,0.4992025518341309,13.281735367865993,13.260569242276647,0.6160444186619785,0.3839555813380213,29.468424738962916,23.264375542266738,0.5930032725009536,0.40699672749904636,22.855989925815333,18.93507150766577,1.022099232689956,1.135035823432117,1.196037406925614,1.5035285920131376,-0.3813415892473131,-1.2086717549229697,-0.22909120686805037,0.0005668093418108468,0.09687075863666768,0.41204799874372977,2.512305623976115,3.5604426494698003,1.3787627634647506,1.6867753447328542,0.7652911942759918,1.1314952904986948,1.6791607980745327,1.8436788317962594,2.2763661638809207,1.001199175415184,93.12638580931262
146,2025-05-23 14:52:09+07:00,647.1428571428571,30.268638492513603,,,,,,,26.4154836748786,26.53996115440645,0.046772730562383055,0.04081862819517665,650.0,29.651999999999997,0.04561846153846153,40.0,1.1458672824264577,620.0,670.0,4.395604395604396,37.362637362637365,590.0,730.0,7.0,46.875,,,0.044036502344408215,0.10913319456620907,0.003404164071283882,0.15657386098190115,0.4035115302859763,0.2812506638607994,0.697007750091978,-2.215186174251506,18.76658650470835,37.99730590357805,0.4938925552335324,2240.206035490942,2.0247318762016153,4.05725807292178,307.73742589103324,0.5274725274725275,0.4533333333333333,0.6470588235294118,0.125,52.659574468085104,52.65716445592741,52.662247694094674,42.66666666666667,0.4952229299363058,0.5047770700636943,13.218135311896132,13.345032320697069,0.5971190355407979,0.4028809644592019,29.361839702909514,24.11799380526361,0.5771091407164454,0.4228908592835547,22.768802470298574,19.490606876533928,1.1347236322672485,0.8034293440597824,1.2721140464797358,1.4796234693609007,0.1510954243378464,-0.7393916954364266,-0.24172038348436978,0.00039196421583489565,0.054441703737958425,0.41204799874372977,2.512305623976115,3.5521471824130595,1.3576079949370234,1.713643692746608,0.7652911942759918,1.1314952904986948,1.6632736569225295,1.830034171478943,2.4611757755617476,1.0727134022305544,92.71523178807948
147,2025-05-23 14:52:10+07:00,648.1318681318681,30.181380864959625,,,,,,,25.77681990557494,25.917375678247993,0.0465667286997512,0.03977094966780806,650.0,29.651999999999997,0.04561846153846153,40.0,1.1708729383810483,620.0,670.0,3.296703296703297,37.362637362637365,590.0,730.0,7.0,46.875,,,0.014463605702808666,0.06665152033426311,0.0019428087600166363,0.08305793479708841,0.2170033876237547,0.17413875914617236,0.8024702335435334,-2.708277421900954,18.326352092648452,38.396381956062676,0.47729372297680184,2210.6307260727845,2.0951459276756577,4.051486312050713,321.7840931708953,0.5384615384615384,0.4666666666666667,0.6571428571428571,0.125,51.086956521739125,51.04133042143696,51.13323712456849,42.66666666666667,0.4615384615384617,0.5384615384615385,12.452155627652623,13.449865293172802,0.6147759242009392,0.38522407579906087,30.10569995281707,23.831260513594433,0.5863371647509579,0.41366283524904196,23.03702833944008,19.349778475105335,0.9804314050816129,0.8805505513215439,1.1197954461605728,1.2745095495788867,0.08723641239310531,-0.54579125204544,-0.3242984423936631,0.0002407378555772983,0.05000206298083276,0.41204799874372977,2.5123056239761143,3.559345226721341,1.356883714114898,1.7506285477036028,0.7652911942759917,1.1314952904986948,1.6645879997120991,1.8146951976674317,3.656051301017784,1.001199175415184,92.57375381485248
148,2025-05-23 14:52:11+07:00,647.9120879120879,30.019122924358417,,,,,,,25.862886321694432,26.003937087870224,0.04633209270889783,0.0399172770568893,650.0,29.651999999999997,0.04561846153846153,40.0,1.160702736383202,620.0,670.0,3.296703296703297,37.362637362637365,590.0,730.0,7.0,46.875,,,0.0536301133338931,0.11425016284733577,0.003716816371587795,0.17159709255281666,0.46940951327618796,0.31253509331684065,0.6658047706266945,-2.169364823849226,18.387560252381398,38.26577665383715,0.48052233249361115,2210.469433614564,2.0810687295440022,4.051454623818337,318.5348448240617,0.5274725274725275,0.46052631578947373,0.6571428571428571,0.13043478260869565,48.92473118279569,48.96203894115098,48.8883623987521,44.73684210526316,0.44352159468438535,0.5564784053156147,12.247448713915889,13.718682414540078,0.5937964668167246,0.40620353318327546,29.486914933739893,24.388347845061897,0.5656000221640416,0.43439997783595846,22.577401891156704,19.78628006729343,0.9903734618528834,0.8283634221464968,1.1409447072539316,1.2673190809361268,0.1815757868180352,-0.5133878336855284,-0.34744090540028005,0.00020910122365332728,0.04562783904453098,0.4428545401019499,2.538973871058276,3.5391138659593206,1.3661904009736825,1.4663196305500865,0.7697359021230187,1.135939998345722,1.6380492765166557,1.81673150336263,2.854035532710519,1.001199175415184,92.60515603799185
149,2025-05-23 14:52:12+07:00,647.4725274725274,29.761772893480753,,,,,,,25.841396591085743,25.984005451928358,0.04596607829780633,0.03991118618107269,650.0,29.651999999999997,0.04561846153846153,40.0,1.151709149641989,620.0,670.0,3.296703296703297,36.26373626373626,590.0,730.0,6.5,46.875,,,0.057072950411744205,0.11810455459073707,0.003828811509113067,0.17900631651159435,0.4832408928640965,0.3188320475163096,0.6597786988320458,-2.136184990978531,18.37346645744676,38.045327457170686,0.48293621544276594,2196.0503843518395,2.0706668251896976,4.0486124099452,315.11678967616825,0.5274725274725275,0.46052631578947373,0.6571428571428571,0.13043478260869565,49.18918918918918,49.201050823535006,49.17886641434984,44.73684210526316,0.4442595673876871,0.5557404326123128,12.247448713915889,13.698191465963754,0.6004488413357616,0.399551158664238,29.480804582178475,24.048474016260375,0.5709064128103122,0.4290935871896877,22.573411780373338,19.56999683123317,1.115968806148716,1.117972116258271,1.1364343429127386,1.6250189309723264,-0.47357884565426467,-1.3737069790432144,-0.06297247404092117,0.0006168069067003623,0.09688290332328832,0.4794749497242199,2.6149597780361984,3.5046619706091096,1.3640876297921423,1.7151616183441811,0.9175552559887272,1.1999878761177951,1.607642292217031,1.815639001978032,3.3113731296787305,1.0727134022305544,92.66802443991855
150,2025-05-23 14:52:13+07:00,647.5824175824176,29.714966649472167,,,,,,,25.342103744997615,25.468396121443366,0.04588599974719102,0.039133403034019736,650.0,29.651999999999997,0.04561846153846153,40.0,1.1725532713651576,620.0,670.0,3.296703296703297,35.16483516483517,590.0,730.0,6.066666666666666,46.875,,,0.05359964898180699,0.1075725683915989,0.003357447264052424,0.16452966463745833,0.49826502967454445,0.32577498471120087,0.6538186814434674,-2.229589604355855,18.00887560341777,37.65770003644615,0.4782255843025009,2130.542797767851,2.09106336596047,4.035460372576052,314.9785479701632,0.5384615384615384,0.4666666666666667,0.6571428571428571,0.13043478260869565,52.2222222222222,52.29809644531805,52.14758942812998,42.66666666666667,0.47750865051903113,0.5224913494809688,12.452155627652623,13.025472020173186,0.6145689663604973,0.38543103363950265,29.521546520717585,23.379064631846667,0.5890321553645337,0.41096784463546643,22.65588101079026,18.924106113742575,1.2114292513688854,0.7382467452978119,1.212317532626221,1.5593812832033564,0.09841423632065016,-0.8592430820504804,-0.02988109627611216,0.00039590277609659785,0.04843306521816484,0.4772635451541092,2.3513752571634776,3.4979539036923133,1.342333973988876,1.6181552430123052,0.7384694664738856,1.104673562696589,1.5913362857605322,1.8022015213890743,2.3124447305620977,1.0727134022305544,92.65229933819785
151,2025-05-23 14:52:14+07:00,648.9010989010989,29.793755850310102,,,,,,,25.495097567963924,25.6181992894009,0.045914170743068916,0.039289650782128996,650.0,29.651999999999997,0.04561846153846153,40.0,1.1686072497226954,620.0,670.0,3.296703296703297,35.16483516483517,590.0,730.0,6.066666666666666,46.875,,,0.05080424633141034,0.10117852496395606,0.003058779673210193,0.1550415509685766,0.5021247972285512,0.3276814893428614,0.6525897369567893,-2.2908687485606856,18.114802439323768,37.61963853488801,0.4815251593266722,2140.9084338171915,2.07673468484663,4.03756820297397,312.5040327071792,0.5384615384615384,0.4666666666666667,0.6857142857142857,0.13043478260869565,52.48618784530387,52.44195116271661,52.530674571446255,42.66666666666667,0.4837606837606838,0.5162393162393164,12.609074670448415,13.025472020173186,0.6143622680641748,0.3856377319358253,29.486748518417144,23.361696541716633,0.5897492144058538,0.41025078559414624,22.67660801611784,18.913378686204766,1.047296120258454,0.6664719491638946,1.1507182737907498,1.2928431769445194,0.25043534847975657,-0.5395035895770759,-0.28675036011332683,0.0001513985123495583,0.029913365750958175,0.4772635451541092,2.4203681286504293,3.5062493707490545,1.3523357650128438,1.6421419894279248,0.7499682783883775,1.1161723746110808,1.5893989762831504,1.814016778138665,2.648180742871664,1.1442276290459246,92.46401354784082
152,2025-05-23 14:52:15+07:00,650.989010989011,31.729934868965092,,,,,,,25.254262566501083,25.386893902611874,0.04874112209783631,0.03879368490127614,650.0,29.651999999999997,0.04561846153846153,40.0,1.2564189821584324,620.0,680.0,3.296703296703297,35.16483516483517,590.0,740.0,6.5,46.875,,,0.03436692162808275,0.08665297686012849,0.0028445411647628803,0.12386443965297411,0.39660405070164356,0.27745591651943957,0.6995791294329555,-2.445843908417814,17.95124483180027,40.17937309704956,0.44677762364387064,2265.9357907499234,2.238249963917411,4.062217709170508,359.7259215387815,0.5494505494505495,0.47297297297297297,0.6857142857142857,0.125,51.685393258426956,51.55334133912996,51.82680928603912,43.24324324324324,0.4738675958188155,0.5261324041811848,12.36159329391017,13.025472020173186,0.6357491957436279,0.364250804256372,32.036573980522455,24.24953504837612,0.6087971020097718,0.3912028979902282,24.28117646628282,19.46410634232582,1.034879903801777,0.8781128561545677,1.1900311821439449,1.3725835091764784,-0.001344563727457171,-0.7964966492686765,-0.2921083540082004,0.0002495144716193628,0.05300441787817375,0.4522708720599402,2.3513752571634776,3.585759903266095,1.2969874473366876,1.5702082309370082,0.7384694664738856,1.104673562696589,1.6539789137590601,1.8104615014582717,2.969679986372855,1.001199175415184,92.16745442268736
153,2025-05-23 14:52:16+07:00,651.0989010989011,31.70876322794166,,,,,,,25.342103744997615,25.48309762703827,0.048700378966121366,0.03892204963366722,650.0,29.651999999999997,0.04561846153846153,40.0,1.2512285304727626,620.0,680.0,3.296703296703297,35.16483516483517,590.0,730.0,6.5,46.875,,,0.035397996700711136,0.09215101731456034,0.0029863951162668566,0.13053540913153833,0.3841302866997006,0.2711754376549368,0.7059465161801525,-2.384326555159903,18.019271137717578,40.89174527286252,0.44065791316752434,2314.849388437603,2.2693340346751727,4.071492849636152,371.1881171398981,0.5494505494505495,0.48,0.6944444444444444,0.13043478260869565,50.555555555555564,50.52941509003145,50.58236471847093,44.0,0.46193771626297575,0.5380622837370242,12.247448713915889,13.218135311896132,0.5981319715092057,0.4018680284907943,31.625263688557386,25.922529353631514,0.5759846950258832,0.42401530497411666,23.98079756149476,20.57542987659654,1.2096599821973122,0.8149932942240738,1.2677482359129195,1.6057330959685814,-0.1029826908796494,-1.080135624198114,-0.08529123803718504,0.0004608705752616586,0.057530640076555326,0.43686760138083036,2.327277705584417,3.575907189505218,1.292600091741773,1.614138984415795,0.7344532078773756,1.1006573041000787,1.6332289068609922,1.8134507897923091,2.991740770770718,1.001199175415184,92.15189873417721
154,2025-05-23 14:52:17+07:00,651.4444444444445,32.621806696745054,,,,,,,24.6321248176788,24.734545736863428,0.05007611466326206,0.03781155097375221,650.0,29.651999999999997,0.04561846153846153,40.0,1.324360238436757,620.0,680.0,2.2222222222222223,33.33333333333333,590.0,730.0,6.428571428571429,62.5,,,0.046012136534292834,0.09276739145731513,0.002489520522749868,0.14126904851435784,0.49599472197581734,0.3257057155702185,0.6566717368942054,-2.3776600860984547,17.489965020104936,41.97894554719474,0.4166365970398632,2306.589650744923,2.4001732135507083,4.069940449056592,403.02696254192233,0.5555555555555556,0.4864864864864865,0.6944444444444444,0.18181818181818182,53.44827586206896,53.429571461877636,53.46918659383927,41.891891891891895,0.49814814814814823,0.5018518518518519,12.362884335417405,12.408757904289724,0.6245193795761209,0.3754806204238788,33.17450758724218,25.72321744258194,0.60577986602943,0.39422013397057015,25.03386568977011,20.19481602200952,1.1651736620799944,0.7261121481659512,1.3000465569187347,1.4120464636014507,0.4060724686784214,-0.3269510632202035,-0.34575398309254196,0.00025996089720122043,0.04026941797287511,0.47309724508148454,2.639057329615259,3.592735930151319,1.257458187481344,1.643847022983515,0.8330511275438011,0.9344174045708422,1.6064833928558646,1.7888882188260047,2.3692606375924328,1.009843814984616,92.10301893228721
155,2025-05-23 14:52:18+07:00,654.0,34.14443873647967,,,,,,,25.01684825531013,25.146150939020632,0.05220862192122274,0.03825206155246197,650.0,29.651999999999997,0.04561846153846153,40.0,1.3648577305989014,628.0,680.0,2.2222222222222223,35.55555555555556,590.0,750.0,6.428571428571429,46.875,,,0.04959350570651782,0.10121540516497105,0.0024911122334343528,0.15330002310492322,0.4899798170612995,0.32350618546596377,0.66024390026149,-2.290504308763507,17.78101384972196,44.763023738100316,0.39722548578834144,2500.49395130325,2.5174618340899766,4.104995918288069,450.7568153565247,0.5666666666666667,0.5,0.7297297297297297,0.17391304347826086,51.9774011299435,51.93081177020454,52.021901931944505,43.24324324324324,0.48473967684021546,0.5152603231597845,12.385842357671555,12.769815261709223,0.600102882175834,0.399897117824166,34.676261684808594,28.306980936588907,0.5843672796419626,0.4156327203580373,26.03701418502528,21.958521712112013,1.1940208698559276,1.0770735916583112,1.2122551940741122,1.6819633810043304,-0.47425783951269906,-1.3730692701511935,-0.0639033483245706,0.0004968584424757141,0.08578491115970573,0.4360653701825594,2.5649493574615367,3.648896862512353,1.230538002117114,1.454077914927628,0.7740651498568955,1.1916528060220182,1.6965323616641448,1.7807823102873075,2.6243474300110106,1.009843814984616,91.74311926605505
156,2025-05-23 14:52:19+07:00,654.5555555555555,34.287650055334844,,,,,,,24.904311255305245,25.045413298101657,0.05238310142556673,0.038047666151374504,650.0,29.651999999999997,0.04561846153846153,47.5,1.3767756796739645,628.0,680.0,2.2222222222222223,34.44444444444444,590.0,750.0,6.923076923076923,46.875,,,0.053004375956184624,0.10850484921696661,0.0026099497419703496,0.1641191749151216,0.48849776151660207,0.3229627250051506,0.661134503467268,-2.220960413756404,17.709781580707414,45.27128532270951,0.39119237402839163,2518.7548666966222,2.5562870505431246,4.108156012584423,462.9056017275413,0.5666666666666667,0.5,0.7297297297297297,0.17391304347826086,49.999999999999986,50.002108122674635,49.99787529820138,44.5945945945946,0.4637681159420288,0.536231884057971,12.060453783110543,12.968493288806458,0.590089447486911,0.40991055251308917,34.776169912448395,28.984604206210786,0.5733239558721039,0.42667604412789617,26.027260125049914,22.45316346500544,1.172833620332979,0.6698898555802772,1.2738667003215527,1.330538788117757,0.3661902705572224,-0.16699197754223327,-0.41540088669186753,6.545983377461415e-05,0.023306297203178714,0.4263682216729485,2.512305623976115,3.6660245784394174,1.2391874635260012,1.5825280625741762,0.801363201134015,0.801363201134015,1.71431911423278,1.7754046796177185,2.9620592841395306,1.009843814984616,91.66525207944322
157,2025-05-23 14:52:20+07:00,654.4444444444445,34.154674976079015,,,,,,,24.471951383050392,24.60826903715715,0.05218880726395775,0.03739347409973744,650.0,29.651999999999997,0.04561846153846153,47.5,1.3956661829483288,628.0,680.0,2.2222222222222223,33.33333333333333,590.0,750.0,6.923076923076923,46.875,,,0.05742519721197522,0.11579870879340773,0.002730561574244675,0.17595446757962763,0.4959053327133848,0.32636396223351155,0.6581174686059245,-2.155901864221403,17.40067390943677,45.18772556091691,0.38507523212203226,2470.2244929352637,2.5968951430329725,4.09970653350999,469.3911401354081,0.5777777777777777,0.5068493150684932,0.7297297297297297,0.17391304347826086,50.877192982456144,50.85669678286454,50.89607322948338,43.83561643835616,0.4746716697936211,0.525328330206379,11.989578808281797,12.613124477737824,0.5922935585414308,0.40770644145856916,34.77674951230669,28.853218793178346,0.5771020055606941,0.42289799443930576,26.01126973680565,22.266557253175996,1.1373785177080178,0.6648212561198044,1.248596370732168,1.2462693245398837,0.5513664062620416,0.14576416937573633,-0.5035002584091036,6.731840904566876e-05,0.02349960517499246,0.4263682216729485,2.512305623976115,3.671471522835785,1.2112527974451033,1.4700066167312986,0.801363201134015,0.801363201134015,1.7201358269699638,1.7710287463066654,2.9067762950226057,1.009843814984616,91.68081494057724
158,2025-05-23 14:52:21+07:00,654.0,34.14443873647967,,,,,,,24.99438139109659,25.13497780574312,0.05220862192122274,0.038217708549077356,650.0,29.651999999999997,0.04561846153846153,47.5,1.3660845692561323,628.0,680.0,2.2222222222222223,34.44444444444444,590.0,750.0,6.923076923076923,46.875,,,0.05654259962678931,0.11163523152207108,0.0026564604138745477,0.17083429156273494,0.506494221007733,0.33097921447477857,0.6534708605682696,-2.1925185842137807,17.773113251414326,45.11646488226811,0.3939385166323082,2519.117610418855,2.5384671916541066,4.108218553904355,458.106663628209,0.5666666666666667,0.5,0.7222222222222222,0.16666666666666666,49.42528735632183,49.41230496744694,49.43925894503501,44.44444444444444,0.4532374100719425,0.5467625899280575,11.965860528261983,13.142574813455417,0.5873106020560487,0.4126893979439513,34.57554093425014,28.983225710347085,0.5692979886174958,0.430702011382504,25.871314704492942,22.5028292143921,1.2346725472339743,0.9812596977477845,1.3733938408068043,1.5951230073870537,-0.2233830611857286,-0.9147228607253455,-0.2740362035767202,0.0002405389302848643,0.05959548211440849,0.4320704104229689,2.2512917986064953,3.641536833398437,1.2539967125933824,1.3968740528354364,0.7361097447916102,0.7361097447916102,1.6839004654627718,1.7674713125645838,2.7501099275791248,0.9377121139142864,91.74311926605505
159,2025-05-23 14:52:22+07:00,653.6666666666666,34.32986055670335,,,,,,,25.19586197521643,25.338363925374285,0.05251890957170324,0.038545428824910404,650.0,29.651999999999997,0.04561846153846153,47.5,1.3625197895778067,620.0,680.0,2.2222222222222223,35.55555555555556,590.0,750.0,6.923076923076923,46.875,,,0.052496656962978554,0.09662133836720489,0.002439638687712178,0.15155763401789563,0.5433236368913402,0.3463808161374428,0.637522081901833,-2.336955668086724,17.91692895580474,45.41180319316049,0.39454343796027075,2556.125608668815,2.5345751666023064,4.114552301314896,460.3985145760636,0.5666666666666667,0.5068493150684932,0.7297297297297297,0.16666666666666666,49.717514124293785,49.719194316463295,49.716548931243345,45.20547945205479,0.46017699115044247,0.5398230088495575,12.154310870109942,13.164173143249617,0.583722314119498,0.41627768588050185,34.695399680247554,29.29950699725541,0.5670808455247827,0.43291915447521717,25.995172933637072,22.71295406621157,1.2139006965310126,0.863594728396039,1.3326902130928417,1.588138785577405,-0.17235860946394155,-1.0564187584502531,-0.20420318225076506,0.0002764405871734878,0.05315669533128961,0.45352594418571535,2.302585092994046,3.6459391710794096,1.270866029190914,1.4218493494308717,0.7489330683884978,0.7489330683884978,1.6499263978186975,1.7520463497200363,2.9731754832562403,0.8655804128439567,91.78990311065783
160,2025-05-23 14:52:23+07:00,654.0,34.56958460518843,,,,,,,25.506112948718958,25.650375773539846,0.05285869205686305,0.03900017270446324,650.0,29.651999999999997,0.04561846153846153,50.0,1.3553450764799773,620.0,680.0,2.2222222222222223,35.55555555555556,590.0,750.0,6.923076923076923,46.875,,,0.04804298743773169,0.0840114327461747,0.0022365087784669713,0.13429092896237338,0.571862493797539,0.35775303521202634,0.6255927589101244,-2.4768023852790217,18.137554649453158,45.44932298905488,0.39907205336856283,2589.7391670036304,2.50581315218395,4.120226135033233,455.5500452153203,0.5444444444444444,0.4864864864864865,0.6944444444444444,0.17391304347826086,50.27624309392266,50.26692703148049,50.28532471477051,45.94594594594595,0.4749568221070811,0.5250431778929189,12.499999999999998,13.142574813455417,0.5828123071631931,0.41718769283680684,34.69698796385132,29.355748779409268,0.5679949125425884,0.43200508745741156,26.07806524422051,22.742990778776893,1.1743908628985356,0.6534053433088856,1.270587433015272,1.2627160971236226,0.5267771155018597,0.1795242717829204,-0.5120466353271438,4.1493508480156036e-05,0.020244588720036042,0.4379496030495371,2.302585092994046,3.665655143421824,1.2555754425271095,1.6225114834851944,0.7489330683884978,0.850299345415539,1.6572701238707863,1.7654075483239124,3.017846756965471,0.8655804128439567,91.74311926605505
161,2025-05-23 14:52:24+07:00,655.6666666666666,37.08629475192913,,,,,,,25.877846149714905,25.989115345570198,0.056562727125463855,0.039467991077348615,650.0,37.065,0.05702307692307692,50.0,1.4331291150495424,620.0,680.0,2.2222222222222223,37.77777777777778,590.0,760.0,6.923076923076923,46.875,,,0.042801418351809895,0.09271645151709118,0.003361022753354541,0.1388788926222556,0.46163779622130985,0.3081923937010921,0.6676065006456797,-2.378209351637574,18.377079697892047,48.12919920525291,0.38182807944758695,2778.6574278122293,2.61897972890511,4.150805117199195,504.1975883479731,0.5444444444444444,0.4864864864864865,0.6944444444444444,0.17391304347826086,53.2608695652174,53.081712007679606,53.44935149244057,43.24324324324324,0.5033557046979864,0.4966442953020132,13.055824196677337,12.968493288806458,0.628968663166478,0.3710313368335221,38.170086128920815,29.316622265357985,0.6129474897519945,0.3870525102480053,28.525515074611526,22.66766594988886,1.1160459856248968,0.9887376954518521,1.2613606290317334,1.377099258992414,-0.04555454664409808,-0.44670010605663,-0.38294303889386133,0.00012427327982707256,0.05046020284289083,0.4379496030495371,2.302585092994046,3.723212709328112,1.2160478015368388,1.5047067492381512,0.7489330683884978,0.7489330683884978,1.65758769128376,1.7826946540668038,2.5523813457099824,0.8655804128439567,91.50991357397052
162,2025-05-23 14:52:25+07:00,657.0,38.67031495122539,,,,,,,25.834390458013107,25.932555723912962,0.0588589268664009,0.039321751077645524,650.0,44.477999999999994,0.0684276923076923,50.0,1.4968541647643534,620.0,682.0,2.2222222222222223,36.666666666666664,590.0,770.0,7.5,46.875,,,0.036549097542714334,0.05300907272468295,0.001774857123594886,0.09133302739099218,0.6894875851260788,0.40017394130876066,0.5803932513673693,-2.937292196595652,18.33708600587687,50.333032872671104,0.36431514175322427,2899.567976942709,2.7448763045851354,4.169303404685983,552.6317970803984,0.5333333333333333,0.47297297297297297,0.6857142857142857,0.18181818181818182,53.80434782608696,53.601909638983635,54.019984871709205,41.891891891891895,0.5033670033670031,0.49663299663299654,13.034046326308788,12.94656851693283,0.6621008937425111,0.3378991062574887,40.955778649936846,29.258133797950368,0.6434403959693478,0.35655960403065223,30.391299482409323,22.62357210634963,1.2353722664132478,1.0932600849628535,1.3919467799857952,1.6606756831416511,-0.4165786837095844,-1.1529424295928417,-0.25419490123890626,0.0003098504844229779,0.07629092187467927,0.4379496030495371,2.302585092994046,3.757503446296783,1.1838550002517112,1.7023365539772017,0.7489330683884978,0.7489330683884978,1.6915000505021882,1.7771108575387633,2.3466829083729412,0.8655804128439567,91.32420091324201
163,2025-05-23 14:52:26+07:00,657.6404494382023,38.75982197838001,,,,,,,28.042176027613056,28.201951213464007,0.058937709825317285,0.04264058886823103,650.0,44.477999999999994,0.0684276923076923,50.0,1.3821973708535784,620.0,684.0,3.3707865168539324,38.20224719101123,590.0,770.0,7.416666666666667,62.5,,,0.03792344239462382,0.07222743773227083,0.0022796133757726714,0.11243049350266733,0.5250559009887157,0.3373056651550152,0.6424185777549513,-2.6279352812815144,19.94179094573258,51.371727014653985,0.38818611140022813,3218.3865004304744,2.5760839211709423,4.214608307874222,529.3515198609323,0.5393258426966292,0.4794520547945205,0.6857142857142857,0.17391304347826086,50.520833333333336,50.53227542383877,50.506571100044305,43.83561643835616,0.4291907514450868,0.5708092485549133,13.06482511067078,15.066900618669836,0.6352815807921329,0.3647184192078673,40.94560551106561,31.02437309278502,0.6082914065426515,0.39170859345734826,30.391053501320254,24.38773482770793,1.236375058216225,0.5904592821018628,1.3079703614112406,1.4290397759588949,0.21293286434936398,-0.525076549985406,-0.29495721683520243,4.817419498614656e-05,0.018148932812810718,0.40160330255920584,2.1972245773362196,3.766456281535873,1.213096192473997,1.2120663987616744,0.7225929394740412,0.7225929394740412,1.7070311784586398,1.8006750135853453,2.626392036960267,0.945893647219811,91.23526396719632
164,2025-05-23 14:52:27+07:00,658.4444444444445,38.85759397130054,,,,,,,27.964664702265114,28.11493265512559,0.05901423316599812,0.04247080363151975,650.0,44.477999999999994,0.0684276923076923,50.0,1.3895247586556296,620.0,690.0,3.3333333333333335,37.77777777777778,590.0,770.0,8.181818181818182,46.875,,,0.03188558321166436,0.03851759563479003,0.0016094156779190877,0.07201259452437347,0.8278186290232646,0.4427778699304096,0.5348730439333541,-3.2566401126194933,19.88025953304241,51.333842950567664,0.3872739384071881,3206.0899299133775,2.582151549140853,4.212945809987833,530.2070483926462,0.5333333333333333,0.47297297297297297,0.6857142857142857,0.13043478260869565,51.54639175257733,51.54184653805384,51.54586426689416,41.891891891891895,0.43390804597701155,0.5660919540229885,13.099271319081419,14.962073264211623,0.6390372267433435,0.3609627732566565,41.036173452793435,30.841463979937714,0.6122706505727706,0.3877293494272292,30.459468484681885,24.239013354398644,1.1081693557179173,0.6437805514328749,1.2149192855455688,1.2076383740496603,0.5011254605661986,0.0685261638531438,-0.5113096170421788,3.583087595845931e-05,0.020358218689114766,0.43430865104304184,2.512305623976115,3.7796871793363143,1.2092521141286734,1.6431349254610077,0.801363201134015,0.801363201134015,1.6836467402992372,1.8043152737033326,2.5136176703771946,0.9377121139142864,91.1238609517381
165,2025-05-23 14:52:28+07:00,659.7752808988764,39.91404196092943,,,,,,,28.123105996832763,28.238978671429205,0.060496419184651214,0.04262527986577173,650.0,44.477999999999994,0.0684276923076923,50.0,1.4192615127726138,620.0,690.0,3.3707865168539324,38.20224719101123,590.0,770.0,8.090909090909092,62.5,,,0.031665360635996065,0.03539842669052861,0.001573878477148761,0.06863766580367345,0.894541469676917,0.46134087261314405,0.5157288826193461,-3.34108790360044,19.967973312349873,52.036630053200284,0.3837291786946113,3264.3222383830534,2.606004587406798,4.220763133647772,542.4307865273215,0.5168539325842697,0.4594594594594595,0.6470588235294118,0.13043478260869565,53.60824742268042,53.606848438423924,53.60991196761397,40.54054054054054,0.45689655172413796,0.5431034482758621,13.518824678560453,14.739110533215522,0.6564585973574927,0.3435414026425073,42.1611874103772,30.49992038416947,0.6307733733648062,0.36922662663519384,31.307541779438736,23.952938470582488,1.1631377972457,0.7857841967851602,1.2652444264827887,1.4745506691891501,-0.11738844403962112,-0.9256654474881643,-0.23363393720224246,0.00013973148996379171,0.03748569063974821,0.41367637875776175,2.456735772821304,3.8401097260520936,1.1944053039631777,1.5620765369087695,0.7874707383453123,0.7874707383453123,1.7010767987131252,1.7919191548903537,2.1918805261084415,0.945893647219811,90.9400544959128
166,2025-05-23 14:52:29+07:00,661.2359550561798,40.08003994052801,,,,,,,28.143302125824796,28.265562196241426,0.06061382420912477,0.042561663367857376,650.0,44.477999999999994,0.0684276923076923,50.0,1.4241413378336243,626.0,694.0,3.3707865168539324,38.20224719101123,590.0,770.0,8.090909090909092,62.5,,,0.0289943099993661,0.05063764639846651,0.0017562112590671286,0.08138816765689973,0.57258407650329,0.35624723880742254,0.6221745476803799,-2.9830599793498003,19.986770703012436,52.45681659332311,0.3810137938404067,3293.7788317870877,2.624576895026706,4.224664544091462,550.7077952699574,0.5168539325842697,0.4666666666666667,0.6571428571428571,0.13043478260869565,53.333333333333336,53.35764881582081,53.30762620286209,41.333333333333336,0.45624103299856533,0.5437589670014348,13.518824678560453,14.758593833899722,0.6283362340507292,0.37166376594927086,41.58129240920462,31.97989569535461,0.6064673910893915,0.3935326089106085,30.917329275904745,24.90511815510803,1.2908394123953806,0.550852493336766,1.3289090999210353,1.4905490574329425,0.06556922267332332,-0.709137260790583,-0.20656399042004897,5.973726859250362e-05,0.015544450811431213,0.41367637875776175,2.456735772821304,3.840109726052095,1.196819656166329,1.0742866365642632,0.7874707383453123,0.7874707383453123,1.6976713043922005,1.7896842703938056,2.197411349952558,0.8731325974336717,90.73916737468139
167,2025-05-23 14:52:30+07:00,664.1573033707865,41.06007208856658,,,,,,,28.062430400804562,28.21746237462033,0.061822811975679674,0.042252686612613874,660.0,44.477999999999994,0.06739090909090908,60.0,1.4631687812538634,630.0,700.0,3.3707865168539324,39.325842696629216,590.0,770.0,8.090909090909092,62.5,,,0.030761918785695147,0.031683773241303635,0.001615858780703917,0.0640615508077027,0.9709045242626992,0.4801931641966488,0.4945833006199095,-3.4519506142892,19.95275899297029,54.551402714687555,0.36576069541834455,3419.469637415406,2.73402804764529,4.24092886180581,596.5802602413967,0.5280898876404494,0.48,0.6666666666666666,0.08695652173913043,51.28205128205128,51.24529140951969,51.315384471461854,42.66666666666667,0.43001443001443007,0.56998556998557,13.086801282822778,15.066900618669836,0.606687535525158,0.39331246447484225,42.49016901017295,34.211709627362374,0.5858333881741306,0.41416661182586956,31.43786594482165,26.433431198766392,1.1842924544027011,0.6851970357805719,1.3020787950511352,1.236715633639367,0.5783916528527744,0.3417692896690303,-0.5953932343523742,3.5158051015315566e-05,0.02250851756484152,0.3979230337450357,2.427748235948052,3.89280586016325,1.1692575293677427,1.2843104825297615,0.7802238541269993,0.7802238541269993,1.6974160873703255,1.7832361025253645,2.9711795154682212,0.8731325974336717,90.34004398578921
168,2025-05-23 14:52:31+07:00,664.3181818181819,41.3228236883173,,,,,,,28.527059144753704,28.691503137901577,0.06220336100875679,0.04294186118266038,655.0,37.065,0.05658778625954198,60.0,1.448548323142409,630.0,700.0,3.4090909090909087,40.909090909090914,590.0,770.0,8.0,62.5,,,0.03280447940143739,0.03340892447658203,0.0014639570118022578,0.06767736088982167,0.9819076763285712,0.48471865584183876,0.4936499301586472,-3.398932214793352,20.287956431245313,55.137552471936615,0.3679517048126371,3514.274330864677,2.717747973227098,4.252805770288529,599.399885917234,0.5113636363636364,0.4666666666666667,0.6571428571428571,0.08695652173913043,50.505050505050505,50.5148355984347,50.49254558143146,42.66666666666667,0.42090395480226,0.5790960451977402,13.162667433065698,15.439303514836922,0.6001437236398859,0.39985627636011417,42.71447947636673,34.86578459835096,0.5787692031890985,0.42123079681090136,31.605241423618672,26.962891431390133,1.279562707579246,0.7536160235017757,1.3847674961799576,1.6047980554970742,-0.08458516714970976,-0.9755718877933228,-0.20803359740851088,0.0001602191029652236,0.03762256045462056,0.38655529241655273,2.3978952727983707,3.8749906170182915,1.1649907794816456,0.0,0.772760613339579,0.772760613339579,1.6846169136385345,1.7842137869474097,2.8345319282284414,0.8808315843596315,90.31816626753334
169,2025-05-23 14:52:32+07:00,664.8314606741573,41.15139342472781,,,,,,,28.38453484173764,28.545139233794217,0.06189748208214932,0.04269433160241085,660.0,44.477999999999994,0.06739090909090908,60.0,1.449782201969268,630.0,700.0,3.3707865168539324,40.44943820224719,590.0,770.0,8.090909090909092,62.5,,,0.033164723686334725,0.034954600233681354,0.001866390484439383,0.06998571440445546,0.9487942492438535,0.47387847603686645,0.49945336031971777,-3.353705195682604,20.184461522130057,54.80890856129367,0.36826972205727204,3475.5072146474613,2.7154010772693487,4.247988304340559,595.3126774051761,0.5168539325842697,0.47368421052631576,0.6666666666666666,0.08695652173913043,50.753768844221106,50.79444679424013,50.71098415217028,42.10526315789473,0.4217207334273624,0.5782792665726375,13.108740613032591,15.35031543350318,0.6020122141025451,0.397987785897455,42.52592854822304,34.576897761246286,0.5804780320767164,0.41952196792328356,31.46659879418446,26.750645251093705,1.190596186788852,0.676870832013452,1.260688891689258,1.3815659390021984,0.08052409480444211,-0.5228936199795644,-0.32141785168467996,4.272892215914e-05,0.02090703669600386,0.3979230337450357,2.427748235948052,3.8797733341471923,1.1796009754856003,1.0548769262940267,0.7511982962713146,0.7511982962713146,1.6787045902907292,1.7784499861574838,2.4559064478683634,0.945893647219811,90.24843670779113
170,2025-05-23 14:52:33+07:00,665.0,41.41186458897537,,,,,,,28.827668701416364,28.992712631379316,0.062273480584925364,0.043349877746490774,660.0,44.477999999999994,0.06739090909090908,60.0,1.4365318617297942,630.0,700.0,3.4090909090909087,42.04545454545455,590.0,770.0,8.0,62.5,,,0.03523570817544548,0.03814017199150023,0.0017557329205723437,0.07513161308751806,0.9238476476534498,0.4689864456177814,0.5076447905766663,-3.2664871693417874,20.500943706641184,54.98195373545544,0.3728667738014742,3541.146496973368,2.6819230627731687,4.2561140038227245,589.8294790377813,0.5227272727272727,0.48,0.6944444444444444,0.08695652173913043,49.253731343283576,49.22051995190173,49.28598595334206,44.0,0.4107883817427386,0.5892116182572613,13.140563861746996,15.73767513340681,0.5946734533892296,0.4053265466107704,42.39937393851482,35.004404382730925,0.572225674301506,0.42777432569849405,31.38774704389167,27.138374534912764,1.1544427208270858,0.9479144103176615,1.2763470601752247,1.41467332606027,-0.16316666728436147,-0.6201906143910092,-0.35407304248208454,7.455116862667406e-05,0.04275687295366088,0.38072622986608096,2.740840023925201,3.8854415776835647,1.1978998232662303,0.9598630781483276,0.8584968011212866,0.8584968011212866,1.6998273106474915,1.7778667602912714,2.7107019059752435,1.0276368484195701,90.22556390977444
171,2025-05-23 14:52:34+07:00,665.056179775281,41.262011901374024,,,,,,,28.978832400093818,29.14467748501138,0.062042896759964314,0.04357351045123078,660.0,44.477999999999994,0.06739090909090908,60.0,1.4238673018875818,630.0,700.0,3.3707865168539324,42.69662921348314,590.0,770.0,7.416666666666667,93.75,,,0.034781910438175724,0.040931091213672256,0.002213606719864999,0.07792660837171297,0.8497674849811354,0.44634189996136686,0.5252517986979408,-3.1958653283476917,20.608399085146438,54.92413072449278,0.3752157533183563,3555.9637149364166,2.66513330305601,4.257927430740482,585.52051974099,0.5168539325842697,0.47368421052631576,0.6944444444444444,0.08333333333333333,50.24390243902439,50.25143332430847,50.23458854288025,43.42105263157895,0.4235453315290934,0.5764546684709067,13.412123525798005,15.646967316604725,0.5990430122213628,0.4009569877786374,42.51010673501538,34.7785991842508,0.5773841892162566,0.42261581078374344,31.519789276688257,26.966447183728775,1.2108425882403104,0.9914551695576668,1.3695084697870876,1.5224035605558872,-0.06015450881267981,-0.6118395123343117,-0.34578718689115007,0.000201110221981775,0.05784423926434785,0.3764047600298026,2.7408400239252013,3.878297656085316,1.200815051440815,0.0,0.8584968011212867,0.8584968011212867,1.7118306276595099,1.7716513610224702,3.0731691651386135,0.945893647219811,90.21794221996957
172,2025-05-23 14:52:35+07:00,665.3409090909091,41.465921851878846,,,,,,,28.94703844062046,29.10910997173735,0.06232282020436103,0.043507077417157994,665.0,51.891,0.07803157894736842,60.0,1.4324754477712316,630.0,700.0,3.4090909090909087,43.18181818181818,590.0,770.0,7.333333333333333,93.75,,,0.03534832095737295,0.043506407562324996,0.002109843520412316,0.08096457204011025,0.8124854001501917,0.43658998086053263,0.5373511705931294,-3.134847051451787,20.58324905532043,55.117550742872076,0.37344273789201893,3564.1314439248786,2.677786708732706,4.258923822251038,590.3721791886534,0.5,0.46052631578947373,0.6571428571428571,0.08695652173913043,51.231527093596064,51.27116620489305,51.188050599291415,42.10526315789473,0.42798353909465014,0.5720164609053497,13.468309056344426,15.570544642533099,0.5998066726934641,0.4001933273065358,42.686992425417,34.86782295420044,0.5787698062300629,0.4212301937699371,31.651024242232808,27.001916024891486,1.3035034676088917,1.0037923249448992,1.436846490047305,1.6183564822827141,-0.27882048722897856,-0.7989677425738941,-0.319175752070656,0.00012436465406275306,0.051785355157130744,0.36249790649634406,2.3025850929940455,3.9038838915339995,1.2021906901261115,0.0,0.0,0.0,1.664568384253255,1.7638578331401318,2.4924707782226116,0.8808315843596315,90.1793339026473
173,2025-05-23 14:52:36+07:00,666.8539325842696,41.76763388128251,,,,,,,29.271456776494432,29.43565321596896,0.06263385704185583,0.04389485514925029,670.0,44.477999999999994,0.06638507462686566,70.0,1.426906566359306,630.0,700.0,3.3707865168539324,43.82022471910113,590.0,770.0,7.416666666666667,93.75,,,0.03937831112674062,0.06813464548523562,0.0016759562258255832,0.10918891283780183,0.5779484261831768,0.3606438612062783,0.6240069958975452,-2.6862694509165777,20.814149997667254,55.52141932785697,0.37488504886300866,3630.5223310159477,2.667484347623109,4.266939222369473,592.4100680595105,0.5056179775280899,0.4675324675324675,0.6944444444444444,0.08333333333333333,50.96153846153846,50.95985867591873,50.95939196959671,42.857142857142854,0.43501326259946954,0.5649867374005304,13.729739514150905,15.646967316604725,0.5908329661110311,0.40916703388896886,42.67690531337104,35.514923019109744,0.5716285821488807,0.42837141785111926,31.700346955931522,27.442096706157383,1.2420027423728583,1.013856322640657,1.3545941543466922,1.5714707487440687,-0.43298564915884796,-0.9696712240548093,-0.2860874469545085,0.00012193718329371531,0.05104878348180649,0.3739579542791027,2.140066163496271,3.9154115211187994,1.218585055731363,0.9110358900681363,0.0,0.0,1.6328589261886628,1.7704564933566527,2.9117215729665076,0.8731325974336717,89.97472620050549
174,2025-05-23 14:52:37+07:00,666.5909090909091,42.09694240777582,,,,,,,30.09563301272764,30.2665693992952,0.06315259004235035,0.045148580039550495,670.0,44.477999999999994,0.06638507462686566,70.0,1.3987724527998049,630.0,700.0,4.545454545454546,45.45454545454545,590.0,770.0,7.333333333333333,93.75,,,0.031494026688735834,0.044775784404683945,0.0024083116770205497,0.07867812277044033,0.7033718584155341,0.40028950335566804,0.5691008227957668,-3.106087812379569,21.40169646549488,55.830585377245434,0.3833328330857418,3753.7924318341516,2.6086990565097916,4.281440364341596,582.5807815920381,0.5,0.46052631578947373,0.6857142857142857,0.08695652173913043,49.056603773584904,49.04815136906932,49.0668171213169,44.73684210526316,0.41370558375634514,0.5862944162436546,13.767166873432245,16.389162613226784,0.5906076432064993,0.4093923567935008,42.90636400758542,35.72251658568402,0.567938710610003,0.432061289389997,31.86291697312372,27.79121122205058,1.1393339663934787,1.0497229031889574,1.2817834647459247,1.4554425455929882,-0.24274495948025887,-0.7130545904952523,-0.3345667410709018,0.00015704777214702975,0.05818889798493628,0.3523925511029091,2.0794415416798357,3.901320681429652,1.2268809878719982,1.1830626064317977,0.0,0.0,1.6524085257301133,1.7851091648779736,3.4181013745740647,0.8808315843596315,90.01022843504943
175,2025-05-23 14:52:38+07:00,665.9550561797753,41.96099653042518,,,,,,,29.77185980693239,29.94247358081712,0.06300875132795412,0.044705509074016915,660.0,44.477999999999994,0.06739090909090908,70.0,1.4094180478659428,630.0,700.0,4.49438202247191,43.82022471910113,590.0,770.0,8.090909090909092,93.75,,,0.027782498697337142,0.043001407902408736,0.002781605155181797,0.07356551175492766,0.6460834668573933,0.37765656806535,0.5845321656384502,-3.1465224219080974,21.172526114494826,55.747040256749685,0.37979641640134104,3708.039608170775,2.6329895618163843,4.276114474462873,587.1255003927188,0.5168539325842697,0.47368421052631576,0.6944444444444444,0.08333333333333333,49.99999999999999,50.009874255044515,49.98932606599649,43.42105263157895,0.4192307692307693,0.5807692307692308,13.708794056471874,16.135204603171502,0.5920756011749926,0.40792439882500736,42.89536789307052,35.60505456681402,0.5702865168389248,0.4297134831610751,31.84292402689037,27.64113545326974,1.239312149127347,1.1248579541931916,1.4148442880292311,1.6207515754006008,-0.2728987353065051,-0.8472828435315103,-0.31694818745442627,0.0002802555026509888,0.07672380588919359,0.3541621945898461,1.8870696490323802,3.898573417264118,1.2129254843798758,0.0,0.0,0.0,1.6478913340163517,1.7850060267272716,2.7721114498646,0.8003715476475323,90.09617006917497
176,2025-05-23 14:52:39+07:00,666.5909090909091,41.87793876835264,,,,,,,29.788526681242235,29.957646303399102,0.06282404724880723,0.044687868188702976,665.0,51.891,0.07803157894736842,70.0,1.4058412225779222,630.0,700.0,4.545454545454546,43.18181818181818,590.0,770.0,8.0,93.75,,,0.026792031772836546,0.041305278070055296,0.0026688573037102897,0.07076616714660212,0.6486345819388084,0.3785994473507808,0.5836868059348979,-3.186764988874234,21.18325484952161,55.439484914365586,0.3820968914527661,3689.4510307139135,2.617137229768899,4.273931860384225,580.3709598743897,0.5,0.46052631578947373,0.6857142857142857,0.041666666666666664,50.961538461538446,51.02141009534884,50.90046492671285,42.10526315789473,0.42487046632124364,0.5751295336787565,13.809332873770717,16.066721348293836,0.5978489999397203,0.4021510000602799,42.86619548516133,35.15715819286455,0.5758072721220666,0.4241927278779333,31.845002667535372,27.332812763067615,1.3236169326760847,0.8729129251919128,1.4419931472381793,1.6262954422071423,-0.12537262607462196,-0.7954923784798824,-0.2888652010411651,0.00013655285444407164,0.04298239154655875,0.3422871957094733,1.8870696490323797,3.926444712128289,1.2175818350515712,0.0,0.0,0.0,1.6522806232392773,1.7836698187551,2.431855204623357,0.8074289523296622,90.01022843504943
177,2025-05-23 14:52:40+07:00,667.3863636363636,41.53642130312681,,,,,,,29.633780041368833,29.80467465653641,0.06223744380512786,0.044402735291000466,670.0,44.477999999999994,0.06638507462686566,62.5,1.4016578797960253,630.0,700.0,4.545454545454546,42.04545454545455,590.0,770.0,8.0,93.75,,,0.024767055817853892,0.03823741855930707,0.0027967264815037065,0.06580120085866467,0.647717778841154,0.3763921553810454,0.5811051783300697,-3.2639406993718603,21.075087560695728,55.162271855865896,0.38205619260503004,3652.2576265131283,2.617416022448302,4.269531514592616,577.5304567607697,0.48863636363636365,0.4473684210526316,0.6470588235294118,0.041666666666666664,50.48543689320386,50.50563925602469,50.463058073345344,42.10526315789473,0.4188481675392669,0.5811518324607331,13.639886789409468,16.066721348293836,0.5945049748787256,0.4054950251212747,42.532400125326475,35.12650247148984,0.5721296065982231,0.42787039340177674,31.583631615512317,27.313098604545978,1.231702760859281,1.4105347778992456,1.4581373666254331,1.6285671295622324,-0.4402891170859995,-0.681329934989165,-0.379173654129517,0.0003218331196900397,0.11047172226030282,0.3263527777655666,1.856297990365626,3.926444712128289,1.2102452827212926,0.0,0.0,0.0,1.6669153506368186,1.7750019229781693,2.7517418832785356,0.8074289523296622,89.90294568363699
178,2025-05-23 14:52:41+07:00,667.6136363636364,41.494891478455244,,,,,,,29.55610289586238,29.72384705362799,0.06215405021453722,0.044271269018483224,670.0,44.477999999999994,0.06638507462686566,62.5,1.403936494085768,630.0,700.0,4.545454545454546,42.04545454545455,590.0,770.0,8.0,93.75,,,0.024253013173643,0.036848364814993456,0.0028742285898088514,0.06397560657844531,0.6581842449566322,0.3790978229163729,0.5759752315878537,-3.3009440354156525,21.017933814572128,55.0021262741775,0.38212947822782023,3631.7786530322037,2.6169140487084173,4.267089481557517,575.7433478229178,0.48863636363636365,0.4533333333333333,0.6470588235294118,0.041666666666666664,50.98039215686273,51.02711888651822,50.93123721663405,41.333333333333336,0.4210526315789474,0.5789473684210527,13.639886789409468,15.994184989813393,0.5977695518791225,0.4022304481208776,42.52520087610092,34.88325078211364,0.5752480360233132,0.424751963976687,31.578784184802313,27.135356443358212,1.196201644008075,1.261909870098939,1.3944880838319342,1.7061893629364708,-0.6252460842865482,-1.38088161286327,-0.2529924390875096,0.0004530286565923826,0.10570549937461754,0.3263527777655666,1.824549292051046,3.9225647076931076,1.2013525635323052,0.8321566722068301,0.0,0.0,1.6656541680018024,1.7676625469691671,2.4993253376185973,0.8808315843596315,89.87234042553192
179,2025-05-23 14:52:42+07:00,667.6136363636364,41.494891478455244,,,,,,,29.846349822066173,30.01915097545825,0.06215405021453722,0.04470602186113742,670.0,44.477999999999994,0.06638507462686566,62.5,1.3902836268365724,630.0,700.0,4.545454545454546,43.18181818181818,590.0,770.0,8.0,93.75,,,0.02422551250052926,0.03478349611750011,0.0030270599836538454,0.06203606860168322,0.6964657151970711,0.3905068945628182,0.5606979439789377,-3.358612254190692,21.22674522020929,54.224626116916475,0.39145950355547354,3616.0118588974747,2.554542656181268,4.2651999560586145,554.076481724576,0.48863636363636365,0.4533333333333333,0.6470588235294118,0.041666666666666664,49.758454106280176,49.741488683352394,49.7725925289221,42.66666666666667,0.41161290322580635,0.5883870967741937,13.618557789981644,16.282391687641205,0.5831356006678969,0.41686439933210295,41.40772250684809,35.010149875646704,0.5603436779638414,0.43965632203615856,30.82259398138972,27.30226065168425,1.2107674735120642,1.201940316025758,1.4062299262405662,1.6026702470288332,-0.28479226479259623,-0.7919380573822767,-0.3365639972558694,0.0003414059807823877,0.08844689769033239,0.34830154218952547,1.916922612182061,3.9225647076931076,1.234631433486824,1.0518952944757498,0.0,0.0,1.6394901453013553,1.773807084389061,2.343351642763794,0.8808315843596315,89.87234042553192
180,2025-05-23 14:52:43+07:00,667.1910112359551,41.450648751501184,,,,,,,29.637967050880714,29.807594426176767,0.06212710910885155,0.04442201191526412,670.0,44.477999999999994,0.06638507462686566,70.0,1.3985658557599836,630.0,700.0,4.49438202247191,42.69662921348314,590.0,770.0,8.090909090909092,93.75,,,0.02432042117181462,0.03371512111358505,0.0032129665458627468,0.06124850883126242,0.7213505503919141,0.39707776786560733,0.550464358348202,-3.3898088445260526,21.077152149607922,54.677201784512775,0.3854833726252975,3620.496098765767,2.5941456130509493,4.265738193808367,567.3624925727814,0.4943820224719101,0.46052631578947373,0.6857142857142857,0.04,49.75845410628018,49.750207254083364,49.765358735882266,42.10526315789473,0.4100905562742562,0.5899094437257438,13.497551927885922,16.188544268007586,0.5953227594745003,0.4046772405254996,42.18737696962312,34.782490126603044,0.5713584173870675,0.42864158261293234,31.320589742396805,27.128311640465938,1.2473177807110698,1.0726382695755174,1.4491166209068922,1.520727205356682,0.26338947151340086,-0.08776476052446736,-0.4332388313181024,0.00038245926679881343,0.07651650120255636,0.33840884957712003,1.8870696490323797,3.9164793503364033,1.231036592086136,0.6450542073980813,0.0,0.0,1.6634889683293443,1.7763558483589377,2.5101747425054346,0.945893647219811,89.92926911417985
181,2025-05-23 14:52:44+07:00,667.3863636363636,41.64696503912016,,,,,,,29.633780041368833,29.80467465653641,0.06240308059667247,0.044402735291000466,670.0,44.477999999999994,0.06638507462686566,62.5,1.4053882083548197,630.0,700.0,4.545454545454546,43.18181818181818,590.0,770.0,8.0,93.75,,,0.025549640847880667,0.03259699703685496,0.0032143971215328093,0.06136103500626844,0.7838035147530191,0.416382168998137,0.5312328423652724,-3.423535110286259,21.075087560695728,55.27796639317112,0.38125656451969775,3659.9176854991506,2.6229056574010405,4.270441427832839,579.9555631290925,0.5113636363636364,0.47297297297297297,0.6857142857142857,0.04,49.50980392156862,49.50213629182798,49.517643069378096,43.24324324324324,0.412303664921466,0.587696335078534,13.53290563344476,16.156933856023144,0.5853768180732225,0.41462318192677755,42.29312902943463,35.59416813839239,0.563411045891943,0.436588954108057,31.39942911888787,27.640471387912825,1.2948670973887935,1.2749422212464103,1.5115028018800698,1.8085235778873667,-0.47052291986353545,-1.2218374495682216,-0.2670319712865708,0.0006162015411036929,0.1174330796114656,0.29466922580733357,1.909542504884438,3.949171984855562,1.2220389342400464,0.0,0.0,0.0,1.742756118154945,1.7765489255667732,2.8892774067209386,0.8808315843596315,89.90294568363699
182,2025-05-23 14:52:45+07:00,666.9662921348314,41.59885527222044,,,,,,,29.48420224150862,29.651185304615602,0.06237025133469709,0.04420643530145329,670.0,44.477999999999994,0.06638507462686566,70.0,1.4108862410954603,630.0,700.0,4.49438202247191,42.69662921348314,590.0,770.0,8.090909090909092,93.75,,,0.027057563196233165,0.033485310474451906,0.0034314043423935396,0.06397427801307862,0.8080427749617887,0.42294440885603485,0.5234183411590252,-3.39664842961736,20.966554199112593,55.178476923248695,0.3799770375734786,3634.5164798550654,2.6317379765523947,4.267416752365018,580.8611728289342,0.5168539325842697,0.48,0.6944444444444444,0.08,50.73170731707315,50.7742550758781,50.68742684406685,42.66666666666667,0.423529411764706,0.5764705882352941,13.64576478442026,15.920058915156968,0.584944546213098,0.4150554537869021,42.20141924677423,35.548622042597955,0.564577011315436,0.4354229886845641,31.362132285558413,27.542265747297826,1.2118960142708546,1.08179865800476,1.4064140021650777,1.5970665739572483,-0.0702607464887599,-0.7237867652696579,-0.3237633496941058,0.0004281487317947042,0.08249089901895311,0.29132988747012334,1.9095425048844386,3.942787669328493,1.2234743015361633,0.7905763683449516,0.0,0.0,1.7620011581532489,1.7799520166579696,2.496585451110198,0.8731325974336717,89.95956873315365
183,2025-05-23 14:52:46+07:00,667.3863636363636,41.64696503912016,,,,,,,29.807813524752813,29.980390989645333,0.06240308059667247,0.0446635040043972,670.0,44.477999999999994,0.06638507462686566,62.5,1.3971828227030458,630.0,700.0,4.545454545454546,44.31818181818182,590.0,770.0,8.0,93.75,,,0.03718298994610456,0.029614559067610496,0.0016000010679021394,0.0683975500816172,1.2555645303114331,0.5436304356184537,0.43297689803614503,-3.5194891781835485,21.19933777140228,55.08723125474317,0.3848321523615685,3668.7921831820186,2.5985354754361887,4.27149322203024,572.5844986360293,0.5227272727272727,0.4933333333333333,0.7027027027027027,0.08333333333333333,49.75845410628018,49.753815041973695,49.76222712371602,44.0,0.4178525226390685,0.5821474773609313,13.7036746048065,16.17491598051576,0.579527265950947,0.42047273404905294,41.93608478692348,35.72069204337336,0.5586721609014176,0.44132783909858236,31.196361205519256,27.727204574517252,1.1874702114153757,1.0626471462750477,1.4063900055929879,1.4888967905603672,0.25879378314768253,-0.20835386539259115,-0.4223573081087221,0.00044141016519693186,0.08116990137825641,0.29466922580733357,1.9095425048844386,3.949171984855562,1.2395676754918992,0.8513692704058533,0.0,0.0,1.7420350607832338,1.7822982549296864,2.629884216027302,0.9542342163896008,89.90294568363699
184,2025-05-23 14:52:47+07:00,666.3636363636364,42.45841286961252,,,,,,,29.711254108328298,29.86917925811814,0.06371658138686737,0.044587148047968796,670.0,44.477999999999994,0.06638507462686566,70.0,1.4290346922014003,630.0,700.0,4.545454545454546,43.18181818181818,590.0,770.0,8.0,93.75,,,0.03234110500922857,0.03807448898157408,0.0033535673960938023,0.07376916138689646,0.8494166533628291,0.43840955219227,0.5161301588055902,-3.268210801654759,21.120699201891906,56.10068468125346,0.3764784569367221,3722.428167024608,2.656194482246506,4.277796435737023,596.0573164023862,0.5227272727272727,0.4933333333333333,0.7027027027027027,0.08333333333333333,48.05825242718447,47.966418418872905,48.148362135635715,46.666666666666664,0.4075520833333333,0.5924479166666667,13.489875617886417,16.264528389133517,0.5592569786535305,0.44074302134646975,41.95404770535316,37.24439156225239,0.5404083980442911,0.45959160195570903,31.1618265113672,28.73742843891314,1.1550850759097249,1.3512525131546314,1.3944341367166637,1.6747561275549585,-0.5493233766542893,-1.236402164581098,-0.29254655357949666,0.0005725787649028948,0.12476449581853356,0.30886559011415216,2.5649493574615367,3.9737407697842198,1.2155030807754679,0.9158904115324116,0.0,0.0,1.7562999591688513,1.770190354797247,3.3446068434620537,0.8808315843596315,90.04092769440655
185,2025-05-23 14:52:48+07:00,664.3820224719101,43.89955104812306,,,,,,,29.096235307869456,29.21271927786089,0.06607576599497636,0.04379443501438156,660.0,44.477999999999994,0.06739090909090908,70.0,1.5087708283775754,626.0,700.0,4.49438202247191,41.57303370786517,580.0,770.0,8.9,101.5625,,,0.03147616479940406,0.03902999726199277,0.0037081107538454758,0.0742142728152423,0.8064608508198744,0.42412548968531305,0.5259095829067626,-3.243424767940967,20.65651189827442,57.785172627141904,0.35747080019229677,3749.930987777099,2.7974312851904632,4.280993385181942,646.6001989091933,0.5056179775280899,0.47368421052631576,0.6944444444444444,0.08695652173913043,46.3054187192118,46.20928485519033,46.395191459042465,48.68421052631579,0.3865771812080536,0.6134228187919464,12.865350418053536,16.206285143761956,0.5158696005463573,0.48413039945364267,41.50365871045752,40.206622454447135,0.5011752170931728,0.4988247829068273,30.72516011132771,30.653027316689066,1.3064064222473888,1.1639853039633623,1.479215753798354,1.6747802384781187,-0.326425745083597,-0.7951369182248857,-0.3319871530904479,0.00024866278183661224,0.07674844051012282,0.2896073734441469,2.525728644308255,4.041337752931593,1.1689780883342025,0.0,0.0,0.0,1.7909616516561455,1.7663756185063848,2.3915084743920407,0.8731325974336717,90.30948756976154
186,2025-05-23 14:52:49+07:00,662.0,44.449188261189335,,,,,,,28.24451821130543,28.39015712268003,0.06714378891418328,0.04266543536450971,660.0,44.477999999999994,0.06739090909090908,60.0,1.5737279683318395,620.0,700.0,3.3333333333333335,40.0,580.0,770.0,9.0,101.5625,,,0.029132221986373986,0.03896421673434998,0.0035394433122089134,0.07163588203293288,0.7476660492110361,0.40667080741717043,0.5439203877804857,-3.2451115736633263,20.074872620398608,59.4395212842475,0.3377361086809223,3748.6765890449556,2.960891578651883,4.2808480839518195,703.9759120385111,0.5222222222222223,0.4868421052631579,0.7027027027027027,0.08333333333333333,47.97979797979798,47.85935246057605,48.096213017897234,47.368421052631575,0.40704225352112683,0.5929577464788733,12.814232144554952,15.466238891680982,0.5444973608546131,0.45550263914538713,43.860461052379065,40.11628904538964,0.5304109587443533,0.46958904125564677,32.31056010951997,30.401654496324657,1.2790178308694775,0.9302348792271928,1.4417705920696242,1.5886497612920145,0.03811267036726562,-0.6047832176958501,-0.3421052870599601,0.0002285958577382843,0.055154085977673524,0.30193449646006787,2.5257286443082556,4.048449453630407,1.1441044037987875,0.9446229032009059,0.0,0.0,1.776057312308182,1.7546406110147532,2.986541889806021,0.8655804128439567,90.63444108761328
187,2025-05-23 14:52:50+07:00,661.2359550561798,45.597553381311954,,,,,,,28.08267016571543,28.239903735838134,0.06895806713571391,0.04246996847491373,660.0,44.477999999999994,0.06739090909090908,60.0,1.6236900947182533,620.0,700.0,3.3707865168539324,39.325842696629216,580.0,770.0,8.9,101.5625,,,0.028471773392480127,0.03988371613466757,0.0034146034869232808,0.07177009301407097,0.713869622789036,0.3967080464407098,0.5557149846085349,-3.2217871553143222,19.96862743166646,60.916673992626436,0.3278023260771514,3821.503572882076,3.0506189872631975,4.289204379922884,743.3342492913137,0.5393258426966292,0.5066666666666667,0.7368421052631579,0.08333333333333333,48.969072164948464,48.858033208213676,49.069877453120284,46.666666666666664,0.41642651296829963,0.5835734870317003,12.887666740841356,15.25642883146823,0.5302230200932955,0.4697769799067044,44.3573377516696,41.75245810617904,0.5191789308810297,0.48082106911897005,32.66240473724096,31.432677094052067,1.173966489592778,1.326114888396039,1.4175283824764775,1.5877158541822811,-0.2373624173216946,-0.6598817048989032,-0.37166460975968035,0.0004946525719687649,0.11387404056176814,0.2640466850523824,2.3978952727983707,4.089727321084744,1.1275097614624714,0.8741268903666202,0.0,0.0,1.834900509671724,1.7424747115689552,2.3349514659250743,0.8731325974336717,90.73916737468139
188,2025-05-23 14:52:51+07:00,661.5730337078652,45.3997115630729,,,,,,,28.244066150738153,28.40592458843996,0.06862388466565027,0.04269228749007635,660.0,44.477999999999994,0.06739090909090908,60.0,1.6074070681174348,620.0,700.0,3.3707865168539324,40.44943820224719,580.0,770.0,8.9,101.5625,,,0.025230631624253062,0.03944633281451879,0.0031908228636256045,0.06786778730239745,0.639619194587502,0.37176151790293865,0.5812232044454076,-3.232814193817973,20.086021902359583,61.34401172318836,0.32743248017421334,3870.935891507694,3.0540647631167843,4.294786088773641,749.39433852805,0.5393258426966292,0.5066666666666667,0.7368421052631579,0.13043478260869565,50.0,50.00909283152857,49.989883725398,45.33333333333333,0.4245014245014244,0.5754985754985753,13.086801282822778,15.237582093166123,0.5506414316015603,0.44935856839843974,45.520457371163864,41.1214753506574,0.5384272162991716,0.4615727837008285,33.49161392868399,31.00935054996074,1.3162143428742745,1.4094712498612587,1.548316634702293,1.810149651177202,-0.4495331007406165,-0.9657141860313825,-0.3142331626128007,0.0006522757817186932,0.13440948966566105,0.2640466850523824,2.351375257163478,4.087403657090131,1.1294504210416494,0.862496886457897,0.0,0.0,1.829239524028199,1.7569318775291465,2.6585477316762147,0.8731325974336717,90.69293478260869
189,2025-05-23 14:52:52+07:00,662.3595505617977,45.7021600819846,,,,,,,28.939592256975562,29.10341701454788,0.0689990203103754,0.0436916660028978,660.0,44.477999999999994,0.06739090909090908,70.0,1.579226123027653,620.0,700.0,4.49438202247191,41.57303370786517,580.0,770.0,8.090909090909092,101.5625,,,0.023134500061152335,0.03844078336864806,0.00306166202906473,0.06463694545886513,0.6018217641220239,0.3579145007072635,0.5947184399843234,-3.258636316090606,20.57922352668675,61.41567223631314,0.3350809781500512,3970.617633481403,2.9843532316304575,4.305828176913731,733.1442396447924,0.5280898876404494,0.4933333333333333,0.7027027027027027,0.13636363636363635,50.74626865671642,50.72602923098298,50.76360950450931,45.33333333333333,0.4477611940298509,0.5522388059701493,13.771534860493693,15.294052634178144,0.5508002264577658,0.44919977354223417,45.580204035750306,41.162237503537334,0.5403976320166329,0.459602367983367,33.66905235044804,31.050264429426576,1.3598744409873285,1.1689189998920764,1.5802002757245988,1.743342531900212,0.003064271451687972,-0.5407171171808303,-0.3604332240380421,0.0005315365541769714,0.09813717877481767,0.2640466850523824,2.3978952727983707,4.087921833102486,1.1343309674684492,0.0,0.0,0.0,1.8208364355226136,1.7619202260499185,3.0321585192758502,0.8003715476475323,90.5852417302799
190,2025-05-23 14:52:53+07:00,663.370786516854,46.34220097729299,,,,,,,28.860951915252993,29.015318621954545,0.06985867017240982,0.04350651626791186,660.0,59.303999999999995,0.08985454545454545,70.0,1.6057059071846196,620.0,710.0,4.49438202247191,41.57303370786517,580.0,770.0,8.9,101.5625,,,0.019318108863498024,0.03535247172569477,0.002851173422502257,0.05752175401169505,0.5464429478478954,0.33584005208829965,0.6145930758388743,-3.342386967565004,20.516928555872372,62.323889812649774,0.32919846013379106,4017.138172930906,3.037681280749568,4.310886879883509,757.2804537095396,0.550561797752809,0.5135135135135135,0.7368421052631579,0.13043478260869565,51.75879396984925,51.72812426300698,51.78356040508045,43.24324324324324,0.45156889495225105,0.5484311050477488,13.792385038762195,15.199818510713232,0.5554962177957796,0.4445037822042205,46.451003880371125,41.552033402531066,0.5453276992641785,0.4546723007358215,34.263140884569566,31.285827163778794,1.2055759475078964,1.5951340533039229,1.4758357023491915,1.6901542081815428,-0.49330079657540793,-0.7372435044387426,-0.3656423230458632,0.0006832963474611183,0.16051563989147805,0.2955533750778345,2.4423470353692047,4.098419949127728,1.1078012674056168,0.0,0.0,0.0,1.76845793859357,1.7363711484908935,2.6827450143449676,0.8003715476475323,90.4471544715447
191,2025-05-23 14:52:54+07:00,663.2584269662922,46.14146431698531,,,,,,,29.348997195196233,29.51630263451236,0.06956785234985079,0.044249716252286374,660.0,59.303999999999995,0.08985454545454545,70.0,1.5721649366792545,620.0,710.0,5.617977528089887,41.57303370786517,580.0,770.0,8.9,101.5625,,,0.017869359221161844,0.033400614129813225,0.002748086440426038,0.054018059791401105,0.5350009179984431,0.33080342556113773,0.6183230989560665,-3.399180992048367,20.871177748418045,61.99487625034601,0.336659721105606,4064.9258407420516,2.97035830932181,4.3160227368290744,736.5879832223704,0.5393258426966292,0.5068493150684932,0.7297297297297297,0.13043478260869565,50.5,50.542350918951826,50.45684417177599,43.83561643835616,0.42612137203166234,0.5738786279683378,13.624690231636311,15.811388300841895,0.5491582857750174,0.45084171422498254,45.9414361985844,41.62630323854275,0.5366322566322567,0.46336774336774317,33.88397662536562,31.486101071005237,1.201713102998999,1.4834753807518335,1.4691024585476642,1.7833507823365837,-0.6108311774806943,-1.2892258965144001,-0.2881674830156893,0.0008575236412977047,0.16045904180247272,0.30149937671152216,2.5257286443082556,4.073916471966109,1.1354103123855517,0.9060852332440914,0.0,0.0,1.7473004570093782,1.740831488037648,2.372639937680107,0.8003715476475323,90.46247670675926
192,2025-05-23 14:52:55+07:00,663.7078651685393,45.90954600852514,,,,,,,29.03759318851716,29.2031045715078,0.06917131529979241,0.04375056363260584,660.0,44.477999999999994,0.06739090909090908,70.0,1.581038266858837,620.0,710.0,5.617977528089887,39.325842696629216,580.0,770.0,8.9,101.5625,,,0.015213095016977533,0.027822654204642156,0.0024586261852443136,0.045494375406864004,0.5467880564191197,0.3343950736970057,0.611562505382685,-3.58190469068827,20.64971327421303,61.92066923892914,0.3334865970930218,4016.978802829223,2.9986212600953883,4.3108696499736245,742.7065408767498,0.550561797752809,0.5205479452054794,0.7631578947368421,0.13043478260869565,49.489795918367335,49.49942893644394,49.48122932336172,43.83561643835616,0.41374663072776274,0.5862533692722373,13.282950786974833,15.811388300841895,0.5480770421903608,0.45192295780963904,45.841249521470836,41.62630323854275,0.5346321408027397,0.4653678591972601,33.74801430676289,31.486101071005237,1.3121618158119035,1.4615901728448457,1.5622537346988676,1.8784617025550883,-0.5603651225805244,-1.22172392623796,-0.28365483448704915,0.0008569427323817792,0.15669382835922127,0.30726430541403005,2.1594842493533726,4.083990595024984,1.126818180972897,0.8145241345053706,0.0,0.0,1.717503177165986,1.7227616970988933,2.9812992444404043,0.727610497861393,90.40121889283901
193,2025-05-23 14:52:56+07:00,663.7078651685393,46.03314079087504,,,,,,,29.407018333600693,29.575320489001776,0.06935753394934617,0.04430717168935943,660.0,44.477999999999994,0.06739090909090908,70.0,1.5653794025855796,620.0,704.0,5.617977528089887,40.44943820224719,580.0,770.0,8.9,54.6875,,,0.019353742120982613,0.02693821155710481,0.002958095399532752,0.04925004907762018,0.7184494070794454,0.39296899157359805,0.5469682175270331,-3.614209496354104,20.912909673538593,61.855612285061696,0.338092355745529,4063.904040266006,2.9577716946450785,4.315913554494794,731.8191166867834,0.550561797752809,0.52,0.7692307692307693,0.13043478260869565,49.753694581280776,49.770304230838505,49.73687767212262,45.33333333333333,0.4349540078843627,0.5650459921156373,13.792385038762195,15.72025562074641,0.5470414161586679,0.45295858384133203,45.74980149556637,41.63018657508211,0.5355432465823603,0.4644567534176393,33.788120855865884,31.465845539709843,1.3352732732822548,0.982581265321828,1.5362787056815685,1.7310480266845838,0.14557962063414642,-0.6730934262550732,-0.3017779008444437,0.0006250077196062357,0.08377526409329238,0.25810068341869474,2.3513752571634776,4.098710191250906,1.1415307857453565,0.7611306094308558,0.0,0.0,1.8256578450894019,1.731732385014082,2.715121308396989,0.727610497861393,90.40121889283901
194,2025-05-23 14:52:57+07:00,663.370786516854,45.923449650297975,,,,,,,29.503466668419584,29.67166196071551,0.06922742240644511,0.04447507678674361,660.0,44.477999999999994,0.06739090909090908,70.0,1.5565441907697677,620.0,704.0,5.617977528089887,41.57303370786517,580.0,770.0,8.9,54.6875,,,0.014115850328620567,0.02128098475232997,0.002179421121801828,0.037576256202752366,0.6633081360144802,0.37565877378669293,0.5663412724647963,-3.8499413396240367,20.981033381496864,61.82926401985713,0.339338235932399,4075.405473284559,2.946912237143869,4.31714093433832,728.8216590148645,0.550561797752809,0.52,0.7692307692307693,0.18181818181818182,49.50980392156862,49.51731700716426,49.503260109410185,45.33333333333333,0.43211488250652746,0.5678851174934726,13.792385038762195,15.811388300841895,0.5489100572208118,0.45108994277918824,45.80835232496605,41.526530634149736,0.5368491452570077,0.4631508547429921,33.82776247245518,31.42015870829567,1.2871248593157243,1.5629314147082418,1.5448582827133999,1.8793356009502435,-0.6987824812330832,-1.2894246136746634,-0.2859936046526509,0.000888730048341378,0.17260199410136995,0.23658240970346167,2.890371757896165,4.115022028488923,1.1391647785323686,0.0,0.0,0.0,1.8986235554672233,1.7316089136969788,3.0628888721084904,0.727610497861393,90.4471544715447
195,2025-05-23 14:52:58+07:00,663.1460674157304,46.03841048560277,,,,,,,29.73366625713871,29.900566669334808,0.06942423810943148,0.044837280530080396,660.0,44.477999999999994,0.06739090909090908,70.0,1.548359697302699,620.0,704.0,6.741573033707865,41.57303370786517,580.0,770.0,8.090909090909092,54.6875,,,0.014400629330144006,0.019985564435830987,0.0021355510117965497,0.03652174477777154,0.7205515449103821,0.39430288497357746,0.5472237035070385,-3.912745044243896,21.1428934532071,61.86643347071678,0.34175064355721524,4109.314438465279,2.9261100713408954,4.320739484045662,724.1119762264233,0.550561797752809,0.5263157894736842,0.775,0.13043478260869565,50.97087378640776,51.01129479666692,50.92719457950503,43.42105263157895,0.4383033419023136,0.5616966580976862,13.999178957862236,15.847694636361348,0.552559697579832,0.44744030242016797,45.98801695577089,41.38306280185595,0.5406083449401953,0.45939165505980456,33.99172483869069,31.33454413382864,1.2651212836197088,1.4565803726849955,1.5245103662838493,1.7787272469699187,-0.4123635487773907,-0.935782712318824,-0.3254700629959353,0.0007893429969231903,0.1503533448942465,0.2799811029962891,2.995732273553991,4.097605295210061,1.147303388942718,0.9222198635284841,0.0,0.0,1.8018086406236475,1.7317688965933007,2.5033781467683993,0.727610497861393,90.4778041341918
196,2025-05-23 14:52:59+07:00,664.6590909090909,45.560339266807304,,,,,,,29.672542360150782,29.822158429375882,0.06854692862846713,0.044643250601697194,665.0,51.891,0.07803157894736842,70.0,1.5354376687315239,624.0,706.0000000000001,6.8181818181818175,40.909090909090914,580.0,770.0,8.0,54.6875,,,0.015740449150848372,0.018982352469031922,0.001914534095500386,0.036637335715380685,0.8292148813761394,0.4296286518520065,0.5181149802075525,-3.964245548853252,21.087450455031245,60.67923913070177,0.347523316988358,4019.889121756176,2.8775047633235498,4.3111841843214975,698.4191985337723,0.5340909090909091,0.5131578947368421,0.7692307692307693,0.13636363636363635,52.450980392156865,52.58878956210715,52.314781390922896,42.10526315789473,0.4503916449086162,0.5496083550913837,14.162676136551212,15.645045281508937,0.5623084178186059,0.43769158218139415,45.501678647350936,40.14433087939185,0.5502322962726071,0.44976770372739316,33.69706333700037,30.46583942397254,1.3091075101159333,1.091714478035039,1.4888636483807456,1.7836702038106944,-0.19915456775373208,-1.0636282028951616,-0.2299600203520551,0.0006992127145673948,0.09942700943648598,0.2831963846359704,3.0910424533583156,4.097201816264137,1.169238186075102,0.9807084104668055,0.0,0.0,1.8035235350750087,1.7308354361065765,2.19114710114114,0.734026320299693,90.27184134040007
197,2025-05-23 14:53:00+07:00,667.8409090909091,45.47195330195404,,,,,,,29.904061155020706,30.045408030261328,0.06808800222174502,0.04477722276062314,670.0,44.477999999999994,0.06638507462686566,62.5,1.5205945796535927,630.0,710.0,6.8181818181818175,42.04545454545455,580.0,770.0,8.0,54.6875,,,0.01794406948337815,0.019080081810545924,0.0021661280492400736,0.039190279343164144,0.9404608251448965,0.45787041542249396,0.48685750982976883,-3.9591103252067277,21.245311761714532,60.36521212201793,0.3519462785746661,4029.0226812302126,2.841342730060571,4.312169822201347,686.0730264458396,0.5340909090909091,0.5131578947368421,0.7692307692307693,0.13636363636363635,52.91262135922329,52.904592359825784,52.916914208053214,42.10526315789473,0.4588688946015424,0.5411311053984574,14.406878202264489,15.645045281508937,0.5513318701655037,0.44866812983449644,44.82221144757321,40.43424533097232,0.5411217956362911,0.4588782043637087,33.291055695080075,30.656937529258542,1.183196717860663,1.4993483070350928,1.4136887484921183,1.8328810303156344,-0.8946690124157968,-1.6995371286339762,-0.22041701060612548,0.0009540683415196969,0.1676992816056836,0.2991308025798771,3.1354942159291497,4.096066981376525,1.1805617326661952,0.9956980190790883,0.0,0.0,1.7815147193681615,1.7361401931582694,2.419127510828688,0.734026320299693,89.84175599795815
198,2025-05-23 14:53:01+07:00,668.5227272727273,45.195355593126294,,,,,,,30.51285766293647,30.686261071547797,0.0676048154376188,0.04564221442016674,670.0,44.477999999999994,0.06638507462686566,60.0,1.4811905227750741,630.0,710.0,7.954545454545454,43.18181818181818,580.0,770.0,8.0,54.6875,,,0.014966431239294708,0.019544479497733913,0.0021787763260312917,0.03668968706305992,0.7657625899441319,0.4079192938759971,0.5326968165234578,-3.935062411059652,21.69846329295222,60.42186627884882,0.35911607219831854,4118.821640325263,2.7846149961446427,4.321743095824576,673.0065397405149,0.5340909090909091,0.5131578947368421,0.7692307692307693,0.13043478260869565,50.95238095238095,50.98475466270379,50.916532498237444,43.42105263157895,0.43580246913580245,0.5641975308641974,14.32594004383429,16.300235409913704,0.5383248645416229,0.4616751354583772,44.33190105938233,41.0546522708477,0.5266111253490341,0.4733888746509661,32.94351233307098,31.23445331279887,1.309068866939573,1.3534727629250796,1.5327389650061425,1.8312625998068466,-0.4154442590427063,-1.085661004968137,-0.2794387571157731,0.0008052981643451463,0.1369029083171783,0.2831963846359704,3.091042453358316,4.090971742561677,1.207740644346823,1.2347550944824377,0.0,0.0,1.7943884744568965,1.7494061477093543,2.6523582856581567,0.734026320299693,89.75012748597655
199,2025-05-23 14:53:02+07:00,669.7727272727273,45.15560001999911,,,,,,,30.531686950543314,30.703242834528098,0.06741928744078592,0.04558514509073315,670.0,44.477999999999994,0.06638507462686566,60.0,1.4789749447236347,630.0,710.0,7.954545454545454,43.18181818181818,580.0,770.0,9.777777777777779,54.6875,,,0.03620715812542186,0.047962722452125454,0.006843901128256857,0.09101378170580418,0.7549020629836526,0.3978206096573266,0.5269830739168896,-3.0373311853770706,21.71047121271209,60.32235423740619,0.3599075581047087,4114.313730105308,2.7784912472137298,4.3212675149818,670.4205330398365,0.5227272727272727,0.5064935064935064,0.7692307692307693,0.13636363636363635,51.184834123222736,51.196603545074574,51.16843080131586,42.857142857142854,0.4364981504315661,0.563501849568434,14.346217393040302,16.300235409913704,0.5361612326352784,0.46383876736472174,44.1698563801394,41.08296737214797,0.5247284115658833,0.4752715884341166,32.83892633849737,31.253062910053945,1.3287115964411294,1.383596464627289,1.3210806902502856,1.9543574572302551,-0.6696019738277563,-1.537297230778719,-0.0422966282654093,0.00112007075600862,0.15821971399065263,0.2833816685655508,inf,4.105469159795115,1.209555689154108,0.0,,,1.8134674260554353,1.764269443374944,2.793013907314691,0.734026320299693,89.58262639972854
200,2025-05-23 14:53:03+07:00,670.1136363636364,45.11783596602405,,,,,,,30.531686950543314,30.703242834528098,0.06732863430575066,0.04556195441152809,670.0,44.477999999999994,0.06638507462686566,60.0,1.4777380640351803,630.0,710.0,7.954545454545454,43.18181818181818,580.0,770.0,9.777777777777779,54.6875,,,0.02228476214047826,0.023309792319542312,0.002274601039369632,0.047869155499390206,0.9560257695558835,0.4655348921031653,0.48694805823009035,-3.7588817354747053,21.71047121271209,60.225895707464346,0.36048399044435153,4107.734732001826,2.7740482975883265,4.3205725000604565,668.2781738320944,0.5340909090909091,0.5194805194805194,0.775,0.13043478260869565,51.184834123222736,51.2337860573959,51.13273453045962,42.857142857142854,0.4364981504315661,0.563501849568434,14.346217393040302,16.300235409913704,0.5361113412356111,0.4638886587643888,44.097174690556486,41.019479495441146,0.5246518248233322,0.47534817517666783,32.79005008518459,31.211339065278192,1.1860619701558959,1.5709648965676222,1.3985842740816437,1.8892550974234092,-1.1014949811558346,-1.944919481098263,-0.18766277055978473,0.0011292541788704414,0.1875760586299828,0.2831963846359704,3.044522437723423,4.095018199129842,1.2167508079799578,1.088479604620981,0.0,0.0,1.7929131374882286,1.7671532806281498,2.5474242683083688,0.8074289523296622,89.53705273868069
201,2025-05-23 14:53:04+07:00,670.9090909090909,44.76339749712809,,,,,,,31.054272106941326,31.223812871640938,0.06672051117458117,0.04628685544395049,675.0,51.891,0.07687555555555556,60.0,1.4414569867545686,634.0,710.0,6.8181818181818175,46.590909090909086,580.0,770.0,8.0,54.6875,,,0.023660184946940166,0.027276995098039165,0.0023869367163608228,0.053324116761340155,0.8674043772747169,0.443705144762824,0.5115320563136813,-3.601711602439006,22.078569816037113,59.346886413904315,0.37202574810840205,4116.411182709081,2.687985993132435,4.321488859303531,638.0943976663856,0.5227272727272727,0.5128205128205129,0.775,0.13043478260869565,51.59817351598173,51.686112192549714,51.5092553580091,42.30769230769231,0.43742550655542306,0.5625744934445769,14.60726165382327,16.565584947449416,0.5412376931411342,0.4587623068588656,43.660826851354,40.19682979640241,0.528609116153784,0.471390883846216,32.55487593561962,30.74250909028171,1.2411902529725052,1.2097533899419304,1.3862522721196089,1.7862984187607935,-0.787926020162633,-1.6686885879318192,-0.16931595317919518,0.0005556969119133862,0.10455900466754066,0.29311645609982495,3.0910424533583156,4.059848162207587,1.241825939228117,0.9845850784363799,0.9460474084795653,1.1193342036195515,1.792303251148839,1.7843724891960897,2.4147547753646568,0.8808315843596315,89.4308943089431
202,2025-05-23 14:53:05+07:00,671.9540229885057,44.40404026399971,,,,,,,30.613874343597566,30.79254089151143,0.06608196207608578,0.04555947772653076,680.0,44.477999999999994,0.06540882352941176,60.0,1.4504547763418305,640.0,710.0,6.896551724137931,44.827586206896555,580.0,770.0,8.7,54.6875,,,0.023852616138664396,0.029853052086277063,0.0021114172580089328,0.05581708548295039,0.7990009219067097,0.42733539260035885,0.5348371708765738,-3.511468196923972,21.773614474351785,59.260606016514856,0.367421394041834,4053.6522581489126,2.7216705837389035,4.314816600040394,645.1513926787566,0.5402298850574713,0.5324675324675325,0.8048780487804879,0.13043478260869565,49.52830188679245,49.54095338040742,49.51634506384149,44.15584415584416,0.413151364764268,0.5868486352357322,13.995797688634127,16.680386509839842,0.5325607123011383,0.46743928769886167,43.246468696157706,40.51619886856179,0.5183572570379941,0.48164274296200577,32.14140170892462,30.98223414212163,1.2219300360014322,1.513038786503947,1.2207790981274984,1.9121081402556208,-1.2288023332773026,-2.096119755281733,-0.04308571049555239,0.0008609354385924127,0.16361551260836518,0.2642823888854924,2.9957322735539913,4.058664411280472,1.23847303128037,0.9648233804994181,0.9222198635284842,1.0955066586684705,1.834647686438032,1.7682710612985062,2.9781891153678357,0.8146250397050115,89.29182346903866
203,2025-05-23 14:53:06+07:00,671.1363636363636,44.34534842409917,,,,,,,30.550504633038933,30.71368848333377,0.06607501966340547,0.04552056227069804,670.0,44.477999999999994,0.06638507462686566,60.0,1.4515422562330367,634.0,710.0,6.8181818181818175,45.45454545454545,580.0,770.0,8.8,54.6875,,,0.023533377318274144,0.03403672168660228,0.002568027893256691,0.06013812689813312,0.691411397812072,0.39132208687072856,0.5659757535224944,-3.3803152875939797,21.717857401816474,58.90178215633374,0.3687130780555023,4018.789742664474,2.7121359656504245,4.311065395081605,638.9985673083966,0.5340909090909091,0.5256410256410257,0.7804878048780488,0.13043478260869565,48.13084112149532,48.121473013923726,48.143239028215206,46.15384615384615,0.4051724137931035,0.5948275862068966,13.83036766566391,16.7575043932076,0.5294950980874025,0.4705049019125975,42.860714553865655,40.40271140807561,0.5146044019468171,0.48539559805318305,31.845878240640445,30.9288946020757,1.2561861176538045,1.1798931400918675,1.2881328903002398,1.7980938398207988,-0.5651818239275492,-1.4691041281696706,-0.06779056323621549,0.000718219043671667,0.10939002518231916,0.27718203815591824,2.9957322735539913,4.064529041632507,1.2408735502596004,1.1479254286107696,1.0235861405555253,1.1968729356955117,1.8255783485167414,1.759009446035617,2.6824180718063237,0.8074289523296622,89.40060954961056
204,2025-05-23 14:53:07+07:00,670.2272727272727,44.617847898539196,,,,,,,30.6819052593679,30.833559099572973,0.06657122100833247,0.04577835983086428,670.0,44.477999999999994,0.06638507462686566,60.0,1.4542072117544373,630.0,710.0,6.8181818181818175,45.45454545454545,580.0,770.0,8.8,54.6875,,,0.02059464599056307,0.0426730183606832,0.00431180380346829,0.06757946815471456,0.4826151695315266,0.3047470859553712,0.631449455372877,-3.154188446981833,21.802618727424225,58.99791359990572,0.36954897888895966,4041.058954699107,2.706001253220822,4.313465296339539,638.5937125550347,0.5227272727272727,0.5128205128205129,0.775,0.13043478260869565,47.44186046511628,47.44254658861312,47.44334840474671,47.43589743589743,0.4004884004884005,0.5995115995115996,13.809332873770717,16.895712955630778,0.5175991761635598,0.4824008238364403,42.44567473889467,40.97704851623527,0.5035064369411781,0.49649356305882203,31.56210527245169,31.34153491280356,1.2100857291214442,1.5254375554885602,1.3914862134094288,1.884055914916103,-1.2231777470616265,-2.03928547932449,-0.1770961225293053,0.0008605084329289416,0.16396485319291532,0.2670766827624833,2.3025850929940455,4.061227972820537,1.2273422407868053,1.074286636564263,0.8502993454155388,1.023586140555525,1.8012559275944189,1.753183701717133,2.476491912936916,0.8074289523296622,89.52187182095625
205,2025-05-23 14:53:08+07:00,668.75,44.12137126494201,,,,,,,30.475164186332254,30.648344770245604,0.06597588226533385,0.04557033897021646,670.0,44.477999999999994,0.06638507462686566,60.0,1.4477812488613242,630.0,706.0000000000001,6.8181818181818175,45.45454545454545,580.0,770.0,8.8,54.6875,,,0.01965742788269216,0.03720633432983791,0.002627677736093198,0.05949143994862326,0.5283355169694246,0.33042447618797416,0.6254065183490138,-3.2912762545148206,21.671652419183925,58.817992726524075,0.36845277124547393,4004.535044906904,2.7140520523694773,4.309522208620894,638.5403755027027,0.5227272727272727,0.5064935064935064,0.7692307692307693,0.13043478260869565,49.056603773584904,49.060002590776364,49.05519125896307,46.75324675324675,0.4158415841584158,0.5841584158415841,13.976724838434155,16.565584947449416,0.5299831327864989,0.4700168672135011,42.819463672094784,40.3243077958146,0.5163370228543244,0.48366297714567563,31.850080897661368,30.825869037731575,1.2389617751708073,1.401058663188374,1.2385101059729653,1.894347711887231,-1.1812956629791067,-2.09100887322358,-0.0318985399071134,0.0007812851605292918,0.1421164711833023,0.24512791833852443,2.302585092994046,4.069624280447354,1.2365147827884484,0.933070326499729,0.9222198635284842,1.0235861405555253,1.8538443285378525,1.7424825482293456,2.963015791774382,0.8074289523296622,89.71962616822431
206,2025-05-23 14:53:09+07:00,668.5227272727273,44.062123665363394,,,,,,,30.531686950543314,30.708466103073842,0.06590968693782048,0.045670379936219814,670.0,44.477999999999994,0.06638507462686566,60.0,1.4431604692114566,630.0,706.0000000000001,6.8181818181818175,45.45454545454545,580.0,770.0,8.8,54.6875,,,0.017737011779617114,0.03660246101294811,0.002611879939578702,0.056951352732143926,0.48458522429250456,0.3114414483364179,0.6426969555068937,-3.3076398000444454,21.714164621320744,58.77935036106886,0.3694182478699632,4009.7544734679796,2.706958862389506,4.31008789054143,636.4531335415726,0.5340909090909091,0.5194805194805194,0.8,0.13043478260869565,49.76525821596243,49.775775844478865,49.75459496174331,45.45454545454545,0.4192355117139335,0.5807644882860664,14.059673488550548,16.548027353806418,0.5320494607166752,0.46795053928332475,42.87466952326898,40.209137545336084,0.5185023403133387,0.4814976596866613,31.905420427681097,30.74582859057535,1.290574146139068,1.4301160054706377,1.3366877653652214,1.9580925918120433,-1.0231510885781425,-1.9280719744534554,-0.06548641923469455,0.0010194771450466652,0.15853245413714903,0.24512791833852443,2.302585092994046,4.059173319782082,1.2242529706539427,1.4847481448054192,0.9780057513570366,1.0621238105123398,1.8549738538688343,1.7452727846947627,3.173610573657522,0.8074289523296622,89.75012748597655
207,2025-05-23 14:53:10+07:00,668.0681818181819,44.14859846112337,,,,,,,30.43742403044639,30.613874343597566,0.06608397116140256,0.04556035575232662,670.0,44.477999999999994,0.06638507462686566,60.0,1.4504709208296263,630.0,706.0000000000001,6.8181818181818175,44.31818181818182,580.0,770.0,8.0,54.6875,,,0.014493799171271844,0.03382589875059603,0.0025434360455044483,0.050863133967372326,0.42848230813132365,0.28495686444664076,0.6650376434195868,-3.386528534676769,21.6472781467507,58.791059406444184,0.36820697509624917,3998.199461447483,2.7158638147433254,4.30883456628846,638.6740434895479,0.5340909090909091,0.5194805194805194,0.8,0.17391304347826086,50.0,50.01029246093073,49.98873947508642,45.45454545454545,0.42183622828784134,0.5781637717121588,14.059673488550548,16.459958461616463,0.5320148724316917,0.46798512756830823,42.881816371121545,40.21863362728105,0.5188606525564328,0.4811393474435671,31.91022245214877,30.7283966666307,1.211962134421983,1.3891574034694467,1.3847851197703287,1.8537727630822742,-1.10121178093795,-1.9956756347890856,-0.16239416631935294,0.0007244842687480639,0.13832959322591312,0.24512791833852443,2.302585092994046,4.057531150233856,1.225236860765765,1.0955066586684705,0.9780057513570366,1.0621238105123398,1.8572228794241148,1.753941859599466,2.6673743864211525,0.8074289523296622,89.8111923796564
208,2025-05-23 14:53:11+07:00,668.5227272727273,44.062123665363394,,,,,,,30.71934506006826,30.89548306950119,0.06590968693782048,0.04595108559044717,670.0,44.477999999999994,0.06638507462686566,60.0,1.4343445011345397,630.0,706.0000000000001,6.8181818181818175,45.45454545454545,580.0,770.0,8.8,54.6875,,,0.013273284279634204,0.031987043990073676,0.0025001919121516144,0.0477605201818595,0.4149581400442383,0.2779133105982311,0.6697381826721197,-3.442424333476746,21.84640558647846,58.696183129116314,0.3721946542660544,4028.466216963475,2.686766154586342,4.312109835929232,630.8116729388462,0.5454545454545454,0.5324675324675325,0.8048780487804879,0.18181818181818182,50.69767441860464,50.717728250982205,50.67454231142514,44.15584415584416,0.42752740560292324,0.5724725943970767,14.285298997286,16.53045111161484,0.5329569574513369,0.4670430425486631,42.8505034758079,40.11329288149418,0.5201275486030992,0.4798724513969008,31.93928157905313,30.67842955359694,1.181001101198036,1.509727771089426,1.350453483133908,1.8439076768379121,-1.3068709692839313,-2.116881690177995,-0.17315021744090617,0.0007306805170184217,0.1533948210191205,0.25504798980237897,2.2512917986064953,4.059173319782082,1.2408822347856003,1.2549010763061688,0.965182427760149,1.049300486915452,1.852999214403258,1.7646289007124933,2.826207983395927,0.8808315843596315,89.75012748597655
209,2025-05-23 14:53:12+07:00,668.75,44.12137126494201,,,,,,,30.663168216240656,30.83312562693285,0.06597588226533385,0.045851466491574816,670.0,44.477999999999994,0.06638507462686566,60.0,1.4389045174259998,630.0,706.0000000000001,6.8181818181818175,45.45454545454545,580.0,770.0,8.8,54.6875,,,0.011929335365871846,0.028133713822858238,0.0024060583124035444,0.04246910750113363,0.42402277356569373,0.2808944210931067,0.6624512611221525,-3.5707866416306118,21.802312215980933,58.64447133057251,0.3717709738243469,4016.7934744949625,2.6898280672995107,4.310849612793046,630.9741799076617,0.5454545454545454,0.5324675324675325,0.8048780487804879,0.13043478260869565,48.5981308411215,48.61992240237086,48.57924820662474,45.45454545454545,0.40586797066014674,0.5941320293398531,13.8932809592966,16.809465771846636,0.5319490057356688,0.46805099426433117,42.772248003077756,40.12117668271398,0.516632137052313,0.48336786294768697,31.800066470455235,30.759282809750584,1.2285126051724988,0.9108243455142473,1.3591853564814587,1.6825251819708398,-0.3129063591230299,-1.3101071672054645,-0.14500309298734773,0.0005811194324402595,0.07244789614682648,0.25504798980237897,2.302585092994046,4.069624280447354,1.2471302064316727,0.95166562244258,0.9780057513570366,1.0621238105123398,1.851634971676025,1.7631668743529139,2.6824180718063237,0.8074289523296622,89.71962616822431
210,2025-05-23 14:53:13+07:00,668.4090909090909,44.01897092689588,,,,,,,30.6819052593679,30.854358624631892,0.06585633188654944,0.04590288444108084,670.0,44.477999999999994,0.06638507462686566,60.0,1.434688314000835,630.0,700.0,6.8181818181818175,45.45454545454545,580.0,770.0,8.8,54.6875,,,0.011930420298199075,0.026570784168718622,0.002381215481563956,0.04088241994848165,0.44900520144394446,0.29182275201011343,0.6499317849139565,-3.627943006333217,21.817326212638847,58.421497509830225,0.37344688415369326,4004.27672631847,2.677756978120741,4.309494192895023,625.7542905168455,0.5454545454545454,0.5384615384615384,0.8095238095238095,0.13043478260869565,48.83720930232558,48.88277308306684,48.79318887345402,44.871794871794876,0.40659340659340665,0.5934065934065933,13.91418884314823,16.809465771846636,0.5358261651228378,0.4641738348771623,42.76462257718937,39.80274396472741,0.5200040704923963,0.4799959295076039,31.79950939348157,30.551731265646207,1.2073292227341628,1.3973628921646748,1.2246765631485843,1.8695894795952541,-1.176824630184564,-2.103982251742072,-0.038478572700878,0.0008688243532073628,0.1456925843872521,0.2709824077462857,2.302585092994046,4.04946021782443,1.2552447255824744,1.1249524175825663,0.9780057513570366,1.0621238105123398,1.8345123442869318,1.7655727054360908,2.5750086556830603,0.8074289523296622,89.76538592315539
211,2025-05-23 14:53:14+07:00,666.9318181818181,43.16123086208015,,,,,,,30.51285766293647,30.686261071547797,0.06471610693240848,0.045751090038139534,670.0,44.477999999999994,0.06638507462686566,52.5,1.414526011914888,630.0,700.0,6.8181818181818175,44.31818181818182,580.0,770.0,8.8,54.6875,,,0.013223340262932929,0.024681203516901368,0.0020078717580734274,0.03991241553790772,0.5357656183126466,0.33130894446550757,0.6183841089111692,-3.7017133162675737,21.69846329295222,57.313671930086606,0.3785913999616152,3906.943078234241,2.6413700894985683,4.298807193828282,605.5464750218579,0.5454545454545454,0.5324675324675325,0.8048780487804879,0.18181818181818182,49.056603773584904,49.076681527018735,49.03839391194161,45.45454545454545,0.40987654320987654,0.5901234567901236,13.893280959296598,16.670542185069625,0.5376143044995589,0.462385695500441,42.02363746890891,38.97269408177103,0.5215975362259085,0.4784024637740915,31.29703949203693,29.973136812281567,1.2580605122290647,1.1256911287052835,1.3713983727459111,1.7920089834890622,-0.8463749915501673,-1.7885808053648788,-0.1263534463250879,0.0005081042762213068,0.09155935618779287,0.2709824077462857,2.351375257163478,4.035970547282463,1.2597983994688278,1.4580508187299375,0.9902032923993946,1.0357836815978834,1.8574333081177203,1.7793888356645142,2.801297389994637,0.8808315843596315,89.96421877662294
212,2025-05-23 14:53:15+07:00,666.9318181818181,43.16123086208015,,,,,,,30.73804785940214,30.915376301237224,0.06471610693240848,0.04608874103982601,670.0,44.477999999999994,0.06638507462686566,52.5,1.404163044429577,630.0,700.0,6.8181818181818175,45.45454545454545,580.0,770.0,8.8,54.6875,,,0.010601915497888133,0.01877886438791798,0.0017932584306338917,0.031174038316440004,0.5645663805266753,0.34008797289175996,0.60238792925377,-3.975023276257302,21.86047222553872,56.96702479440854,0.38373905438158645,3912.3072117549564,2.6059375207757967,4.299403060149808,593.8100294348573,0.5568181818181818,0.5454545454545455,0.8095238095238095,0.18181818181818182,49.53271028037382,49.567395310404606,49.49730368612941,45.45454545454545,0.4184914841849149,0.581508515815085,14.14213562373095,16.670542185069625,0.5330293433895799,0.4669706566104202,41.59097458007834,38.92855953417792,0.5183271534899467,0.4816728465100535,31.062913309288316,29.944446264292655,1.2564128967844943,1.0543351154083047,1.2602250257919074,1.7623619935492834,-0.6019248304614102,-1.5594879085826836,-0.02374063955660152,0.0005892043557584878,0.08770271996196978,0.2709824077462857,2.3513752571634776,4.035970547282463,1.2642141517363945,0.9729550745276566,0.9902032923993945,1.0357836815978831,1.8620841783824529,1.782258628102296,2.5681053796361493,0.8808315843596315,89.96421877662294
213,2025-05-23 14:53:16+07:00,666.5909090909091,42.72032447561681,,,,,,,30.868650168389138,31.04738512277282,0.06408776941449505,0.04630823755230556,670.0,44.477999999999994,0.06638507462686566,52.5,1.3839388584397614,630.0,700.0,6.8181818181818175,45.45454545454545,580.0,770.0,8.8,54.6875,,,0.01793377346380847,0.025880569705334793,0.0021161039294478393,0.0459304470985911,0.6929435351692339,0.3904550161532955,0.5634730628635373,-3.6542627962480334,21.953816558422986,56.34921378937391,0.3896028902991179,3886.4023909989064,2.566716071413765,4.296517874610298,578.5297305788647,0.5568181818181818,0.5454545454545455,0.8095238095238095,0.18181818181818182,49.76744186046512,49.78811354102741,49.74608964160526,45.45454545454545,0.4234016887816646,0.5765983112183353,14.285298997286,16.670542185069625,0.532203198105036,0.4677968018949641,41.10802395494712,38.54042372885981,0.5178644568061598,0.48213554319384044,30.77287280156312,29.69234950239073,1.1043622649273983,1.1263944705538398,1.2250069396255876,1.655364911050809,-0.7115909157415228,-1.6872017374345045,-0.11793316402412943,0.0007042486484172931,0.10145422773377173,0.2869168256901924,2.3978952727983702,4.0092828706279535,1.2766440158849708,1.1441799526354266,1.0018332963081176,1.0474136855066063,1.8419460236369516,1.781775920031888,2.6899504906207024,0.8808315843596315,90.01022843504943
214,2025-05-23 14:53:17+07:00,666.1363636363636,42.57331251322837,,,,,,,31.03575987155136,31.21482248884159,0.06391080691170414,0.04659070059188877,670.0,44.477999999999994,0.06638507462686566,50.0,1.3717502870697489,630.0,700.0,6.8181818181818175,45.45454545454545,580.0,770.0,8.8,54.6875,,,0.01993955276090874,0.027456501890071948,0.0022031297773766195,0.04959918442835731,0.726223349235859,0.40201372241735317,0.5535676081474892,-3.595152276047915,22.072212655394228,56.367000152822406,0.3915804033486254,3908.5949514033373,2.5537539454181943,4.298990776688504,575.7897961266326,0.5454545454545454,0.5324675324675325,0.8048780487804879,0.19047619047619047,49.53703703703704,49.545682976468946,49.528893374090316,45.45454545454545,0.418854415274463,0.5811455847255369,14.285298997286,16.826750574122173,0.5320418115953275,0.46795818840467246,41.11476422323846,38.55923844029848,0.5169929004728854,0.4830070995271147,30.777374843985232,29.748566385453877,1.1201119496191088,1.4086103308492475,1.1838959341772872,1.798009319853562,-1.0955424666053997,-2.0427268762250588,-0.06402890691137593,0.0010682999682446398,0.15733206711784567,0.2869168256901924,2.3978952727983702,4.0092828706279535,1.2911979733132055,1.465804154669086,1.0018332963081176,1.0474136855066063,1.842028410164865,1.7894377873856442,3.2054699002240086,0.8808315843596315,90.07164790174002
215,2025-05-23 14:53:18+07:00,666.2921348314607,42.383048242726126,,,,,,,31.097354462163732,31.275355439854515,0.06361030849245573,0.0466722520595712,670.0,44.477999999999994,0.06638507462686566,50.0,1.3629149159390308,630.0,700.0,6.741573033707865,46.06741573033708,580.0,770.0,8.9,54.6875,,,0.020859855181738204,0.028892029691170468,0.002572637977050205,0.05232452284995888,0.7219934149559962,0.39866307508534876,0.5521699600399351,-3.5441895111334505,22.115015915540702,56.05820372440316,0.3945009730291025,3894.7205895012185,2.5348479937113604,4.297446416440092,568.3961009674642,0.5617977528089888,0.5443037974683544,0.813953488372093,0.18181818181818182,49.773755656108605,49.78465787920474,49.762635426158965,45.56962025316456,0.4230317273795535,0.5769682726204464,14.383899044561522,16.79833051365453,0.5313010637797414,0.46869893622025866,40.86104979519311,38.37833782801746,0.5167200587204284,0.48327994127957163,30.631045869259744,29.623307736370464,1.184192471472427,1.0461961099471475,1.304616668593157,1.6626337684681505,-0.5747253236536949,-1.4808257330437797,-0.15779159712887866,0.00044301428592688057,0.07938218384992021,0.2679080267977332,2.351375257163478,4.009292707879743,1.2971268700624548,0.9729550745276567,0.9902032923993946,0.9902032923993946,1.8799202067545726,1.8010520039652005,3.240316254224141,0.945893647219811,90.05059021922429
216,2025-05-23 14:53:19+07:00,665.9090909090909,42.57883462220102,,,,,,,30.831391675428442,31.008186310777376,0.06394091206064317,0.04629970080951712,665.0,37.065,0.055736842105263154,50.0,1.3810221436139352,630.0,700.0,6.8181818181818175,45.45454545454545,580.0,770.0,8.8,54.6875,,,0.019033058109544948,0.027163372318363046,0.0016625858697072848,0.047859016297615284,0.7006883345142745,0.3976901236579183,0.5675706359998156,-3.6058858191112804,21.926098812646554,56.31825212653127,0.38932491660758184,3879.3628934568364,2.568548678347102,4.295730517366477,578.6246882656831,0.5568181818181818,0.5443037974683544,0.813953488372093,0.19047619047619047,50.69124423963134,50.73086168955563,50.64988450702429,45.56962025316456,0.43530834340991537,0.5646916565900846,14.467284665112363,16.477609896674235,0.5319562849311512,0.46804371506884884,41.07590491934027,38.52941159224808,0.5192337874157206,0.4807662125842793,30.79393033151239,29.63129414615431,1.1621092437231326,1.110832491180948,1.268576339190652,1.7022975886388134,-0.6503525337005236,-1.619896732350937,-0.10955296780429627,0.0007094464321658797,0.09988646393612609,0.29293117217024456,2.3513752571634776,4.014378109442802,1.2735775395057118,1.1364266166962775,0.9902032923993945,0.9902032923993945,1.8286896871566807,1.7969158130804015,2.588830048100313,0.8808315843596315,90.10238907849829
217,2025-05-23 14:53:20+07:00,667.0786516853933,42.485351678576215,,,,,,,30.877323247151637,31.03723283995444,0.0636886693514112,0.046287380309861806,670.0,44.477999999999994,0.06638507462686566,50.0,1.3759402438647397,636.0,700.0,6.741573033707865,46.06741573033708,580.0,770.0,8.9,54.6875,,,0.021651027640304757,0.03221118497191213,0.0025151987445623455,0.05637741135677923,0.672158682121886,0.3840372787478345,0.5713491307372491,-3.4354415273709225,21.94663781039759,55.88084193440365,0.3927399275078907,3852.838544154794,2.546214250090242,4.292750919947586,569.1383841616757,0.550561797752809,0.5375,0.813953488372093,0.19047619047619047,52.03619909502263,52.07484260317046,51.9937480900054,43.75,0.4445768772348034,0.5554231227651966,14.64130513622177,16.365087593838993,0.5400273225602154,0.45997267743978476,41.06490358881669,37.89910537913784,0.527259901428342,0.47274009857165805,30.827699580497114,29.190394657258558,1.0724949416145881,0.9963608550758809,1.2759690753427577,1.5691115027849245,-0.37318416850186154,-1.3700564357666534,-0.20578688840616724,0.0007486578186885778,0.0887634780332674,0.29959578975436596,3.091042453358316,4.021220337854954,1.2713902847914553,1.292620998759538,1.1751200914481041,1.1751200914481041,1.8657714341678044,1.8101918500616265,2.505190187515109,0.8731325974336717,89.944416371905
218,2025-05-23 14:53:21+07:00,667.9545454545455,42.34937041448972,,,,,,,30.550504633038933,30.727610491407038,0.06340157530580291,0.045737400607475776,670.0,44.477999999999994,0.06638507462686566,52.5,1.3862085397008752,640.0,700.0,6.8181818181818175,44.31818181818182,580.0,770.0,8.8,54.6875,,,0.01869890459374646,0.03060626359851626,0.0016110686866782635,0.05091623687894098,0.6109502564257125,0.36724836201475747,0.6011100873634094,-3.4865505982085376,21.727701748132816,56.08138394542253,0.3874316256046365,3828.09217331408,2.5811005966262366,4.289952496192969,579.0067742446205,0.5681818181818182,0.5569620253164557,0.8181818181818182,0.18181818181818182,49.99999999999998,50.0099763937939,49.98907449318353,45.56962025316456,0.4248768472906404,0.5751231527093597,14.16267613655121,16.477609896674235,0.5306422964161092,0.4693577035838908,40.85259553225571,38.421179881828394,0.5168385453297591,0.48316145467024096,30.57381197259279,29.5609429096806,1.1028196042025722,1.5819587533420156,1.3105343382927712,1.7388187784098643,-1.1043955495681175,-1.7399784902210085,-0.22926952791132663,0.0007826364567287544,0.16537844843974858,0.30905087404373166,3.1354942159291497,3.990697961271139,1.254725679522963,1.3037339394022465,1.1862330320908125,1.1862330320908125,1.8339404437077336,1.8103578752119744,2.9815906618662384,0.8808315843596315,89.82647158897583
219,2025-05-23 14:53:22+07:00,667.7528089887641,42.151048972948686,,,,,,,30.674241488732708,30.846639225613405,0.0631237314250788,0.045936521832360945,670.0,44.477999999999994,0.06638507462686566,50.0,1.3741513050430816,640.0,700.0,6.741573033707865,44.9438202247191,580.0,770.0,8.9,54.6875,,,0.020219146447616704,0.036341954062002906,0.0026132650102643354,0.05917436551988395,0.556358263320703,0.3416875917465073,0.6141502953638122,-3.314782445803099,21.81186777324619,55.38692624388974,0.3938089591251232,3795.3339309754115,2.539302311002717,4.286220103104967,562.5765992417851,0.5730337078651685,0.5625,0.8444444444444444,0.17391304347826086,49.08256880733945,49.13969131340452,49.02465139770478,46.25,0.41666666666666663,0.5833333333333333,14.081046199376148,16.660918549004183,0.5254584471322669,0.474541552867733,40.14915905628361,38.15437885511074,0.5108489352119927,0.4891510647880075,30.08513615554802,29.43928355714413,1.1710851698729567,1.0273870755274799,1.1942391589878039,1.6557474554946208,-0.5644600589923616,-1.5063975547082098,-0.05079413835348293,0.00045492680367397224,0.07823382390893627,0.3055417913880536,3.1354942159291497,3.990916617729184,1.2717899768072274,1.2781963814631552,1.1862330320908125,1.231813421289301,1.8556713171153216,1.8080727209457903,2.486177367575257,0.945893647219811,89.85360928823826
220,2025-05-23 14:53:23+07:00,666.0227272727273,40.84002354934399,,,,,,,30.58810526835629,30.74369995422098,0.06131926415871474,0.04592651874450356,670.0,44.477999999999994,0.06638507462686566,50.0,1.3351602915919547,640.0,700.0,6.8181818181818175,45.45454545454545,580.0,770.0,8.0,85.9375,,,0.019632879336905794,0.03878025270518142,0.0024191624826165495,0.06083229452470376,0.5062597060973418,0.322737774241492,0.6374944921637455,-3.2498441128097646,21.739078716394204,52.6751606304832,0.41270075793207484,3597.467477600121,2.4230631535806073,4.262966986409864,510.5409633306546,0.5795454545454546,0.569620253164557,0.8444444444444444,0.17391304347826086,47.66355140186916,47.825948410502896,47.49285638558195,48.10126582278481,0.40540540540540543,0.5945945945945945,13.85137051400615,16.77484273658651,0.4726960487367264,0.5273039512632739,36.21569755943631,38.25043526197637,0.4628911255248471,0.5371088744751527,27.417487255699054,29.533803908130885,1.1655647236673519,1.0803628877129297,1.2968913010743242,1.7057461675238166,-0.8320433718305758,-1.8167622115739674,-0.12155783848238587,0.0006438694429162262,0.09242792179970503,0.32498529198763926,3.1354942159291497,3.9283174057235226,1.2646583153606419,1.1745862035595493,1.1862330320908125,1.231813421289301,1.8165314481927137,1.8014419214867023,2.184489966733348,0.9542342163896008,90.08701586759939
221,2025-05-23 14:53:24+07:00,664.4943820224719,39.13877512237286,,,,,,,28.74258797736146,28.907077373146066,0.05890008430658074,0.043254824653114136,670.0,44.477999999999994,0.06638507462686566,50.0,1.3616997590196038,640.0,700.0,5.617977528089887,44.9438202247191,580.0,760.0,8.090909090909092,54.6875,,,0.017401754591800187,0.03890706561738045,0.0029141258484921247,0.05922294605767277,0.4472646373009052,0.2938346662939383,0.6569593072842372,-3.2465794094432123,20.44039043483579,51.773598347936144,0.3948033570598944,3324.6613139660462,2.5329065270544118,4.228717519911455,524.550740738324,0.5730337078651685,0.5625,0.8444444444444444,0.17391304347826086,49.760765550239235,49.76319708256314,49.758840290667,47.5,0.4594222833562585,0.5405777166437412,13.85474730872078,15.028708160235103,0.48716213836670236,0.5128378616332978,36.13641908672625,37.07647099552361,0.48342135242159495,0.5165786475784052,27.365989909009492,28.288926901240178,1.0678207258408334,1.0482000368925966,1.24167288468175,1.5029660314943316,-0.13129069196887144,-0.9549934749219458,-0.2507220591336852,0.0005536898325149552,0.08712555810097435,0.3528018264262318,3.218875824868201,3.866042717163683,1.3017120800563018,1.3540251005511053,1.2070784343255754,1.2526588235240639,1.8072933116801622,1.7961765355112673,3.3607908745828583,0.945893647219811,90.29421711193777
222,2025-05-23 14:53:25+07:00,664.2696629213483,39.16421257316424,,,,,,,28.74258797736146,28.905269918288464,0.05895830377218569,0.043269457543727505,660.0,29.651999999999997,0.044927272727272725,50.0,1.3625847680804237,640.0,700.0,5.617977528089887,44.9438202247191,580.0,760.0,8.090909090909092,54.6875,,,0.016181634242140447,0.03785271459432097,0.002961970406415966,0.05699631924287738,0.42748939978450506,0.2839066532206394,0.6641255978832578,-3.2740525818733017,20.43911237124929,51.76804780218913,0.39482099941935567,3324.097026814337,2.532793345517721,4.228643801847352,524.4710679353116,0.5842696629213483,0.5750000000000001,0.8695652173913043,0.17391304347826086,49.2822966507177,49.28144556737898,49.28480072811267,48.75,0.4580467675378266,0.5419532324621733,13.83399112132242,15.047816506363818,0.4867404257685383,0.5132595742314616,36.11690249179442,37.08773554219714,0.4828702992967835,0.5171297007032164,27.347851432485637,28.301386090235475,1.1472637664808845,0.9384898563663198,1.2644207718390907,1.527271032652116,-0.29498450465880666,-1.0902037913886025,-0.21992210780973306,0.0002578730542397937,0.05719273058734065,0.33704848141350574,3.218875824868201,3.873826508243013,1.2923037780296511,1.2970331385830736,1.2070784343255754,1.2911964934808786,1.8266547178267611,1.7931529751370772,3.114479174417919,0.945893647219811,90.32476319350475
223,2025-05-23 14:53:26+07:00,663.4831460674158,38.96680182585222,,,,,,,28.36451047604126,28.512403577824582,0.05873065812871884,0.042750913333914856,660.0,29.651999999999997,0.044927272727272725,50.0,1.3737872140880567,640.0,694.0,5.617977528089887,43.82022471910113,580.0,760.0,8.090909090909092,54.6875,,,0.014616335043291438,0.034382495313325656,0.0030375505637520147,0.05203638092036911,0.4251097807210802,0.2808868484850764,0.6607395576940859,-3.3702077012852976,20.161313917807338,50.9612408294348,0.3956205459220751,3227.8154672518494,2.5276745869436437,4.215878808302705,515.2537334547087,0.5955056179775281,0.5822784810126582,0.8695652173913043,0.21739130434782608,48.03921568627451,48.13073831291051,47.94667337098837,49.36708860759494,0.443502824858757,0.5564971751412429,13.433531557819876,15.047816506363818,0.4714544288633964,0.5285455711366037,34.99128195850572,37.049402880154545,0.46766827008595935,0.5323317299140409,26.503297749663066,28.276271283402973,1.2444004952676795,0.6758983399821115,1.363881676846665,1.5823496652587352,-0.1358192026593823,-1.1361376112126031,-0.1767738941068383,0.0003287217950409037,0.038626096431359364,0.33704848141350574,3.1780538303479458,3.8683663811582956,1.2785164838078915,1.3451510147979695,1.1968729356955117,1.2809909948508147,1.8488571098285087,1.7830020922148861,2.3176953969278298,1.0186546970059502,90.43183742591025
224,2025-05-23 14:53:27+07:00,662.5842696629213,38.094621723940136,,,,,,,28.34447196384316,28.495677869850333,0.05749400260184284,0.042778667199966786,660.0,29.651999999999997,0.044927272727272725,50.0,1.3439877014655446,640.0,690.0,5.617977528089887,43.82022471910113,580.0,760.0,7.416666666666667,85.9375,,,0.014444531273834986,0.03228376997451149,0.0030502317031458667,0.049778532951492344,0.44742393113441076,0.29017591353909,0.6485480398944468,-3.4331906526069886,20.149487056278602,49.76794373505364,0.40486878789984,3150.38452034774,2.469936013559506,4.2053336748223415,491.6945462080488,0.5955056179775281,0.5769230769230769,0.8666666666666667,0.21739130434782608,48.275862068965516,48.34621349993433,48.205886048088324,48.717948717948715,0.4441301272984442,0.5558698727015557,13.433531557819876,15.028708160235103,0.4957397637233763,0.5042602362766238,35.04100673716146,35.34085554229934,0.48846647705264684,0.5115335229473528,26.53612559576791,27.15546113977064,1.1497572174624102,1.0822166087112453,1.2882557720410643,1.6780627396400318,-0.41830837199708526,-1.3927028076410832,-0.13980688850897596,0.000859218179560431,0.10319465815944226,0.3528018264262318,3.218875824868201,3.8435246429394168,1.2886229084756962,1.5478835688520516,1.2070784343255754,1.2911964934808786,1.846528506836234,1.791185531655688,2.3915084743920407,1.0186546970059502,90.5545192470748
225,2025-05-23 14:53:28+07:00,660.561797752809,35.87730197118171,,,,,,,27.73658561932564,27.88406173141905,0.054313316472787414,0.04198938799319582,660.0,29.651999999999997,0.044927272727272725,50.0,1.293501026535291,640.0,690.0,5.617977528089887,41.57303370786517,580.0,740.0,7.416666666666667,54.6875,,,0.015508132503022555,0.028659205771423394,0.0030775392474061314,0.04724487752185209,0.5411222008980441,0.3282500308282016,0.6066098014153535,-3.552280569058792,19.71700913731071,46.710426005300526,0.422111524632066,2893.3750924167366,2.3690421645598305,4.168374848486115,442.6358749244358,0.6067415730337079,0.5897435897435898,0.8695652173913043,0.22727272727272727,48.223350253807105,48.25253532747005,48.19613195984601,48.717948717948715,0.4475627769571638,0.5524372230428359,13.196133184932725,14.660918413784048,0.49655645630683587,0.5034435436931642,32.91532477637759,33.14280151801051,0.4891418721550713,0.5108581278449287,25.07545150310258,25.626039697911494,1.1109933834259964,1.0256042302277473,1.1017096557394135,1.5659197709042543,-0.11634372060472487,-1.0005922653334935,-0.04737889969334694,0.0006530107962433473,0.08941259283055016,0.4158152064771361,3.4011973816621555,3.753557506363004,1.3297663905168642,1.629654054926797,1.2526588235240639,1.3701597308354978,1.7602897710620886,1.7902074472075178,2.5452683197320085,1.0914157467920895,90.8317741112434
226,2025-05-23 14:53:29+07:00,659.8876404494382,35.49950006121955,,,,,,,27.67506261797958,27.829905807642938,0.053796279677312105,0.04193905283501077,660.0,29.651999999999997,0.044927272727272725,40.0,1.2827251938413569,640.0,690.0,5.617977528089887,41.57303370786517,580.0,740.0,7.416666666666667,54.6875,,,0.01660801397624798,0.027523861621420783,0.0031126697558813998,0.04724454535355016,0.6034042099427861,0.35153294104035615,0.5825828445474186,-3.5927019552151878,19.6787151163672,46.37316270684733,0.42435568263411755,2866.9051687137417,2.356513747601224,4.164383437583727,437.1159817537365,0.6067415730337079,0.5897435897435898,0.8695652173913043,0.22727272727272727,48.97959183673469,48.99196900551494,48.969008486446846,47.43589743589743,0.45103857566765587,0.5489614243323443,13.217891045025333,14.582307024641866,0.5078242335895399,0.49217576641046024,33.04634459425252,32.53320347573621,0.49915686281849253,0.5008431371815074,25.16717638830629,25.209650994753716,1.1586459208255782,0.745650989762231,1.3753586884762976,1.5314714157066938,-0.019586488099198718,-1.0047951690501526,-0.2906356601495609,0.0005276657752684217,0.05310543528704826,0.4315685514898622,3.465735902799727,3.733620006241461,1.3377624606818854,1.1359842985519273,1.2687934538084569,1.3862943611198908,1.7537845239257108,1.789781700753316,2.803386110410088,1.236937846364368,90.92457006640558
227,2025-05-23 14:53:30+07:00,659.6666666666666,35.17053158732224,,,,,,,27.60068391922542,27.753382773323594,0.053315611299629466,0.04184034954910373,660.0,29.651999999999997,0.044927272727272725,40.0,1.2742630468958775,640.0,690.0,5.555555555555555,41.11111111111111,580.0,740.0,6.923076923076923,85.9375,,,0.018242047353811443,0.026871260442784782,0.0033453764195962203,0.04845868421619245,0.6788683170502195,0.3764453709148766,0.5545189861718482,-3.6166979485310415,19.62460515988302,45.80638852634372,0.4284250688874263,2824.079074033698,2.3341304527227877,4.157846962729558,427.6723455543623,0.6,0.5822784810126582,0.8695652173913043,0.22727272727272727,48.98989898989899,49.01711993607806,48.9639859974316,48.10126582278481,0.45280235988200584,0.547197640117994,13.207263841606942,14.518796594258578,0.5018246042890303,0.4981753957109699,32.44905307812339,32.33085498652153,0.49422038979470456,0.5057796102052956,24.772695289861854,25.060722642263716,1.1841878080851609,0.4908409830630829,1.3509419516778678,1.4296082996167023,0.5965440841608967,-0.3824239947460637,-0.33973150031621474,0.00047187705799625347,0.03130657466453943,0.4324244181760646,2.772588722239781,3.7168358987102685,1.3210413715893314,1.512935757094384,1.2262593668183923,1.4978661367769954,1.7536561204350103,1.7969535963248033,2.663442901634215,1.2262389181956053,90.95502779181405
228,2025-05-23 14:53:31+07:00,658.7640449438202,35.34956039070555,,,,,,,27.42759062099198,27.58477007752439,0.05366042767819877,0.04163492350790187,660.0,29.651999999999997,0.044927272727272725,40.0,1.2888321427566594,636.0,690.0,5.617977528089887,40.44943820224719,580.0,740.0,7.416666666666667,54.6875,,,0.023507528209193822,0.023161047838846788,0.0010442312899066096,0.04771280733794722,1.0149596155043512,0.4926880123127377,0.48542622266592583,-3.765283383827275,19.50537797928926,45.96208286893657,0.4243797661413633,2816.4623154569067,2.3563800156930537,4.156674054669106,433.2165342079607,0.5955056179775281,0.5769230769230769,0.8666666666666667,0.23809523809523808,50.0,50.00379583479082,49.99605555646307,47.43589743589743,0.4637462235649547,0.5362537764350455,13.282950786974833,14.283661593084146,0.5047252109805438,0.4952747890194562,32.65330918514924,32.34616609290877,0.49847128958476417,0.5015287104152357,24.926646207925238,25.00297431722662,1.082273972716084,0.2876863213759224,1.2346802259775886,1.213083687202006,0.9434851211259989,-0.03044798646992275,-0.5750697449649066,0.0004488476690744938,0.01727267335971542,0.4373334801923692,2.8622008809294686,3.7367583241537408,1.3275327969900843,1.526090657895086,1.2020277574961955,1.2911964934808786,1.743960508884937,1.7918043150108567,2.6424549367430386,1.1641767965782288,91.07965205526183
229,2025-05-23 14:53:32+07:00,659.1011235955057,35.11799750445898,,,,,,,27.261361267952452,27.41663530280592,0.05328165322019858,0.04136142435812765,660.0,29.651999999999997,0.044927272727272725,40.0,1.2881967690198406,640.0,690.0,5.617977528089887,39.325842696629216,580.0,740.0,7.416666666666667,54.6875,,,0.023874345042927667,0.027253442647232413,0.0032299848367135895,0.05435777252687367,0.8760120822883308,0.4392075674389444,0.5013715864416394,-3.60257543017431,19.386488739932556,46.00781361106652,0.4213738323628884,2802.0806114858165,2.3731896078890755,4.154450735065681,436.7410605739225,0.6067415730337079,0.5897435897435898,0.8913043478260869,0.22727272727272727,49.479166666666664,49.479999035153895,49.47931376368857,47.43589743589743,0.4571865443425076,0.5428134556574923,13.108740613032591,14.283661593084146,0.5059911949629085,0.4940088050370917,32.726764770236585,32.336941428407215,0.4986318284716876,0.5013681715283126,24.928700455360367,24.99700751540058,1.1447311407621477,0.11751066187910442,1.171948879650258,1.2034864717016998,0.9821851708824054,-0.0023113494094859632,-0.23161931396584295,0.00014145792362139342,0.004556774115544756,0.44327948182605637,2.833213344056216,3.7205241282205237,1.3176326036295087,1.579310517460913,1.2281637214340129,1.3077771542136467,1.7303832563039905,1.786810341474337,3.159582370870993,1.236937846364368,91.03307193999318
230,2025-05-23 14:53:33+07:00,659.1011235955057,35.11799750445898,,,,,,,27.654524535285855,27.81276967041959,0.05328165322019858,0.041957938691449724,660.0,29.651999999999997,0.044927272727272725,40.0,1.2698825271665795,640.0,690.0,6.741573033707865,40.44943820224719,580.0,740.0,7.416666666666667,54.6875,,,0.025195665712133816,0.02811524850689066,0.003351576818003275,0.05666249103702776,0.8961566071862642,0.4446621609993986,0.4961880071336421,-3.571443198333743,19.666598037533227,45.843923921295904,0.4289902860692405,2832.4411630206305,2.3310551135383903,4.159131007194184,427.45885312560705,0.6067415730337079,0.5897435897435898,0.8695652173913043,0.22727272727272727,50.256410256410255,50.255293863855584,50.256939856194485,47.43589743589743,0.4725111441307577,0.5274888558692422,13.518824678560453,14.283661593084146,0.5028563845579944,0.4971436154420054,32.50901174647719,32.323822728275424,0.4981397958314533,0.5018602041685466,24.89572719787722,24.98852240804488,1.1765367500237855,0.24906023344868933,1.4172274163336036,1.292697299609259,1.628889438521849,0.6288894385218491,-1.0,8.330302134912875e-05,0.005978759422370927,0.4590328268387833,2.890371757896165,3.7205241282205237,1.3058998150343264,1.4812276150274353,0.7225929394740412,0.9972460116410686,1.7152983292719297,1.788122944156566,3.1945339179890495,1.236937846364368,91.03307193999318
231,2025-05-23 14:53:34+07:00,657.8651685393259,34.39317817243438,,,,,,,26.98905502067627,27.131929313942287,0.05227998048414449,0.04102520746097674,660.0,29.651999999999997,0.044927272727272725,40.0,1.2743379916816586,636.0,690.0,5.617977528089887,39.325842696629216,580.0,740.0,6.846153846153846,85.9375,,,0.03266657809654079,0.030319976566722882,0.0013731400492303638,0.06435969471249403,1.0773945693742184,0.5075626639074049,0.4711019326951052,-3.495948491073605,19.18517120456266,44.66809855157443,0.4295049896160497,2692.2353193875515,2.328261659763107,4.137083127417511,415.9960850886029,0.6067415730337079,0.5897435897435898,0.8695652173913043,0.22727272727272727,48.167539267015705,48.17901047318976,48.15798499867181,48.717948717948715,0.4399375975039001,0.5600624024960997,12.730630994465331,14.363907514338141,0.5125700354190492,0.48742996458095095,31.979676973989147,31.185562185929474,0.5012496831912917,0.4987503168087083,24.338947233579486,24.278191118089236,1.1106972207015264,0.14756346707106238,1.115295896279402,1.173064106136823,0.9218028228565034,-0.023340433586806597,-0.10851956785752807,4.461734489620987e-05,0.002684701752382693,0.48073217348519615,2.9177707320842794,3.7010858743107087,1.30774679807227,1.3421417243795237,0.7294426830210698,1.0040957551880973,1.7127385948052918,1.7886129814947787,2.6183715033842105,1.236937846364368,91.20409906063193
232,2025-05-23 14:53:35+07:00,657.2222222222222,33.95396016279366,,,,,,,26.180016394703927,26.32737635350009,0.051662830340683516,0.03983434447207698,660.0,29.651999999999997,0.044927272727272725,40.0,1.2969418983886642,638.0,682.0,4.444444444444445,37.77777777777778,580.0,740.0,6.428571428571429,85.9375,,,0.01875853005296308,0.03320581991711006,0.004249310601257098,0.05621366057133024,0.5649169362415689,0.33370056072331633,0.5907073045879082,-3.405030119714583,18.61626635041027,44.51833355452459,0.4181707818782049,2603.6425222712414,2.3913674587892584,4.1225514657172395,425.8387767272641,0.6,0.5822784810126582,0.8695652173913043,0.21739130434782608,50.53191489361703,50.54428900031319,50.518407721663074,46.835443037974684,0.4704918032786885,0.5295081967213116,12.769815261709223,13.547056037114752,0.5178607247122605,0.4821392752877395,32.036523850934636,30.911861186612594,0.5108099072774627,0.48919009272253705,24.386543853831416,23.864889370088576,1.068232558311098,0.3363100670482275,1.2550738724578565,1.1806027041670786,0.8873143351755663,-0.002987380525864225,-0.7214360365254799,0.00019851088578422727,0.013442944612310064,0.4753354857015575,2.9177707320842794,3.6771095750783553,1.3082464380102006,1.5260158928539642,1.1990728085167224,1.582836990682397,1.7358020037284672,1.7929131658481146,2.8869922519763764,1.1541072171252755,91.29332206255285
233,2025-05-23 14:53:36+07:00,657.0,34.034021313115105,,,,,,,26.201466637052672,26.349675779550616,0.05180216333807474,0.039880466723063425,660.0,29.651999999999997,0.044927272727272725,40.0,1.2989357345739594,630.0,682.0,4.444444444444445,37.77777777777778,580.0,740.0,6.923076923076923,85.9375,,,0.02796628090436913,0.03469927685302772,0.004399709319740684,0.06706526707713753,0.8059614908640065,0.4170009622447743,0.5173956410718099,-3.3610364322168613,18.632034425787165,44.54327869860563,0.418290592209379,2607.307966773779,2.39068250308494,4.123162441617728,425.95534805917043,0.6,0.5875,0.8723404255319149,0.21739130434782608,49.73544973544973,49.727543059293836,49.74324352074205,47.5,0.46481178396072004,0.5351882160392799,12.702898738620107,13.630680633976224,0.5168327650702396,0.4831672349297604,32.022644951416765,30.962136352925594,0.5090860808452515,0.4909139191547482,24.359940743443257,23.921218009150486,1.1865626922172965,0.21818929446612545,1.3448669540543001,1.2357723068212374,1.3569274852085114,0.32368662534959025,-1.0,4.158824322197371e-05,0.003883799476100458,0.46357710044842104,2.9704144655697013,3.694318658568642,1.3063294747025165,1.3690697055411354,1.175754116412065,1.501542023240115,1.7337886893557257,1.7951052445615936,2.8968766645309167,1.2262389181956053,91.32420091324201
234,2025-05-23 14:53:37+07:00,656.6666666666666,34.2495796742846,,,,,,,26.265712258559414,26.413560914884044,0.05215672031616944,0.039998546586638706,660.0,29.651999999999997,0.044927272727272725,40.0,1.3039653879221729,630.0,682.0,4.444444444444445,37.77777777777778,580.0,740.0,6.923076923076923,85.9375,,,0.026762579799962348,0.0375288322500107,0.004739259046341679,0.06903067109631472,0.7131205048341124,0.3876911432980564,0.5436544604593047,-3.2826457814269214,18.677208038198454,44.950744806190436,0.41550386136485784,2637.537973710413,2.4067165025017436,4.1281688310274145,432.73479729921223,0.6111111111111112,0.6,0.8958333333333334,0.20833333333333334,49.47368421052632,49.46781169826056,49.4802671558325,48.75,0.46579804560260596,0.5342019543973943,12.74754878398196,13.65150674334655,0.5153831500363631,0.48461684996363685,32.2702254788628,31.29220360049145,0.5080824839492843,0.49191751605071554,24.53433769695695,24.140895204385508,1.1643561336229606,0.32103454770446316,1.4398181226927749,1.3110309420516022,0.4580454552438953,-0.5419545447561047,-0.9011629949550822,0.00029926058236801967,0.019575500150517382,0.4597591445653788,2.9177707320842794,3.7119781514386436,1.308510873164192,1.5335478979763202,1.000670883414583,1.3523472230095877,1.729023282411471,1.7977462405753917,3.397769444639293,1.2262389181956053,91.37055837563453
235,2025-05-23 14:53:38+07:00,656.7777777777778,34.27672508637153,,,,,,,26.436270623792268,26.586052392526835,0.05218922784255519,0.040251469398431806,660.0,29.651999999999997,0.044927272727272725,40.0,1.2965794447391896,630.0,682.0,4.444444444444445,38.88888888888889,580.0,740.0,7.5,54.6875,,,0.02571868450505815,0.039088656425398605,0.004969429660157858,0.06977677059061461,0.6579577518644755,0.3685851937165671,0.5601958373042885,-3.2419229710803723,18.79917793173656,44.933982899396625,0.4183732827296063,2653.7722401107776,2.39020999016875,4.130833756784236,429.6066192968384,0.6,0.5875,0.8936170212765957,0.21739130434782608,50.0,50.002684438685044,49.99708730461545,48.75,0.4726688102893891,0.5273311897106109,12.924606552829935,13.65150674334655,0.5153271279182787,0.48467287208172155,32.25643879455082,31.282342870965817,0.5089726428815208,0.4910273571184793,24.571561796638584,24.134504468294995,1.02312685724566,0.36955076689559063,1.0239540070522573,1.1671431478281002,0.823592069026744,-0.09488974524254568,-0.11253188031862972,0.00019431228353579446,0.015497446923604526,0.4597591445653788,2.9177707320842794,3.713315530589051,1.324963176690615,1.69974465457817,1.000670883414583,1.326035668789506,1.7254315193532108,1.804206090847576,3.142498284869841,1.2262389181956053,91.35510065978684
236,2025-05-23 14:53:39+07:00,656.3333333333334,34.264339243887726,,,,,,,26.542313049590682,26.690543022263316,0.05220569717199755,0.04044029413345457,660.0,29.651999999999997,0.044927272727272725,40.0,1.2909326771886644,630.0,682.0,4.444444444444445,38.88888888888889,580.0,740.0,6.923076923076923,54.6875,,,0.02303807740636049,0.041830985123657745,0.0054748912789331925,0.07034395380895142,0.5507419282203607,0.3275061488430132,0.5946635475917003,-3.1741179431561015,18.873063964593676,44.870572014302475,0.4206111738129368,2660.4425828762132,2.377492711224884,4.131924000469626,426.7178316499815,0.6,0.5853658536585367,0.8958333333333334,0.21739130434782608,49.23076923076922,49.226696982694065,49.23604195795443,50.0,0.4688995215311004,0.5311004784688995,12.924606552829935,13.755164319430918,0.515472106134304,0.4845278938656957,32.21544914217515,31.233524768406,0.5084703524194656,0.49152964758053413,24.544659479992063,24.132318733528038,1.1349229248743866,0.44047130667347734,1.5360450403174761,1.3158093869807375,1.9972115487815474,0.9972115487815474,-1.0,0.0003269686054060038,0.01937958253266158,0.48787164026977203,3.0204248861443626,3.7091814906492693,1.3132024146564891,1.7721269538853512,0.9264827504944784,1.5518821936805913,1.6757488250006511,1.8139621411862101,3.1769828280769716,1.2262389181956053,91.41696292534282
237,2025-05-23 14:53:40+07:00,656.4444444444445,34.22697244785634,,,,,,,26.222899333182102,26.36759858922718,0.05213993771677506,0.03994686763687186,660.0,29.651999999999997,0.044927272727272725,40.0,1.3052321946927505,630.0,682.0,4.444444444444445,37.77777777777778,580.0,740.0,6.923076923076923,85.9375,,,0.02124383127155181,0.04215552473201981,0.005654215976658005,0.06905357198022963,0.5039394339555158,0.3076427570992855,0.6104756571331189,-3.166389530003323,18.64470776604738,44.853353153030596,0.41568146984318866,2627.2437588781404,2.4056881832554122,4.126470478988624,431.6127266385104,0.6111111111111112,0.5975609756097561,0.8979591836734694,0.20833333333333334,51.041666666666664,51.06155189869802,51.019968265097894,48.78048780487805,0.4869281045751635,0.5130718954248367,13.012232007545123,13.356986595377375,0.5155718588122945,0.48442814118770566,32.20620239562453,31.21832500827917,0.5113506250304004,0.48864937496959965,24.56173502183949,24.01034055601502,1.2130084787891455,0.3645859708628063,1.5093529374816956,1.3270599520502926,1.6475799145587002,0.6475799145587002,-1.0,0.00033287027795665127,0.02075686406062432,0.5131451299155607,3.044522437723423,3.7119781514386436,1.3026918411204609,1.322058931110272,0.8892145948605515,1.513745438027681,1.6502085772285473,1.8069132797625171,2.755393757038279,1.1541072171252755,91.4014895057549
238,2025-05-23 14:53:41+07:00,658.3333333333334,34.29056279254124,,,,,,,26.87883758856323,27.019551805595903,0.05208693082411327,0.04082861405857705,660.0,29.651999999999997,0.044927272727272725,40.0,1.2757457490323783,638.0,690.0,4.444444444444445,38.88888888888889,580.0,740.0,6.923076923076923,85.9375,,,0.019334234124954303,0.04474397004895936,0.006417337297250648,0.07049554147116431,0.43210815007695036,0.27426180041276554,0.6347063816406255,-3.106798590849822,19.105708306358085,44.510015399780094,0.42924515156318005,2671.595849990944,2.329671043128396,4.133740870129756,414.7747760242666,0.6,0.5853658536585367,0.8958333333333334,0.2,51.776649746192895,51.830842484340245,51.72185904936263,48.78048780487805,0.5007776049766719,0.49922239502332816,13.526069105787736,13.505049560677799,0.502937849265727,0.4970621507342732,31.565662205312314,31.380733586530116,0.5026015051196316,0.49739849488036825,24.283179115536207,24.157160471226153,1.1038258856281484,0.07087696541471455,1.1659126958959327,1.1304742131885754,1.1310928828170699,0.13109288281706988,-1.0,2.7553512801427856e-05,0.0008493214989219338,0.5131451299155607,3.1135153092103747,3.709293985658797,1.33557265064681,1.5907374619642665,0.9325781933680377,1.5684231068328456,1.649664082880978,1.8025720846206892,2.5354055642497477,1.1541072171252755,91.13924050632912
239,2025-05-23 14:53:42+07:00,659.3258426966293,33.80417378778802,,,,,,,27.15695122800054,27.312340614514536,0.05127081573130766,0.04118896829059387,660.0,29.651999999999997,0.044927272727272725,40.0,1.244770574722459,640.0,690.0,4.49438202247191,40.44943820224719,580.0,740.0,6.846153846153846,54.6875,,,0.018685109812235118,0.04613489859897514,0.006794276250312439,0.0716142846615227,0.4050103149603584,0.260913166982653,0.6442136344309914,-3.0761855958737225,19.31274125859998,43.970206380136624,0.43922334800148766,2667.794045254708,2.2767459984768683,4.133122408796292,400.4359657127125,0.5842696629213483,0.573170731707317,0.8936170212765957,0.16,50.251256281407045,50.260371755732955,50.24163056513553,50.0,0.48690292758089376,0.5130970724191065,13.476245597431756,13.83399112132242,0.4949229662308007,0.5050770337691991,30.933375079918147,31.24908567105455,0.4936259560358034,0.5063740439641965,23.858781289466567,24.16489877510078,1.1612205147939967,0.34716436683171703,1.406509586462318,1.2329274030464594,1.5115472159756598,0.5232692903511509,-1.0,0.00020130105404484862,0.013702634793361871,0.5151101310017365,3.0910424533583156,3.6620237860776363,1.371069643465791,1.4000204298903287,1.0721739433278628,1.6010881566651167,1.6575240789617482,1.8094689547786431,3.011761983928375,1.1641767965782288,91.00204498977504
