,Timestamp,HRV_MeanNN,HRV_SDNN,HRV_SDANN1,HRV_SDNNI1,HRV_SDANN2,HRV_SDNNI2,HRV_SDANN5,HRV_SDNNI5,HRV_RMSSD,HRV_SDSD,HRV_CVNN,HRV_CVSD,HRV_MedianNN,HRV_MadNN,HRV_MCVNN,HRV_IQRNN,HRV_SDRMSSD,HRV_Prc20NN,HRV_Prc80NN,HRV_pNN50,HRV_pNN20,HRV_MinNN,HRV_MaxNN,HRV_HTI,HRV_TINN,HRV_ULF,HRV_VLF,HRV_LF,HRV_HF,HRV_VHF,HRV_TP,HRV_LFHF,HRV_LFn,HRV_HFn,HRV_LnHF,HRV_SD1,HRV_SD2,HRV_SD1SD2,HRV_S,HRV_CSI,HRV_CVI,HRV_CSI_Modified,HRV_PIP,HRV_IALS,HRV_PSS,HRV_PAS,HRV_GI,HRV_SI,HRV_AI,HRV_PI,HRV_C1d,HRV_C1a,HRV_SD1d,HRV_SD1a,HRV_C2d,HRV_C2a,HRV_SD2d,HRV_SD2a,HRV_Cd,HRV_Ca,HRV_SDNNd,HRV_SDNNa,HRV_DFA_alpha1,HRV_MFDFA_alpha1_Width,HRV_MFDFA_alpha1_Peak,HRV_MFDFA_alpha1_Mean,HRV_MFDFA_alpha1_Max,HRV_MFDFA_alpha1_Delta,HRV_MFDFA_alpha1_Asymmetry,HRV_MFDFA_alpha1_Fluctuation,HRV_MFDFA_alpha1_Increment,HRV_DFA_alpha2,HRV_MFDFA_alpha2_Width,HRV_MFDFA_alpha2_Peak,HRV_MFDFA_alpha2_Mean,HRV_MFDFA_alpha2_Max,HRV_MFDFA_alpha2_Delta,HRV_MFDFA_alpha2_Asymmetry,HRV_MFDFA_alpha2_Fluctuation,HRV_MFDFA_alpha2_Increment,HRV_ApEn,HRV_SampEn,HRV_ShanEn,HRV_FuzzyEn,HRV_MSEn,HRV_CMSEn,HRV_RCMSEn,HRV_CD,HRV_HFD,HRV_KFD,HRV_LZC,HR
0,2025-05-30 16:19:50,670.7847533632287,47.39566510123549,13.145750857098509,44.04076014285498,,,,,52.35359468464887,52.412397569368366,0.07065703992763656,0.07808481834382301,665.0,44.477999999999994,0.06739090909090908,60.0,0.9071604584686932,640.0,710.0,8.520179372197308,39.91031390134529,460.0,960.0,9.291666666666666,210.9375,,0.012172955369367768,0.017304129656851113,0.017031453334206897,0.011484987290208814,0.057850674897114665,1.0160101617456543,0.2991171613403972,0.2944037103196587,-4.072693448300675,37.06116173954569,55.88508320247021,0.6654393268379842,6493.37602894872,1.5110231669148075,4.519440663391892,337.7746216155762,0.6502242152466368,0.6210526315789474,0.8728813559322034,0.1826086956521739,50.275807722616236,50.084414806271084,50.48495424301216,52.493438320209975,0.6199292355796923,0.3824812710957438,29.160565845872522,22.893210764309558,0.42031557132311703,0.5822762119346158,36.14642320942992,42.638022774150535,0.4811188638736177,0.5213035400207763,32.8397816016389,34.21402624865406,0.7904767711036018,1.9113594686557303,1.1449919030581153,0.591575172473553,0.7532997997295547,2.271720068810026,-0.7907739069197941,0.0022695368809202954,0.2658102754366397,0.9514206707270415,0.8352606907674582,1.0577765294532822,1.2757536275249073,-0.06831288029728455,-0.921546556665723,-0.032112114776609475,0.00016658642995246041,0.0441082055542078,1.0038385104640923,2.218935063707121,4.074364490119407,1.0844053692018991,1.6353306884065515,1.4230262321004314,2.396799038301395,1.6421807134960336,1.7936333893999534,2.816058115524254,0.8682502143419135,89.44747133736672
1,2025-05-30 16:19:55,671.056179775281,47.198164878430255,12.64938003557685,44.10210657227653,,,,,52.40392324216929,52.462915406343114,0.07037185341721325,0.07813357181118186,670.0,44.477999999999994,0.06739090909090908,60.0,0.9006609039616718,640.0,710.0,8.539325842696629,40.0,460.0,960.0,9.10204081632653,210.9375,,0.014031585173438017,0.015602386248257313,0.018522177062312083,0.013760499488068284,0.061916647972075696,0.9965619240493849,0.2967104128297448,0.29914696077645475,-3.9887865047120985,37.09688324464141,55.52833620644049,0.6707369440164116,6471.455315811725,1.4968464018998544,4.517972066759443,332.46956101638347,0.651685393258427,0.6216931216931216,0.8723404255319149,0.19130434782608696,50.274941084053424,50.10211527237192,50.46711795293535,52.116402116402114,0.6188326081602495,0.38283311345646437,29.176043854311594,22.91164696374798,0.42141910842089614,0.5819112792009581,35.95493533658182,42.31593963032972,0.48260105816361604,0.5201179783097472,32.741402765050346,34.02633034422851,0.7806708516079031,1.9695463228969676,1.258161739828715,0.6961935565200316,0.9238603943649273,2.27217833788861,-0.7286207527966897,0.002368939528304845,0.2755661699618194,0.9292287542881351,0.6630343303718933,0.979950856416596,1.2026249406241947,0.25495454747459423,-0.6847990852848616,-0.04454332149452696,0.00017359393798967705,0.02905992145864236,1.0203155444115817,2.257269896782003,4.064990586161863,1.0867568974063087,1.6801860749304673,1.426982515281771,2.354052381261854,1.640872250259499,1.7972061167489697,2.665675767816768,0.8896511655357735,89.4112919429375
2,2025-05-30 16:20:00,671.1434977578475,46.85902395659947,12.553397720828446,44.234217079232295,,,,,52.11698164016119,52.17559527384793,0.06981967956650975,0.07766041243546493,670.0,44.477999999999994,0.06638507462686566,60.0,0.8991721762932454,640.0,710.0,8.295964125560538,39.10112359550561,460.0,960.0,8.92,210.9375,,0.013796581551249567,0.015351954786396935,0.0180652486522722,0.013764127463360443,0.060977912453279146,1.0255156554578309,0.27785256289666516,0.2962588899072868,-4.013765150166594,36.893717230582645,55.10622029989409,0.6746590757326555,6387.088172990639,1.4936478196405318,4.512273021544697,329.23714319827053,0.6457399103139013,0.6174142480211082,0.8675213675213675,0.1896551724137931,50.11876484560571,49.92125716717869,50.33499386964666,51.71503957783641,0.6169438239430795,0.38609013196115866,28.97847912248419,22.914109919623275,0.4227906216254317,0.5806490483955707,35.68530726025299,41.991122412740935,0.4831439590795013,0.5197964202662364,32.50533345861042,33.79830437964448,0.7923400686590037,1.8211479561195145,1.1328547640562605,0.6155737105733338,0.8443132369333988,2.433627477930184,-0.7887930234267471,0.0024126124977631373,0.27215503337008806,0.9587173227824043,0.8082405383987262,1.067856530347468,1.3096789117305518,0.16611097768657324,-0.7021693377177067,-0.05281509629069508,0.00016832792903157318,0.039784415536886386,1.0314310327959966,2.2532392188908905,4.046447079661183,1.0839204782856118,1.6857752334122504,1.4051656896370937,2.3180039955756913,1.6318068815818811,1.7973614479994056,2.706847959714747,0.8896511655357735,89.39965923896702
3,2025-05-30 16:20:05,670.6053811659193,46.46943049982409,12.805905752996383,43.873422355080734,,,,,51.98098182903159,52.03946659614894,0.06930470838182913,0.0775264777145134,665.0,44.477999999999994,0.06739090909090908,60.0,0.8959307420155969,640.0,700.0,8.071748878923767,38.56502242152467,460.0,960.0,8.745098039215685,210.9375,,0.012569181844145136,0.01424383733249478,0.01577257906573526,0.012033249844001798,0.05461884808637697,1.079870751421199,0.2850654754329558,0.2887753883200121,-4.149482348846456,36.79745971946773,54.54633500257166,0.6755764431435399,6301.237585044617,1.483389391315519,4.506395964744133,323.6538187118286,0.6434977578475336,0.6153846153846154,0.8663793103448276,0.19130434782608696,50.07987220447284,49.87946580624165,50.29973950220934,51.85185185185185,0.6173486360612109,0.38427583909386187,28.912340331135827,22.794617667216848,0.4228838661743921,0.5784054280613505,35.464308911499835,41.443762566187054,0.4838247051912178,0.5176491812704694,32.330563625999474,33.44532889834604,0.7865728207321059,1.8472073113637317,1.1697002404692816,0.5639730186771882,0.9701058403294462,2.5101647597684105,-0.8173254343274431,0.0026211921369376887,0.26151507873612345,0.951021136191076,0.7450693847238992,1.0544894667884865,1.2757304713466673,0.156633135285003,-0.7368651068566321,-0.055515512709443125,0.0001540431449966091,0.03581059361957235,1.0374282568700401,2.2525441469229612,4.027696192054329,1.0811815789780872,1.6946519061267367,1.4009822684563695,2.2739351635471303,1.6225970155586962,1.7961122376634702,2.7423427571280965,0.8682502143419135,89.47139656959443
4,2025-05-30 16:20:10,670.4269662921348,46.22747507015145,10.800874822658434,43.646950711264225,,,,,51.82915454897235,51.887575398660054,0.06895229069590868,0.07730768175334415,670.0,44.477999999999994,0.06638507462686566,60.0,0.892117383208667,640.0,700.0,7.865168539325842,37.89237668161435,460.0,960.0,8.415094339622641,210.9375,,0.011699996730006388,0.014377077319336169,0.014600362056331596,0.01092290171634582,0.05133538864275362,1.148196772701171,0.29728609149934515,0.2844112500625346,-4.226708952196445,36.6900564237208,54.187591480573296,0.6770933237893493,6245.9442046352915,1.477556868096313,4.502568210296695,320.21677682344733,0.6449438202247191,0.616,0.8744588744588745,0.1896551724137931,50.12145748987854,49.92529487418553,50.337074822902,51.724137931034484,0.6173388111008636,0.38312667560321717,28.827736205221402,22.696346699389117,0.42462223566528473,0.5758062751925901,35.3023327255425,41.11857399510716,0.4850588808352584,0.5150923809657242,32.22263426376116,33.21039958273593,0.7902758491541424,1.7772391764816622,1.31835872589859,0.6196878560043678,0.9085240247813058,2.4552711004478827,-0.8112100993627731,0.002591554228588287,0.278059972697082,0.956486805064529,0.6938004024675197,1.0537493588859068,1.2378603611312198,0.29949267004471647,-0.5842943001571159,-0.0645998922748294,0.00014537839241200354,0.03108033048500978,1.042386196648116,2.2302644314144193,4.016573678659758,1.0728930470979134,1.7816736002167866,1.358974976284709,2.224636192520288,1.617199316833046,1.7914423967056914,2.6428197169423098,0.8303410878333887,89.49520681102098
5,2025-05-30 16:20:15,670.5381165919282,46.224365575654446,10.848289683197532,43.478773087937654,,,,,51.84001723945882,51.8984944348578,0.0689407201835514,0.07731610976827152,670.0,44.477999999999994,0.06638507462686566,60.0,0.8916734221390279,640.0,700.0,7.865168539325842,38.34080717488789,460.0,960.0,8.10909090909091,210.9375,,0.011337442247284677,0.014784569811862077,0.013235191635280365,0.009333415037268178,0.047516670130661395,1.2798543941645586,0.3237235267218961,0.2785378604789902,-4.324875963976061,36.69777734826025,54.1513093619616,0.6785966086458276,6243.0756327015515,1.4759850079730865,4.502368706252358,319.62309627494494,0.6457399103139013,0.6180371352785146,0.8798283261802575,0.1896551724137931,50.160771704180064,49.96868957533868,50.37192691212671,51.9893899204244,0.6173687295871368,0.3833849761326522,28.827736205221402,22.71047700436443,0.4243248677817151,0.5770501289020139,35.25712843386293,41.10108514641631,0.4849777864464123,0.5159874617124858,32.203287721285065,33.20382273020392,0.7484940223825116,1.881699927149317,1.2131007693512643,0.5796493012672119,0.9083649646036993,2.5456407389565605,-0.8288538601543022,0.00255036750514028,0.28147286234807417,0.9460624444636088,0.7937021099941296,1.0507809386729015,1.2805973062786329,0.5690134110060789,-0.36222031954434897,-0.06063383398112531,0.00014243127071900024,0.03801843673301893,1.0478148212234206,2.241451620804984,4.016749822586102,1.0725283576685898,1.7309821481442471,1.3331577615309533,2.2354554351456994,1.6189989591031342,1.7979733438525496,2.7315026426047275,0.8682502143419135,89.48037183173946
6,2025-05-30 16:20:20,670.896860986547,46.21115506041736,12.542612075726108,43.33263089470217,,,,,51.799093306888395,51.85737329148848,0.06890039500199292,0.07723195806128515,670.0,44.477999999999994,0.06638507462686566,60.0,1.0010556454057948,640.0,700.0,7.847533632286996,38.34080717488789,570.0,960.0,7.964285714285714,210.9375,,0.010830413204588742,0.015150068344371664,0.01125979614928371,0.007925126561487375,0.04460852499829954,1.6471963612126401,0.39700534086030176,0.2524135498699616,-4.486516760405723,36.66870030893365,54.144610348963425,0.6772363873819189,6237.357293652385,1.7287116615359879,4.501970732354634,364.7371750941789,0.647982062780269,0.6216931216931216,0.8808510638297873,0.1896551724137931,50.392327811682655,50.3389073134849,50.45791161340534,51.45888594164456,0.6164154103852597,0.41356463076737743,28.78938743406724,22.71047700436443,0.45627608268515657,0.5751979306046824,35.62074814716164,41.064249514692456,0.49012781282508333,0.5149481179833596,32.20399874600191,33.18160901742625,0.8917168058960937,1.6788777139996125,1.1970267146086755,0.6097249649419694,0.9306430177792029,2.355552360471184,-0.8205814416415668,0.0018496355061763216,0.22308387873790247,0.9745683183943578,0.30894992067250693,1.052665300228627,1.1040048465400654,0.9841361745281736,0.011512550710202518,-0.10188913840136003,9.931218633953483e-05,0.009765739210179342,1.0595845483399176,2.2506724117796324,4.01795814352338,1.1214088336084014,1.6658622497191709,1.302699230200851,2.227629431750416,1.7404466824641838,1.7980434780193006,2.690135905248887,0.8485172549250518,89.43252456386607
7,2025-05-30 16:20:25,670.6726457399103,41.637003308822806,13.901452464610513,39.4542526769523,,,,,39.25258928740582,39.29686099316293,0.06208855462913394,0.05853294763385695,670.0,44.477999999999994,0.06638507462686566,60.0,1.063932260255411,640.0,700.0,6.51685393258427,37.89237668161435,570.0,950.0,7.559322033898305,101.5625,,0.010073947902239927,0.017354884866041934,0.010521499556613577,0.003643900835094909,0.03926394655669674,1.730850409423143,0.4420056155328568,0.2679684667311942,-4.554334538426587,27.78707688761063,51.988314175111874,0.5393157789359796,4538.355061981908,1.8709529752045204,4.363868580229809,389.0707643271716,0.6502242152466368,0.6223404255319148,0.8846153846153846,0.1896551724137931,50.0,49.93234209671628,50.07755587352999,51.06382978723404,0.5746973723058756,0.4321460111863407,21.015419470723728,18.203762665155246,0.4628841829474531,0.5502962440011774,35.36297110655312,38.11698632441953,0.48701552350407507,0.5221640234889237,29.08769139183604,29.868726300474258,0.9396836765132808,1.645805283814682,1.2705463359899234,0.6861105008485184,0.9031154924770775,2.7615693911394867,-0.7873989449241408,0.00092509475796303,0.16366888643111935,0.9842508003700647,0.39442716682906476,1.0170170332067112,1.150210061822122,0.9132626427246913,-0.034435858796959096,-0.10445830872605913,7.611822776058134e-05,0.011110099272527204,1.0757766823428998,2.2483305882697158,3.960592944004565,1.1450460208645892,1.6564644978955447,1.3144638675612088,2.2022099716635095,1.7350273993693324,1.777737803554044,2.8400040680054928,0.8303410878333887,89.46242310778284
8,2025-05-30 16:20:30,671.0313901345291,42.556652539486166,14.888093492964362,40.1292003347486,,,,,39.75769305811607,39.799896791242844,0.06341976420947217,0.059248633734027556,670.0,44.477999999999994,0.06638507462686566,60.0,1.0704004499777866,640.0,700.0,6.726457399103139,37.44394618834081,570.0,950.0,7.559322033898305,101.5625,,0.009366209259267722,0.01679383356419807,0.009498931972908237,0.0036569526844233246,0.038728695315454996,1.7730786816992512,0.43465498594724616,0.24584965233906858,-4.656575910600079,28.14277691161253,52.24208309861349,0.5386993634708154,4618.886669430351,1.8778768084049398,4.371507416342382,387.9127145205455,0.6494382022471911,0.6213333333333333,0.8841201716738197,0.18803418803418803,50.32437442075995,50.25445099300764,50.40254967669695,51.06382978723404,0.577330350484713,0.450952516349161,20.902331190801,18.899926116448366,0.45424218680636,0.560603421137858,34.749200555822114,39.115452397589365,0.48151832647908666,0.5359377956559137,28.674155510482606,30.718283020664476,0.9625243470312458,1.6798148867654707,1.1510753985902673,0.6180648799586348,0.8683784878513778,2.797317532502731,-0.8022310512439726,0.0008705369787534867,0.16279256453092256,0.9975188022331561,0.36886793142553476,1.1274440761164346,1.1743505660186422,0.6884621279138967,-0.25070013299486815,-0.05930125426135219,0.00013164836835844262,0.012908851561281806,1.0870646590065647,2.263182545128017,3.965322633030954,1.1399398785749708,1.5633190739489748,1.3569828573351332,2.2082875184534947,1.7355620376290506,1.7797038319166747,2.7716145086806225,0.8105710619325937,89.41459502806735
9,2025-05-30 16:20:35,671.6404494382023,41.40807905510114,14.64104953482539,39.07955973685136,,,,,38.869149859635606,38.91276032658848,0.06169053166853583,0.057928168014795695,670.0,44.477999999999994,0.06638507462686566,60.0,1.0672337471702478,640.0,710.0,6.292134831460674,37.30337078651685,570.0,950.0,7.672413793103448,101.5625,,0.00865038759969275,0.018929125764204097,0.011111135021142433,0.0037835371992062604,0.041017928748416144,1.7746192353487102,0.4614841934195671,0.27088483890282916,-4.499807518429762,27.515476701617573,51.75176249166039,0.5329386137835991,4469.886344545421,1.882681435656827,4.357266590461895,389.6626847937469,0.647191011235955,0.6186666666666667,0.8836206896551724,0.1794871794871795,50.32618825722274,50.27622793013765,50.385456061032485,51.2,0.5787974209026842,0.4229675101063033,20.902331190801,17.89422142119853,0.4532551585275284,0.5513896497634534,34.7994984415825,38.36543683828356,0.4805942448020657,0.522826081635713,28.704638484011912,29.927577886817996,0.9548940544351155,1.5785427623308692,1.2418750094137527,0.6675186857567639,0.9193804611512184,2.770792291234276,-0.8214494893739104,0.0009120220463289919,0.16374909889494113,1.0032423110326052,0.2806353605490918,1.122309642107127,1.0854871141410711,0.9351026848310213,-0.05240744824853516,-0.21100092132604456,9.976639658121457e-05,0.007755927221306138,1.081457048737862,2.253105035730676,3.960112267381705,1.1396763215706913,1.6371646588481554,1.3862633359042709,2.2210362372916004,1.7379249340809375,1.7808682638743385,2.4595765599973904,0.8303410878333887,89.33351177730194
10,2025-05-30 16:20:40,671.6404494382023,41.388312260797115,13.684002721001171,39.386366613445226,,,,,38.802456502528685,38.846168018102944,0.06172359044715141,0.05777266174928153,670.0,44.477999999999994,0.06638507462686566,60.0,1.0815106394231258,640.0,710.0,6.292134831460674,37.07865168539326,570.0,950.0,7.824561403508772,101.5625,,0.00875828170520274,0.017476781296099336,0.010137027175441774,0.004165361264919178,0.0405043954543038,1.7632701690624992,0.4372249540775933,0.2509986691976908,-4.591560501768483,27.468388828712577,51.8679226979499,0.5334877691348412,4451.486962296302,1.9146154193699816,4.355475215695728,397.2284982727405,0.6502242152466368,0.6213333333333333,0.8884120171673819,0.1864406779661017,49.95269631031219,49.87808165429486,50.03747095437468,51.46666666666667,0.5794077029307964,0.4259981987391173,20.848264025256807,17.884757751208515,0.44821797528489743,0.5552185667347476,34.725098765819745,38.52854682835274,0.4763355772167459,0.5264529741707048,28.557465832257954,29.975169606764485,0.9687097248983754,1.6831383115921417,1.152604781498658,0.6490688890071468,0.8594362981119636,2.7015601600291608,-0.8346836815948541,0.0009521873643433101,0.1609342321156515,0.9883174587387356,0.3903380093776815,1.0736144192583739,1.1490722721623228,0.8595462734663277,-0.07259425854008228,-0.16687991156064746,9.015288158697944e-05,0.011190367770197449,1.090019888304,2.2428833406570883,3.9642138156872995,1.1355539574311622,1.6445973165583214,1.456379052808602,2.2554351358736477,1.7400721134509534,1.7773471007384836,2.6569713044989998,0.8303410878333887,89.33351177730194
11,2025-05-30 16:20:45,670.5829596412556,41.496524017286156,12.074281916301311,39.329777061026746,,,,,38.336182926164085,38.37930364762454,0.06192810554948908,0.05716844183853545,670.0,44.477999999999994,0.06638507462686566,60.0,1.084421691866699,640.0,700.0,5.605381165919283,36.54708520179372,570.0,950.0,7.964285714285714,101.5625,,0.009139779298643408,0.017407666400512813,0.010324441960922987,0.004381455393557531,0.04078463780537458,1.7119996330079688,0.4290334466047467,0.25321327769778695,-4.573241188963886,27.138265866452905,52.078073324834556,0.5229642150036369,4434.263541624123,1.9231222534208054,4.353791610935084,400.6100069050791,0.6502242152466368,0.6256684491978609,0.8931623931623932,0.18803418803418803,50.09433962264151,50.02851646258978,50.17004722998107,51.87165775401069,0.5808868501529054,0.42248774509803916,20.68369684837107,17.62343852900408,0.4487145807395645,0.5559532407353345,34.885102205859916,38.7402329853222,0.47629921848596113,0.527204293869775,28.64497735216762,30.09477726568708,0.9520194944358437,1.6398115264366964,1.1448390948993605,0.589275160682316,0.9459499989456206,2.627749857266171,-0.8385359396302566,0.0010126565112921365,0.16522600516233227,1.0132295365338158,0.45292125729356647,1.0721675693055612,1.162717681856466,0.8201267406572503,-0.17037028101903218,-0.06811286493404688,8.015710613450286e-05,0.01295294635878865,1.0818980066807944,2.2573930988026722,3.966082475253115,1.1246874683100139,1.672540107345585,1.497122835034325,2.299945404933684,1.7412285971929387,1.765068213474144,2.6870476411320348,0.8287842955081902,89.47438812357898
12,2025-05-30 16:20:50,669.5078299776286,41.501277372876004,12.321537016637098,38.9432291844318,,,,,38.347904737453504,38.3910386597897,0.061996147200906675,0.057285522216319204,670.0,44.477999999999994,0.06638507462686566,57.5,1.0850889463118196,640.0,700.0,5.829596412556054,36.32286995515695,570.0,950.0,8.127272727272727,101.5625,,0.009571409641109056,0.016954534612113572,0.011451507504173524,0.004807901904031879,0.04259477345276389,1.6114850915992809,0.41045967896038077,0.2688477147759183,-4.469633897895127,27.1465637731322,52.09188157403874,0.5211663081159053,4442.252791701274,1.9240797335903819,4.35457337892371,400.9157344847927,0.6510067114093959,0.6256684491978609,0.8888888888888888,0.19491525423728814,50.095057034220524,50.025557653039584,50.174450085464336,51.60427807486631,0.5824142156862746,0.42187740052235356,20.680974413762584,17.585057129114883,0.4491864339777982,0.5524745344730281,34.912693867614074,38.70371558059268,0.47660787416717043,0.5238132260011532,28.66090947904392,30.06003853937688,0.9541021945878393,1.5903240351819765,1.2188826877054613,0.644913826322927,0.8800598078779371,2.687908006488276,-0.8084146789452713,0.0010249609316642328,0.16798674143664027,1.0511638830557086,0.17247267478428197,1.1053851136207284,1.108233811437192,0.9829154639572635,-0.007362553876714806,-0.17139533570957333,3.3984414082718925e-05,0.0031631037946239205,1.0812580114885462,2.2482624112548883,3.965098445165644,1.124696580756393,1.6656422282428025,1.4972380246851618,2.3379220947980652,1.7391689833538797,1.7654496073596857,2.591821113020213,0.7878417021193126,89.61807063855382
13,2025-05-30 16:20:55,669.351230425056,41.61550916935806,11.018154899385472,39.43773685158404,,,,,38.63999647197526,38.68228719935972,0.06219992844050909,0.05775262788970121,670.0,44.477999999999994,0.06638507462686566,50.0,1.0843359366479661,632.0,700.0,6.263982102908278,36.46532438478747,570.0,950.0,8.596153846153847,101.5625,,0.010319209590334413,0.015554100392192474,0.011157280164246157,0.00484823894666924,0.04167578085368488,1.5339143499345298,0.38688689149415234,0.2677161635775243,-4.495663064612951,27.35250759047284,52.17311384838043,0.5259966425472832,4468.49416428363,1.9230466477423156,4.357131305057608,401.3253267536247,0.6510067114093959,0.625,0.8936170212765957,0.1864406779661017,49.95322731524791,49.882118861859354,50.03513916901271,52.3936170212766,0.5829928884853989,0.4219852830755368,20.84183347193596,17.768802353525448,0.44898363076382153,0.55779017687076,34.916408633293564,38.83735153209266,0.47771330084475455,0.5283580782896281,28.69759928346816,30.199918966000485,0.9259747764600982,1.659274804459337,1.1893209593985832,0.5944630593334089,0.8790726528995516,2.7293926564949764,-0.8380266517828072,0.0009132056598800759,0.15592766965759383,1.0741893802630456,0.3849413528319694,1.1064636692359295,1.1942646109303325,0.8030625422938122,-0.16420750658262584,-0.08586915225922939,6.076837639732931e-05,0.010314088915508463,1.0730839359676496,2.2457034574564454,3.9712751055102844,1.1347890967873902,1.6021612507921237,1.4653452245161795,2.272315405497781,1.7500135832954629,1.7761504842418634,2.813160131847335,0.7878417021193126,89.63903743315508
14,2025-05-30 16:21:00,668.8143176733781,41.660371109748844,10.216169089574514,39.926841074779496,,,,,38.65160007478095,38.69468544796123,0.062289891243168756,0.05781443325333652,670.0,44.477999999999994,0.06638507462686566,50.0,1.0797898215365411,630.0,700.0,6.263982102908278,37.13646532438479,570.0,950.0,8.764705882352942,101.5625,,0.011052013131324909,0.014081589042057295,0.010649252657399959,0.004784523786568761,0.04011686197409031,1.438780158361082,0.3615191688962216,0.2654557742895702,-4.542265562303032,27.361274476133804,51.9838218164016,0.5316458260292596,4463.428479176929,1.9023093673836453,4.356638690105018,395.49946470324363,0.6487695749440716,0.6223404255319148,0.8974358974358975,0.1864406779661017,50.0,49.930012228735436,50.080532638100486,51.9893899204244,0.5816787003610109,0.4209815398469158,20.84452882706807,17.75298677197284,0.45231588275231005,0.5558804360679531,34.842686414056864,38.63204706075537,0.4805799046223694,0.5261562038989694,28.709816949701843,30.044603578837783,0.8954677410381956,1.609414747734178,1.2107887565418975,0.610068251789796,0.8604436642461017,2.555746714145029,-0.8211893807133668,0.0008770409949958744,0.15569467843447843,1.044189301522668,0.31215572138146586,1.1367382333078266,1.1575120069845546,0.985822947733956,0.0462987261290575,-0.15687761834722325,5.184874387200917e-05,0.007144158904273346,1.0719493326939498,2.2537949288246137,3.9721220455271844,1.1381626878869051,1.58354762852387,1.4459617940468978,2.2325766590585796,1.7525678269801361,1.7760721211062998,2.9492795735566966,0.7878417021193126,89.7109981268397
15,2025-05-30 16:21:05,668.1696428571429,41.127811563326524,9.869475934644814,39.67163992094888,,,,,38.492278199456315,38.53508790790834,0.06155294842109402,0.05763392459340791,660.0,44.477999999999994,0.06739090909090908,50.0,1.068469144648015,630.0,700.0,6.0402684563758395,36.830357142857146,570.0,950.0,8.96,101.5625,,0.01133372258188532,0.012781730397035038,0.010166763445815654,0.004711932769091154,0.038763877785150516,1.3295640413532464,0.3299760817304925,0.2622741590035218,-4.588631364821633,27.248421973301717,51.37471716114071,0.5329222866102709,4397.852635835203,1.8854199047371691,4.35021078280015,387.45165734342766,0.6473214285714286,0.6206896551724138,0.8931623931623932,0.1864406779661017,50.04739336492891,49.97781625242535,50.127739883165965,51.9893899204244,0.5811668681983071,0.4216610891390325,20.761835459785168,17.68559495912693,0.45324461926448883,0.5512832627531569,34.55766407627026,38.014857845043494,0.4813638892605951,0.5227717108422376,28.49509314415126,29.64717259737563,0.9751158425851412,1.6800150524854094,1.1419264458306442,0.6854294054074035,0.8259722838383423,2.6316258864199638,-0.7736912835577837,0.0007938345023324319,0.1612905708811743,1.0576851737846873,0.18394804279074872,1.115416390382033,1.1337205160944053,0.9474649292808079,-0.0447745599261653,-0.06955525734261582,4.3841661041962904e-05,0.0031952172250211434,1.0817377062724587,2.2481910209282465,3.954642584700665,1.1382834425422448,1.650508550202892,1.4428902151514043,2.202918882533341,1.7507570864056448,1.7723946757859095,2.80040266173735,0.8256895239429003,89.79755462016436
16,2025-05-30 16:21:10,667.3883928571429,40.793479158248466,7.952171941673374,39.57889162251477,,,,,38.247399057656395,38.29019434994955,0.06114245119737475,0.05732631240491825,660.0,44.477999999999994,0.06739090909090908,50.0,1.0679672187814222,630.0,700.0,5.803571428571429,35.9375,570.0,950.0,8.784313725490197,101.5625,,0.011839535757800486,0.011250561784350858,0.009345778304351359,0.0044674792505932665,0.03620332240599562,1.2930555715043548,0.3140244186932256,0.2581469788751655,-4.672830555897792,27.07525607780015,51.00316873563083,0.5309929819732394,4338.300235824646,1.8869620906168483,4.344289714405734,384.6454906064388,0.6495535714285714,0.6243386243386243,0.8940677966101694,0.1864406779661017,50.19011406844106,50.124404876763265,50.268418695841866,51.45888594164456,0.5819044703000613,0.41948310139164996,20.642700313505106,17.535997569637484,0.45335593372530864,0.546847319518135,34.33409432680996,37.71639737097474,0.48162440689957536,0.5188772380308566,28.327010095067827,29.411203999561135,0.9499512500170553,1.6076232194110394,1.1452348208622896,0.6358763453134826,0.8375179462590001,2.7449389085946443,-0.8377259585776802,0.000887491733525938,0.1518274836854719,1.0579055294867103,0.3499137103190708,1.1072885300113189,1.191078054287416,0.9229117621093987,-0.011038107721247359,-0.1183023810170459,4.2073037890013604e-05,0.0073567677050749005,1.0854888711627506,2.231208430151818,3.9366402137034417,1.1333720511969254,1.5629296159628745,1.445194560458824,2.2002062060542644,1.740622709448075,1.7653592386417172,2.54341195879252,0.8453487983224932,89.90267233017826
17,2025-05-30 16:21:15,667.2991071428571,40.71596160478547,6.7365605407425315,39.44899581951596,,,,,38.21521535414603,38.25800731408297,0.06101605886918846,0.057279990895170205,660.0,44.477999999999994,0.06739090909090908,50.0,1.0682027194510368,630.0,700.0,5.803571428571429,35.49107142857143,570.0,950.0,8.784313725490197,101.5625,,0.011915247912373809,0.010253515546918553,0.00820224078110951,0.004292307198668381,0.034663311439070255,1.2500871189411205,0.29580311635666323,0.23662600139998372,-4.803347896053315,27.052496406472596,50.909569747652874,0.5324200575995056,4320.399760606075,1.8873631336314123,4.342494043302844,384.3061297267616,0.6525612472160356,0.6259946949602122,0.8940677966101694,0.18803418803418803,50.047755491881574,49.97626503106141,50.13004494901669,51.329787234042556,0.5813489015209711,0.42046855733662136,20.60736948593985,17.526405446992733,0.4543888930915985,0.5477245806845323,34.31434443041477,37.654511158654266,0.48196889270843807,0.5196607278690355,28.28037690239346,29.35434792445422,0.9560440523153088,1.6948544566018031,1.141765999333397,0.6064711087167182,0.8221958577092359,2.6892570898439674,-0.8007685110114304,0.0008740324257052176,0.16527083778326424,1.037698200701438,0.27033159436068677,1.0984544262017426,1.146142971361514,0.8929988877393251,-0.07369855801285263,-0.21181218484836958,4.596407469496194e-05,0.005033358173136781,1.0793007367232574,2.201992166819692,3.934034896340372,1.1271522007212276,1.6671184596676871,1.342473575860729,2.244621462629301,1.7378949221208306,1.764336320472758,2.6258101175126183,0.8453487983224932,89.91470145509282
18,2025-05-30 16:21:20,666.837416481069,40.487396637883045,9.25540805762612,39.192314342210814,,,,,38.14783441682519,38.1905179982055,0.06071821944154121,0.05721345056656183,660.0,29.651999999999997,0.044927272727272725,50.0,1.0654986206644543,630.0,700.0,5.803571428571429,35.044642857142854,570.0,950.0,8.471698113207546,101.5625,,0.011922116475750961,0.00934672274236368,0.008179127342490898,0.0039121962350186865,0.032747771598620586,1.240553946235769,0.28598717941928536,0.24976134079411444,-4.806169815905473,27.004774253558,50.585153516050674,0.535036973410352,4283.629594347939,1.879249377237958,4.338782020280908,379.7574097107201,0.65625,0.6303191489361702,0.8945147679324894,0.19298245614035087,50.335570469798654,50.260583002094386,50.42001248625135,51.329787234042556,0.5848939792601765,0.4198308993082243,20.56925303465314,17.49759752887553,0.45499345017657356,0.5478236012770444,34.11472305170975,37.357441557013566,0.48365945493278095,0.5193381216098313,28.160950452646915,29.169713393931342,0.9669899139181605,1.5909075447497976,1.215448097395699,0.598635233395099,0.9356683709500708,2.812631467364888,-0.8850154547702352,0.0009535896193763483,0.16211666096396785,1.0563003157420794,0.3998592803386556,1.1421359195369858,1.2308837751331292,0.7888386673424765,-0.1989862056977676,-0.05257432777331644,5.170219118283802e-05,0.008856847242039884,1.0831118874992027,2.208975593871738,3.9213696913875213,1.127680328017028,1.6264406023976188,1.3573920017263594,2.2077069217856233,1.7316816232699819,1.7680573993915412,2.671442163707432,0.8830194288716071,89.97695467753249
19,2025-05-30 16:21:25,666.837416481069,40.51795426830982,12.53740309388834,38.921171306689885,,,,,38.11263185526713,38.155275939398166,0.06077014901976163,0.05716256803200427,660.0,29.651999999999997,0.044927272727272725,50.0,1.0640776678812573,630.0,700.0,5.803571428571429,35.044642857142854,570.0,950.0,8.471698113207546,101.5625,,0.011788861033160035,0.008852543861625716,0.007765375444709951,0.003657633909364127,0.03150111828297899,1.260348475773144,0.28249277814453666,0.2465111039853407,-4.85808047265403,26.979854354792362,50.593705304339856,0.5333592854537376,4288.30790254571,1.8785293164764212,4.339256070316248,380.0123472184232,0.6636971046770601,0.6356382978723404,0.891213389121339,0.1981981981981982,50.1432664756447,50.07962145570841,50.21762526165495,50.92348284960422,0.5807846771702193,0.4201292705447829,20.561076030539652,17.474814091050536,0.45572584816001793,0.5447514722710279,34.15453033952907,37.32547486246592,0.4834138916323885,0.5171513554510181,28.18944652035087,29.140590457137453,0.9711992574124504,1.5936035630018617,1.1681360940710173,0.5811444080438621,0.9435281397572393,2.6466124631426404,-0.855184947776049,0.0009856680191055874,0.16305167920320002,1.026917095174451,0.3690747264313694,1.0769639261077864,1.194184832689002,0.7347031807506177,-0.23255040934921478,-0.13085529411661917,3.872839323121386e-05,0.007922825002198406,1.0876006331413235,2.200690785312706,3.9226897840996373,1.1287516005024563,1.6594060990008364,1.3633310385711652,2.212790223085946,1.733983922846855,1.7684074327780779,2.46116131069992,0.865008072702086,89.97695467753249
20,2025-05-30 16:21:30,667.2544642857143,40.55402415346656,14.70307184189183,38.11194185030228,,,,,38.09795452123986,38.14053610763361,0.060807961780417086,0.057121431142956695,660.0,29.651999999999997,0.044927272727272725,50.0,1.0654905432635042,630.0,700.0,5.803571428571429,35.044642857142854,570.0,950.0,8.314814814814815,101.5625,,0.011708888854050366,0.008912616389611378,0.006809676043670841,0.003327960010494455,0.030529793484009318,1.325330620541938,0.3188409151662137,0.2448082977974086,-4.989410730631996,26.96943171979809,50.65937947710698,0.5355110389475893,4288.229606168295,1.8801459931668911,4.33924814084946,380.98811736081495,0.6607142857142857,0.6336898395721925,0.8945147679324894,0.1981981981981982,50.38387715930903,50.30617668774609,50.470880155758245,51.06951871657755,0.5828192473781617,0.4200772200772199,20.561076030539652,17.462323311232353,0.4589586521741684,0.5446806229655186,34.2015830126629,37.371438939830185,0.48591691751083765,0.5170821370520591,28.217956411704442,29.153692472049652,0.9562489371779589,1.6038610434834368,1.2470501823982314,0.602911282284568,0.9684529450731332,2.6834199261476797,-0.8401870397921444,0.0010303364351034016,0.16620817067325983,1.0715208887815053,0.344506587997925,1.1513301274906071,1.1928597472137181,0.7315130318553109,-0.19532628240834038,-0.13638567798750426,5.4226427442542596e-05,0.008297219975273256,1.0838770383391694,2.160614831723658,3.9236953602571187,1.126218180811872,1.5877544330897506,1.4032904063963347,2.2077726877804547,1.7195081927163465,1.7768356390203086,2.449212937794155,0.8453487983224932,89.92071722476834
21,2025-05-30 16:21:35,667.34375,40.29193463714656,14.878054005093706,37.698210053759475,,,,,38.068582876660074,38.111131472462674,0.060382641056538636,0.05705066277093636,660.0,29.651999999999997,0.044927272727272725,50.0,1.0610605433453242,630.0,700.0,5.803571428571429,35.044642857142854,570.0,950.0,8.296296296296296,101.5625,,0.011588318121414642,0.009560390517417292,0.007297421022373949,0.0030524018303403544,0.03065896599150931,1.3954894794423516,0.3396197627353188,0.24446569605769009,-4.920234277853808,26.948639502870407,50.198485460586284,0.5368416846765095,4249.886500497605,1.8698434177181305,4.33534744169074,374.5391164981418,0.6651785714285714,0.6380697050938338,0.8949579831932774,0.2072072072072072,50.19193857965452,50.135637934824786,50.25937421562323,50.93833780160858,0.5802716887928374,0.4241524761755976,20.528335442841236,17.459113030239838,0.46276337471162016,0.5400540089619555,34.13365846794935,36.85897240016571,0.48874306739848095,0.5132325244656576,28.1648646052171,28.8353606159659,0.9670982436451341,1.617803526829958,1.1864690704951428,0.614713863932526,0.9146837316903991,2.706327628981562,-0.8344268233009131,0.000948256233066225,0.16931852319748503,1.0663067594489444,0.3258104602333962,1.1399319812671687,1.2081775601622655,1.2379494148012418,0.21936380550788348,0.0,4.708915507232536e-05,0.005682064259022222,1.084259626564875,2.1479535283294364,3.9128323413492403,1.126061559936056,1.5737049661374949,1.38099727681415,2.182630965652694,1.7177448812315952,1.778870723124619,2.605339110693733,0.865008072702086,89.9086864902833
22,2025-05-30 16:21:40,667.2321428571429,40.229145001361466,13.560070980921086,38.142947310333774,,,,,37.97444095109365,38.016962969445764,0.06030409677031114,0.05693243272234106,660.0,29.651999999999997,0.044927272727272725,50.0,1.0606089617497896,630.0,700.0,5.803571428571429,34.74387527839644,570.0,950.0,8.314814814814815,101.5625,,0.01155325004898353,0.010399358970742983,0.007122688618449323,0.002989251709583385,0.031822040186347406,1.4600327948924183,0.3496773302623582,0.2455100941621009,-4.944470009886087,26.882052315812967,50.08684185100793,0.5374528859127716,4226.380802136517,1.8682855864689316,4.332938734910901,374.30609880794793,0.6607142857142857,0.6336898395721925,0.8945147679324894,0.19642857142857142,50.242483026188175,50.17169135228442,50.32319281624038,50.80213903743316,0.5822215327334782,0.42451653150343094,20.51194555165115,17.468742103329753,0.4635193843100687,0.5384152037094552,34.03595958909004,36.75211241583,0.48954682914233866,0.5119887114342139,28.093624671620194,28.743689580285103,0.9507468747142691,1.6043214587310826,1.135684101436393,0.6011078182754673,0.9438093177630114,2.6608371509212283,-0.8335866123129979,0.0009636909678464801,0.16076149427253744,1.0357687865371517,0.1758242998861026,1.0774480938329267,1.0676595757415734,1.0,-0.10486642986106531,0.0,5.13065010789028e-05,0.002037760238261834,1.09412887627981,2.152200895962264,3.9084256403136934,1.126858590997341,1.5183032053705936,1.3953419241679175,2.2024361452955605,1.7139283438926842,1.7753372644462593,2.7719580650477194,0.8256895239429003,89.92372541148133
23,2025-05-30 16:21:45,667.1651785714286,40.12005966396457,9.888883236726942,38.237351289992944,,,,,37.88006505880185,37.922481268079416,0.06013512238434249,0.05677764109318889,660.0,29.651999999999997,0.044927272727272725,50.0,1.0604606082127064,630.0,700.0,5.580357142857143,34.375,570.0,950.0,8.296296296296296,101.5625,,0.011375966986707403,0.011427501250962575,0.007527137356696636,0.0028746732498237215,0.032965906571139396,1.518173604311328,0.35638254158798194,0.24756752072469998,-4.8892404745647395,26.81524366407877,50.04604074008341,0.5365052590822361,4216.007215348904,1.869022448571069,4.331871455426132,373.68552892013696,0.6607142857142857,0.6336898395721925,0.8945147679324894,0.19642857142857142,49.90328820116054,49.83430062742924,49.99224497667856,51.06951871657755,0.5805442602439789,0.4201811933770695,20.421566020861246,17.378663274824415,0.46293816879170085,0.5384805539856123,34.029205005508,36.696313172459135,0.48906760154898954,0.511990801981607,28.06267228946029,28.710950329716784,0.957570456028579,1.5710598819274597,1.216072540821271,0.606916079364193,0.9216796073690716,2.6594893252977503,-0.8635704415160916,0.0010437053950100505,0.16921474412429927,1.0688969195702551,0.18519983328677503,1.1578233092782835,1.1434744008721223,0.7764148182648984,-0.22358518173510156,-0.3687284814420148,3.365763752161342e-05,0.0035271577408864233,1.0907108772137581,2.145001736992244,3.905068164317306,1.122613158083987,1.5544731002451229,1.3726777676246689,2.1898055436618433,1.711930342014577,1.7739419752296341,2.606417876440896,0.8256895239429003,89.93275117936365
24,2025-05-30 16:21:50,666.7633928571429,40.1463446268371,11.032225882357032,37.51053479675903,,,,,37.80912854513156,37.851491727658086,0.06022489416294877,0.0567187569924288,660.0,29.651999999999997,0.044927272727272725,50.0,1.0618161849172398,630.0,700.0,5.580357142857143,33.92857142857143,570.0,950.0,8.163636363636364,101.5625,,0.011048390454386716,0.012473327342457829,0.008037034863912268,0.00290293743246131,0.03412878660980205,1.551981241050143,0.3654781954326906,0.23549137435797293,-4.823695061834839,26.76504647865354,50.045529576051514,0.5353897865800596,4208.072018154174,1.8702879383946598,4.3310532738116825,374.30236223127116,0.6584821428571429,0.6300268096514745,0.8898305084745762,0.1981981981981982,50.19417475728155,50.13705940756829,50.26262650675829,50.93833780160858,0.5813262433531436,0.42071349992142065,20.399595529270858,17.326979403422765,0.466126923006546,0.5378443697898482,34.1034531393113,36.702327201538395,0.49179150332676524,0.5114326447454148,28.096417281441227,28.699172786470882,0.9594951087908034,1.6404071900916941,1.1412328244185446,0.5974036225367756,0.9298965295108479,2.6794183271448206,-0.8475667180041562,0.0010561326758157811,0.1744988676397152,1.0623134146799724,0.23784554398061153,1.1462709671202012,1.1286632048733134,1.227005110773443,0.21767982202887914,-0.48594993204439674,5.973195547570987e-05,0.005351804400074584,1.085334493275897,2.1102132003465894,3.90179103546106,1.1166835375368924,1.556890916237515,1.4163800803030113,2.1981845203552255,1.7065217470845633,1.779560881985481,2.5111752616318372,0.8256895239429003,89.98694385859194
25,2025-05-30 16:21:55,666.4508928571429,39.97921494772464,10.133090781603212,37.5623539794603,,,,,37.70544024028425,37.74752114211042,0.059988238257630166,0.05658215725747753,660.0,29.651999999999997,0.044927272727272725,50.0,1.0607209846663663,630.0,700.0,5.580357142857143,33.25892857142857,570.0,950.0,8.145454545454545,101.5625,,0.010724198987404366,0.013306078210611092,0.008477562994598325,0.002999831961655655,0.03544096526613047,1.635562356652476,0.40673057266820756,0.24867934323254273,-4.770332253193112,26.691528172568848,49.87721302407711,0.5404363167860051,4180.745515486981,1.8693925051256266,4.328223842548462,372.9603528150561,0.6584821428571429,0.6300268096514745,0.8893617021276595,0.1981981981981982,49.853085210577866,49.78450308627403,49.93409447288693,51.06951871657755,0.5793863099921321,0.42197351828499374,20.316994587248775,17.310796548109646,0.46553752487929634,0.5408947677630211,33.9653634295385,36.52520316368596,0.49121873944746014,0.5142803625227428,27.980936759178874,28.581061415547353,0.8842566527648497,1.643604557656906,1.1111936755989809,0.5902153143479546,0.9715991413345839,2.548153512319221,-0.8182872881309263,0.0011154398613497064,0.16864542562009643,1.0236813864759462,0.13265671307164406,1.1381963394037315,1.0825981459020189,1.1037801881669322,0.04320402489054853,-0.40832453011000064,1.9902704369084428e-05,0.002311630044077397,1.0976177678264438,2.113632906428115,3.8933319069020804,1.1133943469064973,1.5303671991861452,1.4205479713429694,2.206811651819957,1.7011443206761516,1.7809583098082045,2.8094267182281296,0.8256895239429003,90.02913889540142
26,2025-05-30 16:22:00,665.7461024498887,39.567275881878636,9.249618522458237,37.32284805995501,,,,,37.43744782967984,37.47780183512764,0.05943298163710527,0.056233822010993736,660.0,29.651999999999997,0.044927272727272725,50.0,1.056890311056682,630.0,700.0,5.3452115812917596,32.73942093541203,570.0,950.0,8.035714285714286,101.5625,,0.010584903414408793,0.015032589149997937,0.009564150384049093,0.0032362432064544167,0.03839158838945295,1.6911249223151201,0.4169673622293641,0.24912161027476112,-4.649733505539678,26.500807821584388,48.98722356357056,0.5453222344980854,4078.418716224222,1.8536688275306248,4.317461921107347,362.2150824417805,0.6681514476614699,0.6388140161725068,0.8945147679324894,0.22018348623853212,49.64964964964964,49.56964637666113,49.7436096982344,51.206434316353885,0.5819190600522193,0.42570473005255616,20.086309303318306,17.29142239928815,0.4693166472714707,0.5419948280482308,33.19213247954892,36.06453997898706,0.4949408617192806,0.5156654671270912,27.425956636149046,28.281127386355728,0.952226201360792,1.6319808591236362,1.1261995691423534,0.6088830693950515,0.8697595844416881,2.65439245826553,-0.8439749957607516,0.0011791399647125228,0.1793306379221385,1.106186748693628,0.3023207770525844,1.2353333055589086,1.1762475595350057,1.4240111361402512,0.4240111361402512,-0.43795205260391706,6.546070610747761e-05,0.007467188519665012,1.105232214168038,2.0918640616783932,3.874832209489024,1.1246392001762482,1.6655111675966314,1.4663785772244693,2.2563484645187195,1.6958197466641032,1.7795518699077055,2.797445441069545,0.8241514669468334,90.12444801284624
27,2025-05-30 16:22:05,664.5333333333333,38.72501549442306,7.962115834432868,36.969678547909865,,,,,37.04568900016113,37.086770305024565,0.05827789770747902,0.05575065229774767,660.0,29.651999999999997,0.044927272727272725,40.0,1.0453312258345262,630.0,690.0,4.888888888888889,33.111111111111114,570.0,950.0,7.894736842105263,101.5625,,0.010505218170438917,0.016063499008846134,0.010161237895535953,0.0036989617292039444,0.040339234580476044,1.5814788087277152,0.39821030755553244,0.2518946628812321,-4.589175004141898,26.22430677499075,48.10759190917825,0.5460362483099017,3962.3605519578705,1.835347554594141,4.3049241012555175,353.1766046716927,0.6711111111111111,0.6424731182795699,0.899581589958159,0.22935779816513763,50.150150150150154,50.08309405114476,50.228949251859014,50.93833780160858,0.5834011391375103,0.4185329438493996,20.00836878480031,16.965695430148784,0.471190461607903,0.5318522472753748,32.99356454300813,35.07483213696334,0.49696266072621775,0.5058822022474473,27.284703797936075,27.550668511532777,0.935666181578427,1.6670151051355862,1.1054605026592954,0.6036643129569592,0.8571881140021276,2.5141329517637674,-0.8291534060485628,0.0010485834500676614,0.166713445774453,1.0998645585742177,0.1906261621296399,1.2347546163154561,1.1515042733701444,1.3665880258169834,0.36658802581698335,0.0,4.377900649485459e-05,0.00383589021928072,1.113543742301995,2.080433113402131,3.837971605222117,1.1301218883702548,1.489565398268663,1.3956981093817529,2.2271735245146638,1.6909793153954353,1.7832472523631389,2.5731880462275374,0.8030333974219968,90.28892455858748
28,2025-05-30 16:22:10,664.6102449888641,38.59856917286607,7.597434184280759,36.85501766950068,,,,,37.00959966962644,37.05077466071332,0.05808713288962408,0.05569447831766679,660.0,29.651999999999997,0.044927272727272725,40.0,1.050084108258981,630.0,690.0,4.888888888888889,33.111111111111114,570.0,950.0,7.627118644067797,101.5625,,0.010463207840190445,0.016549702634680523,0.01054280191949071,0.0038566886773193504,0.04136112663707374,1.7933307631765514,0.4173143297573277,0.2548963912902882,-4.552311934433428,26.198854010805093,48.01676465773169,0.5465160981133442,3945.5859042088778,1.845731732217297,4.303081613342748,354.50426482874155,0.6733333333333333,0.6442048517520215,0.899581589958159,0.23148148148148148,50.20000000000001,50.127572868126116,50.28353049883616,50.810810810810814,0.5863822805578345,0.41626016260162596,20.016734070700515,16.90308509457033,0.4706662042598496,0.5316875921246577,32.89930892019921,34.97492188367676,0.4968155192521939,0.5054038909607462,27.223906004260044,27.430183942127172,0.9287622925658974,1.64826102108192,1.1099562156096365,0.6037117338818817,0.8688089795496925,2.534849652873209,-0.8268883331956314,0.0012399206299907879,0.17700429151831998,1.0254699630126374,0.24310553403578983,1.1412372783340912,1.133508775187916,1.0826616658359915,0.09598293417542791,-0.07277543038256483,4.3351790753642754e-05,0.005143755089691126,1.1163385632415288,2.0515952873421877,3.831053742204194,1.1244875219235697,1.647921304827368,1.3423933980595901,2.19491224858066,1.6858863283480454,1.786151790620327,2.4733588974002094,0.8226195778469235,90.27847592238867
29,2025-05-30 16:22:15,664.2444444444444,38.671075958821184,5.359191828367655,36.9816677891831,,,,,36.73779966568724,36.7785355134594,0.05823372546755524,0.05530765062915011,660.0,29.651999999999997,0.044927272727272725,40.0,1.0551449081878872,630.0,690.0,4.444444444444445,32.666666666666664,570.0,950.0,7.775862068965517,101.5625,,0.010673320372190473,0.01720807137661704,0.01088457593307895,0.004425688237966863,0.04310073055815998,1.5932199901863084,0.4004055591402535,0.25349574332019403,-4.520408543889732,26.006351863677406,48.151248105133135,0.5475860143123121,3931.425695247649,1.8548888163090755,4.301520181786818,357.26084640614005,0.6711111111111111,0.6424731182795699,0.895397489539749,0.23148148148148148,49.94934143870313,49.87250331770298,50.03884647975718,50.943396226415096,0.5846687592929126,0.41796745267353036,19.874045349938914,16.780489308377494,0.47689510187215683,0.5347160408484168,33.03424638286753,35.062716426093836,0.5011485324772766,0.5082677738417045,27.260219300800067,27.48109230808481,0.9345960445200986,1.6254356043368634,1.1066453730124413,0.6156885337375695,0.8279437089065649,2.5435661558476133,-0.8503622380563618,0.0011981245920620993,0.1760652435222806,1.0719823709253276,0.2741962052355049,1.308161227189534,1.1710631245717815,1.7184415645899298,0.7184415645899298,-1.0,8.456175730001852e-05,0.008305707930401073,1.126860107770339,2.061003367709083,3.829997821659481,1.1238730105697234,1.5098559620384695,1.2899313849768346,2.180196788348745,1.6821159092836513,1.7872132116230628,2.828315808750259,0.78344721699707,90.32819243250478
30,2025-05-30 16:22:20,663.6363636363636,38.12949758203727,6.031242358685955,36.38660291239928,,,,,36.58779395736598,36.628487918507346,0.057455407315398624,0.0551728469799788,660.0,29.651999999999997,0.044927272727272725,40.0,1.0421371025120498,630.0,690.0,4.444444444444445,32.37250554323725,570.0,950.0,7.775862068965517,101.5625,,0.010786649531626981,0.017237009914239494,0.01084466845271695,0.004606636206376433,0.04325609489864489,1.6029578077507272,0.3986294902573995,0.25100941817308653,-4.5240817066121135,25.900252191786073,47.17179163712014,0.5678143051240307,3838.253668880287,1.821297712221028,4.291103783684435,343.6555047602157,0.6711111111111111,0.6424731182795699,0.8949579831932774,0.24074074074074073,49.89858012170386,49.824502496371146,49.98599654465585,50.943396226415096,0.5834859330780756,0.4220659635024275,19.781658959258216,16.755147465553012,0.4767929918688096,0.5331514302629603,32.24745035520622,34.44353050970369,0.5018889719214704,0.5064767548913695,26.749589624195877,27.080968269630667,0.9243515563539347,1.6319660173580215,1.148216780942258,0.5732919714116276,0.9069939137630731,2.369881867766659,-0.8247093910735005,0.0012267061869487294,0.17539583133744724,1.0283984495690635,0.2385010951534512,1.2652829347896777,1.146032387212952,1.662301553425011,0.662301553425011,-0.3886676129876434,6.957933618816138e-05,0.006489271888248137,1.1553434785065857,2.058541189802269,3.811673116611638,1.1317183444588472,1.6550152661725648,1.32813869196394,2.2497307000832287,1.6824113898963473,1.7932164661446617,2.8137018494452417,0.8210938185736717,90.41095890410959
31,2025-05-30 16:22:25,661.8362831858407,37.974457669288356,7.164039087168472,36.25075472955883,,,,,38.89550501563498,38.93641413764247,0.05744270562068986,0.05883594346597172,660.0,29.651999999999997,0.044927272727272725,40.0,1.1771017421781944,630.0,690.0,4.424778761061947,32.30088495575221,570.0,960.0,7.677966101694915,210.9375,,0.010773773525809209,0.01672402988674203,0.010341650080800789,0.004663405837870359,0.0424634203324411,1.9220188771182751,0.4203757583105815,0.2571922936558016,-4.571575840351278,27.53220247181475,45.64283396857526,0.6092480827764982,3908.7474497123185,2.119407510241037,4.299007720854616,371.0390829489277,0.672566371681416,0.6442048517520215,0.895397489539749,0.24074074074074073,50.96446700507615,50.966552573696525,51.01374371741676,50.943396226415096,0.6697933460354685,0.4658768993046613,22.53392504154076,16.686654681045102,0.5038715258378534,0.5391145101798371,31.59092562842916,33.180833707045856,0.5174422836745981,0.4999967292097059,26.916425548420843,26.091047798402425,1.022592891949728,1.5971288722780597,1.1535012290134583,0.8513470630289215,0.942879516447575,2.6815932717164883,-0.7369699762655924,0.0008716768243579623,0.15087374050448607,0.9565797576940587,0.4031160410384924,0.9946713242039265,1.0624416647954331,0.7011702754372129,0.07644200805948742,-0.17267820556150018,2.8918826994260378e-05,0.006835608791616648,1.156821328997239,2.067596300675866,3.766143303755621,1.1978499011843653,1.6087026788270016,1.3372720624828474,2.2596760068633164,1.7844896590521875,1.7906075175041245,3.0658806144368977,0.8195741513748627,90.65686110646834
32,2025-05-30 16:22:30,660.70796460177,34.60814700129854,9.201934331507092,33.64925390385279,,,,,31.59828045058193,31.63309856259484,0.05238039929208056,0.04784577679618149,660.0,29.651999999999997,0.044927272727272725,40.0,1.1138389619608298,630.0,680.0,4.646017699115045,32.22958057395143,570.0,840.0,7.661016949152542,101.5625,,0.010972042553445383,0.015723373665616328,0.009441679300555476,0.0046087974227378295,0.04055180837761655,1.9520011317979071,0.38773544990154335,0.2328300433025082,-4.662621422637639,22.367978503553235,43.47935486053635,0.515155213599881,3053.6653066328267,1.9683915932245715,4.191791544958566,340.87792268639134,0.6703539823008849,0.6415094339622641,0.8870292887029289,0.24074074074074073,50.42553191489362,50.33422323067259,50.52384981322091,50.806451612903224,0.5865870463941203,0.43319299800576117,16.86218649325565,14.722111821904967,0.497936039723932,0.5065357309070758,30.592334064582133,30.91036952977292,0.5161229538153653,0.491153658612732,24.70044773736223,24.20439390756935,1.021214072579163,1.295237750851581,1.1167641660231253,0.8354880827792361,0.8801165116404652,1.9791563366819065,-0.7730692956857773,0.0003236555922122393,0.08296371671203397,0.9092882386887045,0.3905903408756144,0.9439968798933744,1.0610736902580882,0.8115821808613344,0.12183497498394669,-0.09131089969849158,2.2365424720798966e-05,0.0068721344666541105,1.1532721474999947,2.0850229515180314,3.7516709011069627,1.1969221160998877,1.5752508908437302,1.3998940536952422,2.270249980687076,1.786177625186397,1.790541186263569,3.2087176355527385,0.8375381706887155,90.81167961425126
33,2025-05-30 16:22:35,660.7505518763797,34.50932328003667,10.368442753096083,33.527892582560966,,,,,31.60875008664391,31.64385143014885,0.05224832224350698,0.04785675299511974,660.0,29.651999999999997,0.044927272727272725,40.0,1.0936414535482402,630.0,686.0000000000002,4.646017699115045,32.30088495575221,570.0,840.0,7.677966101694915,101.5625,,0.01126970572011296,0.01517303433428488,0.008911312316562711,0.004540328869413194,0.039630653959919035,2.0762112535613073,0.41127820307155816,0.2385338194633562,-4.720433762535402,22.375581929117878,43.41222121123838,0.5159083825810364,3051.5977993635124,1.9432604743781405,4.191497402997083,337.3939272611602,0.6666666666666666,0.6390374331550802,0.8870292887029289,0.23636363636363636,50.314465408805034,50.27700534655989,50.35265703167479,50.534759358288774,0.5702846975088968,0.43123750277716066,16.878651868229547,14.689376357687133,0.49681728527882385,0.5044787025760972,30.589456151794874,30.833618852855533,0.5121992832581096,0.48905117614160215,24.699017172916193,24.15046406739367,1.0040885310417675,1.3507183859996128,1.1577063769387559,0.7680247384344399,0.8952907166773754,1.9505491178501027,-0.7709955985781063,0.0003487681273487255,0.09118233268756411,0.9193413275660252,0.2986321697010633,0.954260268236232,1.043950757300978,0.7792341992677825,-0.18199076154667448,-0.07624320621583874,2.3374245637576357e-05,0.005147461540411312,1.1590308808538694,2.1054170280830964,3.7485051548480945,1.2001083050637718,1.5488478855768493,1.3896926853884903,2.253149235566945,1.786691451568783,1.78563729517572,2.8556553783982905,0.8195741513748627,90.80582654015768
34,2025-05-30 16:22:40,661.9068736141907,34.44877087626363,10.266355036603427,33.06539524780028,,,,,31.580678366997343,31.615468005334883,0.052121726036256144,0.04778224081771038,660.0,29.651999999999997,0.044927272727272725,40.0,1.0908179512781941,630.0,690.0,4.646017699115045,31.858407079646017,570.0,840.0,7.290322580645161,101.5625,,0.012078659534708045,0.014564096103221236,0.008264766802256277,0.004357167923279359,0.03889207437562466,2.0976511818685584,0.3752078763249417,0.21292125362380623,-4.795753763200212,22.35551181695863,43.277950850407635,0.525664019414411,3039.49322231045,1.9358962212431876,4.18977128926098,335.12648605781015,0.668141592920354,0.6407506702412868,0.890295358649789,0.24770642201834864,50.47219307450157,50.455843824931634,50.49757575305619,50.134048257372655,0.5715876196838121,0.43352080989876257,16.888523387857866,14.651507317223938,0.501275565194281,0.5039063280248359,30.48235615267322,30.721441912642753,0.516498536151223,0.4882391148033059,24.640263266953195,24.067339485894045,1.0226269201829428,1.3703477175975576,1.116064492259249,0.8123829196002177,0.7842515103779073,2.333247274199462,-0.783420489165873,0.0004495070732689844,0.10880586454372888,0.8932190530956354,0.33277242656991435,0.9422317228395971,1.0168936177307384,0.6520236679097948,-0.330738492225898,-0.11093614528365787,2.3756811133856897e-05,0.004911958221495309,1.178174859935651,2.1150591772927294,3.7465257885338556,1.202737663144787,1.4846928724247,1.4278387788897657,2.265198649167575,1.783424425716914,1.7830987238180018,2.7764417265335344,0.8601935242200371,90.64719281790165
35,2025-05-30 16:22:45,661.9068736141907,34.0748197681026,10.181653434651931,32.771840066939134,,,,,31.418779250294147,31.453638301546818,0.05150420858474577,0.047489594104912235,660.0,29.651999999999997,0.044927272727272725,40.0,1.084765484223826,630.0,690.0,4.434589800443459,31.194690265486724,570.0,840.0,7.290322580645161,101.5625,,0.013321096163197337,0.01459580302957604,0.008071450824747571,0.004308345572350495,0.03966506868231914,2.1181152190923354,0.3709146140244253,0.2061734227965342,-4.819422032840484,22.241080936012676,42.80449375805329,0.5243296876278035,2990.8534149273064,1.9245689488384718,4.182765238256157,329.5207982299982,0.6637168141592921,0.6346666666666667,0.8865546218487395,0.23636363636363636,50.05279831045406,50.01606683243188,50.09114767001466,50.402144772117964,0.5669894167980186,0.4356035064059339,16.726559053725836,14.674240468703424,0.5063446297010185,0.5018950568619318,30.458777554304525,30.094206659622166,0.5188435997818152,0.4873130796176807,24.56921534825808,23.674824263396133,1.0379662783529842,1.3173767730200767,1.2328856351374258,0.8320886340660818,0.8892283807679879,2.0963554543422815,-0.8088387463826812,0.00038435282426908134,0.09662343368508958,0.8929982170380248,0.32813008655087816,0.914431998258332,1.0325647725894895,0.8031655961677204,-0.1481787700465631,-0.03957544442523646,2.7863009878003144e-05,0.006704201733013974,1.181583033035169,2.118156053860526,3.7263874618112913,1.2027316509542119,1.5721954535736544,1.4366418962334797,2.2916844869553774,1.7843217881255538,1.7802214364417357,2.9266414205244775,0.8781151621873527,90.64719281790165
36,2025-05-30 16:22:50,661.7256637168142,34.116866524110854,11.088965408702755,32.24050482628569,,,,,31.503352160353447,31.538055239780796,0.051569215411649945,0.04760787421089855,660.0,29.651999999999997,0.044927272727272725,40.0,1.0860664717636088,630.0,690.0,4.434589800443459,31.41592920353982,570.0,840.0,7.290322580645161,101.5625,,0.014129966332076888,0.015223578298215166,0.00833024865067811,0.004219408726549072,0.041806884304632745,2.1008482437258067,0.36642417997055304,0.20130390395936315,-4.787861973227507,22.300772725484926,42.83208878299842,0.5218780100495876,2995.6046556062106,1.927941210742502,4.183454606833698,330.2309660952094,0.6637168141592921,0.6329787234042553,0.8865546218487395,0.23423423423423423,50.314465408805034,50.27751417370192,50.35214374347592,50.53191489361703,0.5705987488829312,0.43318385650224217,16.8457050246577,14.651507317223938,0.5038981714310764,0.49818760279113194,30.395824936558817,30.211520961135072,0.5174019668975783,0.4841451573859191,24.548314676442292,23.74239526092271,1.0163320947361065,1.3096902956329082,1.125367386412313,0.8045543984825398,0.9683650121944365,2.1942337426508716,-0.7762980616829346,0.0004916864845886481,0.0882755218940422,0.8925549145085454,0.42043234685467257,0.9448340514037661,1.0330957593977683,0.5174157682231657,-0.40924840349600355,-0.04843912018584894,3.19472686258786e-05,0.009295472525342692,1.18114291811081,2.1193540318172506,3.727765713380817,1.1998540129312243,1.6499499799401236,1.4360639612571422,2.3467634134091124,1.7854239098291824,1.7765374890284311,2.778641516323813,0.8976288324581828,90.67201604814443
37,2025-05-30 16:22:55,662.1286031042129,34.109095584268175,10.719554092367627,32.454983809888304,,,,,31.446603773522014,31.481477017433733,0.05152638455369267,0.04749319637619191,660.0,29.651999999999997,0.044927272727272725,40.0,1.086377324602337,630.0,690.0,4.434589800443459,31.48558758314856,570.0,840.0,7.158730158730159,101.5625,,0.015140031135328675,0.016107711965323266,0.009050806875164784,0.004180040504124381,0.044341496895676624,1.8193833820744827,0.3640723178010075,0.20411595252318274,-4.704901367767822,22.260765880795834,42.86401095083576,0.5198245501830425,2994.837693175799,1.9285710442425135,4.1833434005040875,330.6651614395035,0.6585365853658537,0.6276595744680851,0.8813559322033898,0.22123893805309736,50.26343519494204,50.21986844879872,50.3077724723604,50.53191489361703,0.570753655793026,0.430117222723174,16.80823321429684,14.595511406915437,0.5017351984480067,0.49918509962404967,30.33412192489572,30.284723572106923,0.5164029713570497,0.4845501488098187,24.51197084660002,23.765906696308434,1.0573937861857277,1.3517503383344502,1.2527004324861215,0.8368850504567875,0.8698045466128175,2.2534041149652757,-0.8201529148718639,0.00045632584720465153,0.09974895693780728,0.8905993775189207,0.2792392733896676,0.954935291731037,1.0197149339727791,0.7333250498237298,-0.23951602676015749,-0.09452401826724026,1.4946023529384857e-05,0.004290981827738812,1.1946739190086388,2.155235381049369,3.7303613393952966,1.1995411222000583,1.5955676767322666,1.4341628539837714,2.367697612988181,1.7853989733803257,1.772685232907528,2.8449816834834163,0.8797433770432197,90.61683745228049
38,2025-05-30 16:23:00,665.5679287305122,53.5165231947298,9.775558759607959,34.50501126416721,,,,,44.345437839115505,44.34943520862183,0.08040730462599947,0.06662796677072301,660.0,29.651999999999997,0.044927272727272725,40.0,1.206810120781462,636.0000000000001,690.0,5.3452115812917596,32.29398663697104,570.0,1510.0,7.0625,101.5625,,0.01671911425136182,0.016821551496111434,0.009794860267223128,0.0041065384449170605,0.04619543856082192,1.9908037096469835,0.36424098981633385,0.21209040079749839,-4.62589749341244,31.359786377809918,56.14005536651001,0.558599135199952,5530.899981270602,2.017729497487611,4.449765914882771,402.0060313656915,0.66,0.6293333333333333,0.885593220338983,0.22321428571428573,54.385964912280706,52.91103105534559,56.864552540004034,50.26595744680851,0.7836549375709422,0.43053366358928186,27.78955753210147,14.629804523673268,0.7156959817665588,0.4979919017292878,47.49382263640786,31.80137689445338,0.731883575822096,0.48340203194332293,38.909656233694385,24.752361026616875,1.00463460750338,1.3651316439589607,1.1465655416286529,0.8109681295399613,0.9320069793102799,2.05460461074336,-0.7809902203896026,0.0004228754322711389,0.09853407575262084,0.8872385606253629,0.4310132612178764,0.9526393409176865,1.0494914461484857,0.5913997992416391,-0.2842919740811207,-0.06634608284103764,3.078057735708504e-05,0.010326448551041463,1.1997327740655859,2.184392137266335,3.774111648490602,1.2034073046394078,1.5031381351196191,1.456508817713852,2.399951104177974,1.7882441223891208,1.7834988356019417,2.7220975475512366,0.8633967748966825,90.14857448802036
39,2025-05-30 16:23:05,669.9775784753364,69.26743119414347,12.12047511514169,53.96439257712444,,,,,50.9550052110076,51.010625776964396,0.10338768552788724,0.07611069748486399,660.0,29.651999999999997,0.044927272727272725,40.0,1.4938958334945425,640.0,690.0,5.605381165919283,32.43847874720358,570.0,1520.0,7.193548387096774,101.5625,,0.015947041946138635,0.016051463672494107,0.009579452012334892,0.0036424562715793225,0.04394972644356625,1.889137022930055,0.36797595954002754,0.2258661652579764,-4.648134889853072,36.06995939946082,90.86230571061074,0.455697773204731,10269.62104551911,2.6820905494557334,4.7185245281572765,934.9752691126257,0.6636771300448431,0.633423180592992,0.885593220338983,0.22522522522522523,53.429951690821255,52.5055035904922,55.14583582500976,50.673854447439346,0.7711324624851558,0.38445595854922276,28.361803396326753,22.36570408239194,0.4172621799364718,0.7212139621280788,47.97547276122816,77.16419255318584,0.46902494795820865,0.6749130985374713,39.39978760858925,56.76989273027548,1.1691120725392763,1.831658447933902,1.2340810822994062,1.1797469525514301,0.9458985611413628,2.846205203246135,-0.7047196816346311,0.0033340015327617185,0.30688254663116515,0.8655590174644994,1.4480508004217971,0.9642854600443336,1.0135029348274176,0.612743179020236,1.5962985111992751,-0.33671282960246773,0.00207606119156095,0.17302923080908414,1.0508005142868253,0.9956005703320386,3.8088858512742068,0.8129566052663738,0.9901156242762897,1.258294533716027,1.2568117535223127,0.8879984322257155,1.7949026402082933,1.7323694679292887,0.8830194288716071,89.55523576854857
40,2025-05-30 16:23:10,670.829596412556,69.73775997999766,14.734628780864814,54.39875052291884,,,,,50.97035930901299,51.02688794993923,0.10396072515397968,0.07598108309709481,660.0,29.651999999999997,0.044927272727272725,40.0,1.3723846135578233,640.0,690.0,5.829596412556054,32.28699551569507,570.0,1520.0,7.311475409836065,101.5625,,0.0071307093099991035,0.008197153960714541,0.005063380828721718,0.0018310215043498982,0.02222226560378526,1.6189092304131434,0.37674551605430495,0.2372724968264171,-5.285720870825522,36.081458492248146,91.80215350522657,0.3931892696245271,10404.465772420375,2.553701933278951,4.724189895802445,937.7413475418723,0.6659192825112108,0.6344086021505376,0.885593220338983,0.22727272727272727,50.59687786960514,50.526099859792915,50.74745996550975,51.075268817204304,0.6202750627108382,0.3834345186470077,28.4173370505585,22.31278468413031,0.28061829550967604,0.7233380574558556,48.50332544613339,78.03951779688505,0.32601895513329276,0.6779232766001733,39.73108715436035,57.39349570435094,1.178194532199361,0.6248171736188448,1.191148238691369,1.0972899743755837,0.8983809373621217,0.671343832078438,-0.6825544796503641,0.0003434766172944485,0.024910425334532884,0.7041990682317382,1.8034479633091887,0.9330509215669209,0.6367343117474665,0.6290068020676154,1.8092168449613433,-0.7823855185916778,0.004163046648959342,0.2694690929832257,1.0257420801412613,0.9900472839873184,3.8252381085083162,0.7240832398826118,0.9476766422133159,1.272833795625847,1.2671806500092035,0.8433778796586183,1.7889275743406026,1.7536981420964999,0.8879831737587751,89.44149202847689
41,2025-05-30 16:23:15,672.5,70.26112212430886,17.473905752454904,54.41156860445169,,,,,51.206658709219916,51.264532142644335,0.10447750501755963,0.07614373042263184,660.0,29.651999999999997,0.044927272727272725,42.5,1.3735674918823768,640.0,690.0,6.306306306306306,32.432432432432435,570.0,1520.0,7.295081967213115,101.5625,,0.005727655445224623,0.007201962627415482,0.004578005281177665,0.00150443500952575,0.01901205836334352,1.624002528055511,0.3940052014431371,0.24321462626779844,-5.386491903853113,36.24949831241954,92.5998440139409,0.3926653788654606,10545.377429388169,2.554663932496873,4.730032238140398,946.1903210360705,0.6621621621621622,0.6307277628032345,0.8846153846153846,0.21428571428571427,50.64575645756458,50.581622277018965,50.79740967313967,50.943396226415096,0.6201664643662216,0.38369490358126723,28.47715016050778,22.454075807344886,0.2868341204813041,0.7186479387152188,49.521370165546614,78.25913888660823,0.3308695841030449,0.6734817539051574,40.38762715364888,57.57029763530595,1.3191987961622456,0.6669475754269416,1.3191987961622456,1.1663509368920697,1.1045105265515158,0.9610510239326349,-0.7120255143724626,0.0008881928589306837,0.02195022352611262,0.7994653480577502,0.7824270259302428,0.9310391853870355,0.9044331845374477,0.7594948880692067,0.16307649508400912,-0.5177853776954106,0.0007527383721847012,0.03960957032041875,1.020347199672074,0.9882323795871628,3.863671747817343,0.7257260055361446,0.996625320553806,1.2819908857096662,1.2727596707340672,0.8482621175044764,1.750430497759841,1.738773011826914,0.8896511655357735,89.21933085501858
42,2025-05-30 16:23:20,673.3108108108108,71.02018770175222,22.244567886852774,54.23480011635328,,,,,51.96369630457702,52.02148347126695,0.10547905448930585,0.0772668491601882,660.0,29.651999999999997,0.044927272727272725,50.0,1.3797699631020326,640.0,690.0,7.207207207207207,32.65765765765766,570.0,1520.0,7.416666666666667,101.5625,,0.005479733493574994,0.008320835580830993,0.004373504567177985,0.0013326551674646251,0.019493135165086054,1.9025555942656835,0.42685978988820394,0.2372501439285542,-5.432190630820473,36.784743729916755,93.56986454507742,0.39622621677906217,10740.82266100141,2.5632961477817062,4.738007656078657,958.4739641005601,0.6644144144144144,0.6307277628032345,0.8846153846153846,0.22321428571428573,50.49864007252947,50.37472336037246,50.7041803700555,50.943396226415096,0.617228144989339,0.40202307306470497,28.61232528773292,23.323904580641674,0.29625175504447,0.7134973208812336,50.806822986144624,78.6671517327969,0.33865649101149936,0.6698768711048434,41.23104667793721,57.902400491563384,1.3507443684935576,0.7432686169840537,1.3507443684935576,1.239367362971275,1.0846266053138485,0.9059322522948152,-0.6701609477069889,0.0011585203215052076,0.03238428495902405,0.7453843250430223,1.068323793073228,0.9885016620283699,0.8496227878399765,0.6208559654157755,0.3315336596849887,-0.567290766132944,0.00182551266439484,0.09531546311982311,1.016337341068699,0.9830848212049392,3.896945136794734,0.7268498900806185,1.031267877854915,1.295322408908867,1.2865196166128658,0.8513486132728116,1.756598033567833,1.7723328515958783,0.8319042035736587,89.11189162067235
43,2025-05-30 16:23:25,673.8063063063063,71.2650497723618,26.188222016151816,54.33741616999127,,,,,51.99626657894761,52.055008504476405,0.1057648898583703,0.07716797259435351,660.0,29.651999999999997,0.044927272727272725,50.0,1.37436975984949,640.0,694.0000000000003,7.882882882882883,33.33333333333333,570.0,1520.0,7.52542372881356,101.5625,,0.006259114847074595,0.010061745721023294,0.004484419325463671,0.0014746156506989187,0.021944866786715936,2.3152421834093886,0.4590570347593803,0.24402909778969106,-5.407146262207084,36.80844950823867,93.92803531375172,0.39202375828264735,10861.57073757374,2.559800816209189,4.742862744913809,959.8713774576038,0.6621621621621622,0.6290322580645161,0.8846153846153846,0.21428571428571427,50.35460992907802,50.27918456451869,50.51436665469895,50.806451612903224,0.6146403029028187,0.38870292887029284,28.803437451973917,22.922750460792933,0.2935595369128028,0.7070830326127029,50.85738561083173,78.96865224680873,0.3360726274110257,0.6647027424279153,41.328632207094685,58.144219516497046,1.257106565891427,0.6549075357327245,1.257106565891427,1.1283911559561886,0.884962664265545,0.9536686145422077,-0.6089827946910531,0.0006696514423222176,0.02725094144688367,0.9222130873285095,0.956915377137947,1.0275123170399354,0.7940182918259466,0.7864216833475197,0.7366052076300136,-0.7820706929541668,0.0020134061258898846,0.09353879741716722,1.0200729459332694,0.9915420055495291,3.9128280979403725,0.7310426192563568,1.0468063232649307,1.3053944967430313,1.2969712563164935,0.8645291994354398,1.7618910953582212,1.7500767222221925,0.8517114465158886,89.04636160042784
44,2025-05-30 16:23:30,674.4243792325057,71.53975916834573,29.18466229252651,55.092589354967366,,,,,52.13539630146981,52.19445359849896,0.10608392365007603,0.0773035464121268,670.0,37.065,0.055736842105263154,50.0,1.3737345150593456,640.0,700.0,8.126410835214447,34.00900900900901,570.0,1520.0,7.910714285714286,101.5625,,0.00757938901864612,0.01261468126788616,0.0044177061287972485,0.0014340253479511536,0.02567392691318761,2.954519194632056,0.4913421040162942,0.2543583992713506,-5.422134692992104,36.9070520798252,94.3154130204192,0.39150838746428507,10935.581995291774,2.5560405629464418,4.745812011246528,964.0864422303533,0.6613995485327314,0.6290322580645161,0.8888888888888888,0.21428571428571427,50.44247787610621,50.35712176258216,50.60795909047633,50.806451612903224,0.6132910335615294,0.3888796404195104,28.851798970859257,23.015325663989657,0.2954081443480079,0.7068565766963048,51.21796190429065,79.19670139332123,0.33760562156700336,0.6644269202052795,41.567450760686796,58.31733330238271,1.271312025780047,0.7361365817511567,1.271312025780047,1.170986453784323,0.8486215623667421,0.7430566652315966,-0.6208159330221538,0.0006856733005541649,0.02378247636931059,0.9841263810629286,0.7705981032325836,1.019951003854409,0.8231471727822094,0.7545807065439156,0.6296584873386009,-0.8052778689172011,0.0015396907185114689,0.0613420260015456,1.0373605062263427,1.0010142296756048,3.940217064683033,0.7323647285406969,0.995035335809385,1.3097937414765357,1.3021556310054787,0.8803476722520205,1.7651389741691499,1.7460513150603507,0.8533182939229476,88.96475549753991
45,2025-05-30 16:23:35,675.4977375565611,72.08604968663333,32.49080422100991,54.52723090371584,,,,,52.39177377397785,52.44769459093055,0.1067476345533769,0.07758363712174421,670.0,29.651999999999997,0.044256716417910444,50.0,1.427355292116535,640.0,700.0,8.3710407239819,34.08577878103837,570.0,1520.0,7.928571428571429,101.5625,,0.009687343833543572,0.016350173188079936,0.004446775005381994,0.001463451640535876,0.031466802698427075,3.792323228036834,0.5196007152292352,0.2572348259744401,-5.415576163430633,37.08612050284799,95.03898016592548,0.39192516969228713,11024.769744763256,2.673093850983108,4.749339637841079,1016.1924539409639,0.6599099099099099,0.6273458445040214,0.8884120171673819,0.21238938053097345,51.185250219490776,51.13853289565367,51.296335336808326,50.93833780160858,0.6168525402726147,0.3942826321467098,29.12941343852854,23.032560999879102,0.30264222591313394,0.7048535772487494,52.05626580881561,79.53742433692649,0.344485041811628,0.6629775630454845,42.18043110988076,58.41494227105509,1.342947053916897,0.7397080009046673,1.342947053916897,1.2486894345459851,1.1237059394359492,1.1060785049606559,-0.6693917450576625,0.0013673681318497309,0.0323718805328822,0.8445807850630759,0.9547294717137117,0.9857164460766303,0.7143909964453391,1.0,0.9671416164439122,-0.7888361410410466,0.00195468404442055,0.08432148189467115,1.0382423701501895,1.004053706043097,3.9588582743262686,0.7328921507454065,1.0044571733906775,1.309668136651763,1.303373294471924,0.8871761103828949,1.770010112827801,1.759488834839264,0.8136290709497872,88.82339149948086
46,2025-05-30 16:23:40,675.7787810383747,72.1336922854394,33.97368963835128,52.918975915245724,,,,,51.31307508041342,51.3692228604293,0.10682364672878802,0.07599014595381141,670.0,29.651999999999997,0.044256716417910444,50.0,1.4262457249103933,640.0,700.0,8.597285067873303,33.86004514672686,570.0,1520.0,7.771929824561403,164.0625,,0.0116235544622409,0.01980558847031008,0.004497668212364657,0.0014293971759110702,0.037041751984515536,4.403523678305577,0.534682821659984,0.25797444546688497,-5.404196191535016,36.32352582889258,95.0764896937201,0.3820452979059847,10849.532103807289,2.6689582046999822,4.742381119195534,1014.402537895613,0.6613995485327314,0.6290322580645161,0.8888888888888888,0.21929824561403508,50.13477088948788,50.06809863222658,50.29720949689993,50.93833780160858,0.6054208784327757,0.4223234232686029,27.701027756664736,23.6062753484675,0.3004988778689836,0.7017528780620277,52.08707743157113,79.55176506595357,0.3380354781441712,0.6647082686693456,41.71576784705034,58.67597276967948,1.2214729371792634,0.7204255092009371,1.2214729371792634,1.1440063553330613,0.9378096503068076,0.9969493337865702,-0.6024533608153623,0.0007392616329840546,0.023698642660412692,0.9544055581764118,0.8419287090360986,1.0042935261027215,0.8461761299807872,1.0,0.8777548229576855,-0.7189469017289106,0.0019313831244821289,0.0735990484626475,1.035078711086269,1.0006369200081449,3.9725730695353714,0.734274605396154,1.0588293949419818,1.3128886330032126,1.305927634462039,0.8889593244219347,1.7668784178176584,1.7681363601291797,0.7555210345178155,88.78645154825132
47,2025-05-30 16:23:45,675.6207674943566,71.99241329320911,38.88361574330533,52.00533612009726,,,,,50.90359978025361,50.95946381104268,0.1066144249812517,0.07538374908956458,670.0,29.651999999999997,0.044256716417910444,50.0,1.4272347549284399,640.0,700.0,8.577878103837472,33.63431151241535,570.0,1520.0,7.910714285714286,148.4375,,0.013162417899951958,0.02246262922598572,0.00460110503540345,0.0011070972911425788,0.04123919915973616,4.909698531074044,0.5709506685613857,0.123418056058973,-5.381458779248807,36.03378242641874,95.04398582305116,0.3791274336232584,10759.308632060494,2.673276887534039,4.738754475443852,1016.198193578862,0.6568848758465011,0.6246648793565684,0.8884120171673819,0.20869565217391303,50.04524886877828,49.98246823389858,50.20828960099383,51.482479784366575,0.6065102059167342,0.41107133502139187,27.685325945837672,23.10382756325372,0.2981612686687032,0.7031113800741245,51.89196272565311,79.6622563668079,0.33601217701222713,0.6658864017184332,41.588778944853885,58.65092470508707,1.3089793863082164,0.774654357463572,1.3089793863082164,1.1646518152054917,1.0896748638461937,1.074591808131284,-0.5886426010544443,0.0011190659801669914,0.032984168831536466,1.0237918480190815,0.9441194263679439,1.0082554680433797,0.8424219188579138,0.9653191886068715,0.9358446186121454,-0.7144950579107578,0.0017394420229658054,0.07854968286941225,1.0404523689948224,0.9997218241249691,3.971816223276524,0.7351554347088938,0.9924782177053277,1.3129327663991255,1.3118371606867736,0.8888183166439295,1.7618619036096705,1.760381886378753,0.7356389020305044,88.80721683929168
48,2025-05-30 16:23:50,675.8371040723982,71.91170372503818,41.66363248123632,50.37176194939558,,,,,50.532313812342146,50.58945472421035,0.10640390012877234,0.07477430219658093,670.0,29.651999999999997,0.044256716417910444,50.0,1.4264709028435822,640.0,700.0,8.823529411764707,33.4841628959276,570.0,1520.0,7.910714285714286,101.5625,,0.013755438124277944,0.023659794518194287,0.004558570421937406,0.0010324972693689705,0.04288737856990729,5.248720569013908,0.5844827063493832,0.11276506222072868,-5.390746208569578,35.77214649201896,95.29355528053581,0.3761698366357901,10709.23388559907,2.6663651750264434,4.736728513458676,1015.4114380617941,0.654627539503386,0.6219839142091153,0.8879310344827587,0.21551724137931033,50.404312668463604,50.32060721987652,50.57315499844795,51.206434316353885,0.6094056755309654,0.39472749866856033,27.83678076998782,22.46714773336231,0.30212880720925217,0.7022124699470024,52.34589846433802,79.62894318001305,0.33998399998746426,0.6635832356352256,41.92242508297409,58.50444991297019,1.2652387659168083,0.7404852656163814,1.2652387659168083,1.1309085130431766,1.0574710799119176,1.0625814167964576,-0.59516173108526,0.0008903669123275355,0.030154971301678938,0.8466214777645773,0.9511853201586415,0.9642857099303608,0.7732872966009454,0.7303680130643446,0.7055277214084621,-0.7187826423649709,0.0017684342612322912,0.0828276586232092,1.0410527587698115,1.0057785720596746,3.9697348867889106,0.7344968993230289,1.052470087899783,1.3163284884162827,1.321967264493777,0.8909972614665953,1.7658985065888333,1.7607888164604315,0.7555210345178155,88.77878950187466
49,2025-05-30 16:23:55,676.8552036199095,72.1853361191781,42.89245150830344,50.38895979790019,,,,,50.61302208458953,50.669888905772794,0.10664812168558586,0.07480526286418349,670.0,29.651999999999997,0.044256716417910444,50.0,1.4262206275399791,640.0,700.0,9.049773755656108,33.4841628959276,570.0,1520.0,8.036363636363637,101.5625,,0.014256230698274657,0.024750623640127867,0.004545637963002513,0.001677764755140217,0.04446142998868309,5.444917488276922,0.5566762842856768,0.24088467776177297,-5.393587195305924,35.82902204724095,95.62437895832163,0.3753932127960301,10763.498498357032,2.668908429379955,4.738923564524516,1020.8508442243512,0.6538461538461539,0.6219839142091153,0.8836206896551724,0.21551724137931033,50.48975957257347,50.438216058291815,50.62293220395634,50.80213903743316,0.6056813138038172,0.39672131147540984,27.857184482153382,22.555487137279922,0.3060430921241954,0.6976633064043848,52.9005172165798,79.6590053250921,0.3427853524293533,0.6601953403244527,42.27580542730312,58.53752814268093,1.229181197059226,0.6063697656390599,1.229181197059226,1.1575198337148862,1.066407670110973,1.058738394034486,-0.6357694954755049,0.0007390139371658296,0.022175273753988003,0.9713877077100481,0.7209207395977604,0.9990193542187941,0.8447448190403138,0.7142447451991227,0.696333328067217,-0.6923745118516661,0.001579455081477918,0.061576042213239146,1.0399411127987621,1.0133322832237222,4.008664665557272,0.7355056685971162,1.0461310812268834,1.3177431577463272,1.3235943219888393,0.9082196027575281,1.7625726090769176,1.7407789101505196,0.7754031670051263,88.645251863489
50,2025-05-30 16:24:00,678.8863636363636,78.45249158244684,45.79496468978274,53.89987613277108,,,,,63.674499710948936,63.746815642108764,0.11561186900943583,0.09379257431226785,670.0,44.477999999999994,0.06638507462686566,52.5,1.4281679060777206,640.0,710.0,9.977324263038549,34.69387755102041,570.0,1520.0,8.320754716981131,101.5625,,0.014853613052647359,0.02602794787040558,0.004695578869908022,0.0014585007781987552,0.04645260397554664,5.543075431488902,0.5603119231831888,0.23317650224521277,-5.361133878947027,45.07580561958378,101.5890914302247,0.4442200314503689,14369.403130691773,2.6730808253352896,4.864408838956801,1025.1200911866154,0.65,0.6182795698924731,0.8826086956521739,0.21551724137931033,52.76595744680851,52.01967140082672,53.81233345172662,50.402144772117964,0.6856660333544438,0.44726839507573607,33.537616037782364,30.117729422563983,0.3468622323359004,0.6933459846837496,58.45162080306546,83.10205343306605,0.3950792933307797,0.6567769958852874,47.620891321078325,62.46559521407343,1.313110034544983,0.7955717952978105,1.313110034544983,1.2392387266364218,1.1406869687514374,0.8504473368550811,-0.6067959924299647,0.001168680051261122,0.03509201251050552,0.9232935799086567,0.8153057725287721,0.9637465612643062,0.7998339675434074,0.5538263257382177,0.5577918103343604,-0.6426025528132758,0.001398031638127792,0.05573511815130069,1.042253445241749,1.0297326097784834,4.069954742578607,0.7356509209751179,1.0270884596468426,1.313150703675981,1.3404842907517456,0.926994079054649,1.7941829224715757,1.7800778097146508,0.7384325213645737,88.38003414683136
51,2025-05-30 16:24:05,680.1594533029613,79.11163198722534,33.21528044927706,61.690158025996524,,,,,63.62346426814129,63.6954145747755,0.11631336093771366,0.09367278929358494,670.0,44.477999999999994,0.06638507462686566,60.0,1.2434348380309679,640.0,710.0,10.250569476082005,35.0,570.0,1520.0,8.607843137254902,101.5625,,0.015358058325507046,0.02708224254887282,0.004873152453200246,0.0009535805522338511,0.04817801609272336,5.5715933151348995,0.5621286376082893,0.2291016873405572,-5.3240142303238205,45.039459576312204,102.44252238586111,0.44246884509096623,14495.16978944654,2.274506029813447,4.868193416799261,932.0245395037606,0.6492027334851936,0.6193029490616622,0.8744588744588745,0.22608695652173913,50.55821371610845,50.56025471842539,50.61009022984191,50.26737967914438,0.557698815566836,0.44315492957746483,33.63554837395216,29.96573385517952,0.3347861109896787,0.6689594500832413,59.104764660274554,83.6725593443347,0.3709516448479726,0.631996897132076,48.087021741645195,62.84246650079813,1.1632069328794128,0.5505178765441217,1.1951482374501046,1.1167074537563337,0.9645532677109436,0.5051435607833334,-0.5530095361478147,0.0003644858719718936,0.017736265450834295,0.8919783976707475,0.9247236158358314,0.9293693109524501,0.7516809294674733,0.7546951407461506,0.6204274726742827,-0.7213840471849637,0.001290913525778901,0.06466073087632518,1.0362509546015843,1.028543632408792,4.11084996383598,0.705706516189425,0.9735448333953715,1.312230900413198,1.3439436897452692,0.9415281904546591,1.796920146085978,1.7949052342122438,0.7583901570771296,88.21460866070531
52,2025-05-30 16:24:10,682.883295194508,89.86185942847207,32.98066607563483,71.00698918197841,,,,,88.13433241625374,88.23490583683666,0.13159182551518764,0.12906207112761506,670.0,44.477999999999994,0.06638507462686566,55.0,1.2450179860627133,640.0,710.0,11.187214611872145,35.84474885844749,570.0,1570.0,8.607843137254902,101.5625,,0.016196880670228137,0.028780470498013456,0.005240203616160224,0.0008770488779480434,0.05107773214460809,5.557324208824809,0.5636226381752751,0.22952909962982207,-5.251394923358296,62.39150025458367,110.7633857752084,0.5632863226229442,21710.584910335652,2.2765826796255535,5.043641634010836,933.9585871571243,0.6492027334851936,0.6203208556149733,0.875,0.21739130434782608,53.46097201767305,52.19783679819023,55.387872450867235,50.402144772117964,0.7031088846323853,0.44207677997632344,46.84039910702882,41.21572069227842,0.37795652759190473,0.6647289013928452,65.2457503233165,89.50709297667467,0.4485224082730648,0.6287164102173914,56.79362166545774,69.6787461329457,1.2013188002314028,0.787627454729538,1.2494453614018823,1.1565907077169015,0.8558284678976991,0.6517295514122146,-0.5946953826840768,0.001036413234056301,0.06022338795173698,0.9177472753593288,0.7951013995381941,0.9340104662649142,0.859440289163871,0.7623191939233518,0.45218407531577975,-0.6093592045504166,0.0007818715197205052,0.041787697248837456,1.0346171312587904,1.0232579962206931,4.126890551270457,0.7003765692766233,0.9727894029737233,1.3092339475872652,1.3467158012777187,0.9429192972791226,1.8229876640404858,1.8236678855894586,0.6811478539416437,87.86274378392868
53,2025-05-30 16:24:15,683.2494279176201,89.69270276442643,30.897049872744297,71.5714739477089,,,,,87.69604512334196,87.79654408953219,0.1313485175029468,0.12839965830227645,670.0,44.477999999999994,0.06638507462686566,50.0,1.0234365442573823,640.0,710.0,11.212814645308924,36.84210526315789,570.0,1560.0,8.588235294117647,101.5625,,0.015570594349851868,0.027792015183752135,0.005106212272386471,0.0008369085446323202,0.0493057303506228,5.442784925735782,0.5637374447530119,0.1065135207343923,-5.277297387899981,62.081531690451904,110.76312515225281,0.5608860100644014,21598.542036222134,1.7853250375202845,5.041394545974112,790.6258873114305,0.6461187214611872,0.61455525606469,0.868421052631579,0.21929824561403508,50.30927835051545,50.168740064030835,50.56692211038908,50.40431266846361,0.5644925591243923,0.4359295732617129,46.64367249593503,40.975181723103795,0.3460756746162792,0.6545738887497808,65.14144937494027,89.58270740955373,0.3983448802702583,0.6023588821563457,56.64400492367858,69.65639591619384,1.0631540909222577,1.0992572986224265,1.2942269461494185,1.0511658520972067,0.9392655990391399,0.9685939515355155,-0.6999687371182475,0.001995441015346587,0.11271312796310065,0.781187716639197,0.9665937731806317,0.8532861864706657,0.8300306870393561,0.7774615343644191,0.30109563562074326,-0.544999643817628,0.0009268724421106623,0.06368407993356968,1.047302848862115,1.0495561316789155,4.131049414853689,0.6556371841538824,0.8350351384731791,1.3097891423218564,1.3530244141148755,0.94160228528007,1.8130202442714525,1.8360202860596542,0.6824499816087423,87.81566079442696
54,2025-05-30 16:24:20,683.5469107551487,89.62169469436044,29.458254515542773,71.35374024676268,,,,,87.73918815224289,87.8399799007577,0.13111710941223806,0.12835869312219259,670.0,44.477999999999994,0.06638507462686566,50.0,1.0220475190679401,640.0,710.0,11.212814645308924,37.07093821510298,570.0,1560.0,8.423076923076923,101.5625,,0.01273294920982262,0.023552503761403366,0.0046502654159013435,0.0007078215357908429,0.04106914764571615,5.064765482173725,0.59441803953734,0.2523336968118338,-5.370830982323337,62.112245447115804,110.63122956458567,0.5614603283846519,21587.30150269479,1.7823020295782355,5.041168467176303,788.2150526982459,0.6407322654462243,0.6075268817204301,0.8672566371681416,0.21052631578947367,50.20576131687242,50.05536079155421,50.47876533873604,50.26881720430107,0.5643410852713179,0.43614579918338164,46.64860077240247,41.01303409304463,0.3459874560720164,0.6544786785957253,65.04214781433662,89.50050599090372,0.3982677820969876,0.6021077496225564,56.59285270993446,69.61386231594811,0.9996511685493857,1.0484082451055137,1.2944029416389728,0.9785404857253489,0.9583975409926353,0.7259365145763153,-0.7174470886021127,0.0015416656571394106,0.08860046761234652,0.8323350946454122,0.8062483724862464,0.8753527097453906,0.878605501336581,0.6049597786921295,0.1896884170469577,-0.4669142100887774,0.0002940948869725166,0.03259930177597822,1.0552949353453434,1.052762939943821,4.132635689241243,0.6591672927860684,0.8250968926392132,1.3087574163154139,1.359530520421053,0.9463177697109022,1.79197888665113,1.87923653834279,0.7225940981739624,87.77744300492117
55,2025-05-30 16:24:25,683.9678899082569,89.84834669237587,31.49548047261885,71.75680766583687,,,,,87.856989333306,87.95763995951236,0.13136339880579417,0.12845192095946284,670.0,44.477999999999994,0.06638507462686566,50.0,1.0226658957264652,640.0,710.0,11.46788990825688,36.92660550458716,570.0,1560.0,8.549019607843137,101.5625,,0.012029483007652567,0.02189835127703498,0.004521676542049502,0.0006571911582816924,0.03909951256522519,4.842971644121475,0.5600671169622511,0.2766124177091634,-5.3988724375278405,62.19544367253603,110.87299546778831,0.5616382980824081,21663.779366376857,1.7826546274280715,5.042704333940023,790.5930337098577,0.6415525114155252,0.6075268817204301,0.8711111111111111,0.21052631578947367,50.44612216884008,50.30520014556274,50.69337190553176,50.26881720430107,0.5647020281740479,0.43644862595647116,46.73806804531286,41.04805146088705,0.34722058737533623,0.6543598311561257,65.33238531674237,89.57957665017689,0.3992767797686225,0.6021114715410197,56.80126572438149,69.67198691212577,1.041161677154786,1.0570011088863316,1.3020101337851449,1.0062317795505147,0.843906541342804,1.03785151174882,-0.7732342548290833,0.001805688299445602,0.10701323241154716,0.7303083327721744,0.8105472366257338,0.85990784147591,0.8028174366191543,0.48198462423511845,0.19348833960803447,-0.5704343957724416,0.0007479277801691137,0.038173268427280395,1.0660212077853544,1.0620546929343122,4.143198614062743,0.663908836503756,0.835425159401998,1.3071625929778876,1.3769913366135373,0.9504868792376592,1.7930327942941826,1.8728598985306353,0.7025220398913523,87.72341638442708
56,2025-05-30 16:24:30,684.7597254004577,90.03735735631601,33.30005506007009,72.2544017179703,,,,,87.91192039266596,88.01314012331468,0.1315206640557283,0.1284045054517408,670.0,44.477999999999994,0.06638507462686566,50.0,1.0247828595705288,640.0,710.0,11.697247706422019,37.29977116704806,570.0,1560.0,8.74,101.5625,,0.010467532270403238,0.019336989418696156,0.004732364342231293,0.000632840673009733,0.03495831986464328,4.272462525529572,0.553144129739871,0.1464787981786652,-5.3533303404303085,62.23468821471762,111.24315467405577,0.5596516674238275,21747.862214379336,1.7880753772508777,5.04438668278676,795.4505380636344,0.6361556064073226,0.601078167115903,0.8654708520179372,0.20353982300884957,50.308430431802606,50.14851572964532,50.57991592073678,50.0,0.5644858699860041,0.4364198816145631,46.73190524408282,41.11353281639953,0.348384083969531,0.6519167315010664,65.63188389555127,89.81923668210935,0.3997728664612716,0.6004669522166869,56.97111176474028,69.84300161148165,1.0685346824021553,1.007263142643129,1.2756162249999905,1.0766958217912679,0.907049080018373,0.8103236511423875,-0.697476086819884,0.0013267866466160504,0.08569312840204027,0.7710389737638103,0.8008138554061172,0.8766738870492671,0.8283793874542029,0.5106067490613668,0.2561812499356231,-0.5477866975028041,0.0007182915374735694,0.0376567529451502,1.0831127806990315,1.0668838400320662,4.159375825477644,0.6674498955373823,0.8486254063640152,1.3070709287398767,1.3881945517568466,0.9594216094954778,1.7907791460768916,1.8610692571757723,0.6837574932165494,87.62197567170163
57,2025-05-30 16:24:35,685.9633027522935,90.06888057435445,34.989833918046294,71.80399111580593,,,,,88.01253829172138,88.11357631280164,0.13136142102061732,0.1283384907576582,670.0,44.477999999999994,0.06638507462686566,52.5,1.0237021682458929,640.0,710.0,12.155963302752294,37.38532110091743,570.0,1560.0,9.27659574468085,101.5625,,0.009177899415843278,0.017238908064892818,0.005312034768671745,0.0006743046863874459,0.03181288127927849,3.6023988673978735,0.5418845251254083,0.25577846493481604,-5.237780321522243,62.30570732538038,111.2091068113939,0.5606524517342227,21767.976307549943,1.786504598361751,5.0447881660439515,794.3705679333223,0.6338672768878718,0.5983827493261455,0.8558558558558559,0.20353982300884957,50.409276944065496,50.26238536812904,50.66265881500209,50.0,0.5647278992395438,0.43620027965370534,46.800882263533886,41.130342438696324,0.35035510146288373,0.6523405975571465,65.82556196717906,89.77756396254162,0.40144804233524484,0.6006935685853879,57.11097612955014,69.81620679002238,1.041895267438381,0.982321221832479,1.2201725999861237,1.0046186510249924,0.9808334225844764,0.9438447859167287,-0.7574770794173655,0.0017019421394249988,0.09601275744828655,0.8280006731527637,0.7856973802313613,0.8865152371807694,0.8255429719836072,0.5276222532709713,0.14279854814886894,-0.5356536620723614,0.0006433219238188097,0.033817544254902604,1.085131431385597,1.072662240113826,4.178607748889086,0.67411627737758,0.8221382746694755,1.3009313388461348,1.4012900504079868,0.9692538778717805,1.7883166065484761,1.853875355680076,0.7038680077229184,87.46823592349874
58,2025-05-30 16:24:40,686.3678160919541,90.15681613927829,35.389406852955915,71.70031383460632,,,,,88.27194052399079,88.3737852913084,0.13137237676143804,0.12860734209041763,670.0,44.477999999999994,0.06638507462686566,60.0,1.0226432726880175,640.0,710.0,12.643678160919542,38.39080459770115,570.0,1560.0,9.27659574468085,101.5625,,0.008174509030401256,0.01570472409132919,0.006292110620208214,0.0007533674979486297,0.02998398156964681,2.8975903218627375,0.5237704690703017,0.21248174199152317,-5.068458712852251,62.489702858608126,111.29769835363123,0.5615481266257866,21846.396375565193,1.782905887161785,5.046349919081587,793.3673761813264,0.6307339449541285,0.5945945945945946,0.85,0.20535714285714285,50.16880486158003,50.007150264208796,50.450086126084294,49.86449864498645,0.5639698269486761,0.4367945489557103,46.91646549358855,41.27724098769904,0.3500601454133738,0.6508632763075206,65.83628997364757,89.7543183404402,0.4010670597115203,0.599403076688518,57.15040925292772,69.85573807610102,1.0670076493254455,1.1415688287841057,1.2703214761973278,1.043700265768397,0.9420142622113006,1.10866484336514,-0.7864977449536853,0.001909402754045125,0.11590250044516377,0.7768370584249537,0.8289641500973606,0.8903654643616343,0.852085361917037,0.8249826743481403,0.3232553999593033,-0.5362965720652628,0.0010434848095418447,0.045397527694883595,1.102197374343326,1.0869323207783366,4.184521577282683,0.6865723342286494,0.7720082783893278,1.3062617421018066,1.4230454524224119,0.9847062792259361,1.7896784688212939,1.8682933799173123,0.7253686833712627,87.41668620424021
59,2025-05-30 16:24:45,686.3448275862069,90.25555351268027,36.86099444511671,71.45232597862314,,,,,88.29673473042646,88.39863520834164,0.13152159381871567,0.12866501275537826,670.0,44.477999999999994,0.06638507462686566,60.0,1.023159254759958,640.0,710.0,12.643678160919542,38.62068965517241,570.0,1560.0,9.083333333333334,101.5625,,0.007469356673615298,0.014923460102292957,0.007890836806373912,0.0009105371376664057,0.031083010546956703,2.2479947843834953,0.5215179103046342,0.2538633378016369,-4.842053090638729,62.50727440345427,111.42940442245417,0.5617570421788838,21881.658915319327,1.7836498864901251,5.0470503540609535,794.5642991758214,0.6284403669724771,0.5891891891891892,0.8447488584474886,0.2072072072072072,50.033489618218354,49.86019482556861,50.33373071443592,50.134048257372655,0.5636600070930371,0.4364727444720351,46.928770160980896,41.2898278577976,0.3502458507114001,0.651305247544174,65.90124969455613,89.86199714850764,0.4012692702032498,0.5998635659505178,57.19983875522126,69.92863653770519,1.0503967771520863,0.9543005425845815,1.2203478178385456,1.0710411031123201,0.9956603389516574,0.8286098609681747,-0.6616401152311612,0.0014994560497725406,0.08597863758398018,0.8025493338347458,0.9047734886259473,0.8900210449647421,0.8361930178130478,0.7331011302881674,0.16486444710231707,-0.5344672390755386,0.000834314450614064,0.049325930669807075,1.103423518689317,1.0923557510538044,4.190300905118815,0.6900729677178645,0.794848764383226,1.3070780182287278,1.4340652470314332,0.9891484751020224,1.7900011499773225,1.853781008906458,0.765666943558555,87.41961414790997
60,2025-05-30 16:24:50,686.1149425287356,90.40739757865953,38.9160254380511,71.28023235434421,,,,,88.45577405197267,88.55781000090941,0.13180245977182417,0.12895724147934887,670.0,44.477999999999994,0.06638507462686566,60.0,1.0235457224192905,640.0,710.0,12.873563218390805,38.53211009174312,570.0,1560.0,9.083333333333334,101.5625,,0.007580851878062771,0.015684572435425127,0.009591293168442528,0.0010740714894432422,0.03391331784814315,3.9558627410738274,0.53338456661777,0.2828178950638319,-4.646899553667459,62.619827978672895,111.62767085933666,0.5609704788840473,21960.064233869016,1.7853526715194041,5.048603716066533,796.7151060669081,0.6261467889908257,0.5871313672922251,0.8447488584474886,0.2072072072072072,50.13333333333333,49.96400800327239,50.42209619970034,50.26881720430107,0.5651098415689969,0.43744095418044393,47.07372233925185,41.31619113337512,0.3495381411963528,0.6510421170742711,65.96611471961579,90.05114441404332,0.4008954971634467,0.5998522638272608,57.30385513241884,70.05183933548739,1.0476893029142866,0.9279531314500269,1.22763373151004,0.995783196451425,0.9403612446563097,0.8263225121088815,-0.7817312051846982,0.0011829312696260083,0.07492488311725436,0.7818426829883087,0.9497969987297177,0.8508915301820379,0.810953411042804,0.6365586963758769,0.28369015925732155,-0.5436223907203191,0.0008408040696032725,0.04869881367463904,1.1106787958062059,1.1037273893348802,4.194823705416812,0.6902742483974856,0.8016366177204305,1.3152636091668841,1.4535474728529993,0.990703572791393,1.7895170173964747,1.9019473472761437,0.765666943558555,87.44890437579575
61,2025-05-30 16:24:55,686.0550458715596,90.45326123375203,40.46698541110877,71.24986463501472,,,,,88.49483829879544,88.59695538928956,0.13186932313386332,0.12901419217097668,670.0,44.477999999999994,0.06638507462686566,60.0,1.0223146136692447,640.0,710.0,12.873563218390805,39.310344827586206,570.0,1560.0,9.478260869565217,101.5625,,0.009059580765740462,0.01781381300567285,0.012366079223222535,0.001434721630930236,0.03999555657413633,4.602802282590533,0.5466791447293713,0.309186326743587,-4.392798101330414,62.64750794824869,111.69658125991396,0.5611891614897785,21983.33374487883,1.7829390782309469,5.0490636632548505,796.5920224924977,0.6298850574712643,0.5887096774193549,0.8447488584474886,0.20909090909090908,50.13297872340424,49.966787449106235,50.41915712841343,50.53763440860215,0.5647744670827936,0.43549526219763407,47.07249580627599,41.338740365005776,0.349312304858001,0.650958934429519,66.00011664023184,90.11165778426425,0.40087665383705795,0.5993986738785773,57.3229241139881,70.10350320630813,1.0732761220751819,1.1094068430086428,1.2470309961582302,1.0367433643608193,0.962020482011793,1.0775099187409896,-0.7876481172015242,0.0019592192090870228,0.12041259239632654,0.8307561424930419,0.7625171711663958,0.8990032217843773,0.8287329339658687,0.6925675050850799,0.3673543124516603,-0.5162569811509438,0.0008082952417864161,0.04274183736569602,1.115548004961267,1.1291574416372767,4.201303849465607,0.6965570612442609,0.7784005770432563,1.304505897328119,1.457804985304307,1.0023146622115537,1.7903549739291704,1.8925908707521484,0.765666943558555,87.45653918159935
62,2025-05-30 16:25:00,686.0689655172414,90.44663792059582,41.88856585711261,70.09100900751407,,,,,88.55730525125556,88.6594584292624,0.1318331574033614,0.12907930500032222,670.0,44.477999999999994,0.06638507462686566,60.0,1.0220578686662354,640.0,710.0,13.10344827586207,40.0,570.0,1560.0,9.478260869565217,101.5625,,0.010126554179999813,0.02186509884836031,0.01603249905296823,0.0017786031021838965,0.04976498807628627,4.923037513224085,0.5843411907112099,0.3221642297671512,-4.133137426010759,62.69170427165824,111.65438702701394,0.5614799914354502,21990.532232760048,1.782524186110882,5.049205850598323,795.6209572723939,0.6330275229357798,0.5913978494623656,0.8454545454545455,0.21621621621621623,50.13192612137202,49.968948751171126,50.41506705773471,50.93833780160858,0.5651521835024261,0.43528374007644816,47.12765818796596,41.34293017298947,0.34880802586743215,0.6515679005840361,65.93546679561395,90.10669431747404,0.40059276088493284,0.5997765032183922,57.30838484828056,70.10154861381947,1.0482008777535894,0.9438587482395527,1.2726237411303982,1.052188717311121,0.9583161166308471,0.9418185594846293,-0.7381408278949617,0.0015613869567613486,0.08993152604003446,0.747967368176286,0.8723337785066645,0.894223384562894,0.7859725168220801,0.5373987609822493,0.2455056007110228,-0.6219248783733756,0.0009571271953716871,0.05344948775521203,1.1209199189881334,1.1488932007559696,4.205496215626013,0.6998555345425775,0.7538593634763315,1.3004573963790915,1.4562636922631629,1.0111624115521198,1.7913093080138103,1.922044599065396,0.765666943558555,87.45476477683957
63,2025-05-30 16:25:05,686.551724137931,90.46510117404743,30.54552139635144,77.28833064139039,,,,,88.58982267748169,88.69205839905077,0.1317808912563856,0.1290834490008191,670.0,44.477999999999994,0.06638507462686566,60.0,1.0212072301835509,640.0,712.0000000000005,13.302752293577983,40.596330275229356,570.0,1560.0,9.478260869565217,140.625,,0.012113390339707894,0.02641394307133093,0.01926057377996106,0.002225417959197084,0.060013325150196965,1.3713995944820876,0.4401420775321666,0.32294378031660664,-3.949695081780672,62.71475593136208,111.66318575677447,0.5619285186952304,22000.351686252678,1.7806283891613799,5.049399733246639,795.262095382988,0.6330275229357798,0.5930851063829787,0.8475336322869955,0.21818181818181817,50.22920759659463,50.07517122920165,50.49744242916556,50.66666666666667,0.5651931267440152,0.4355515147960231,47.137458075405625,41.36666440248148,0.3488616835907048,0.6514139018020848,65.92726293315113,90.1235987713267,0.4007647511146214,0.599551357281438,57.30769560742897,70.11941235949787,1.0236426987003358,1.1024447838417597,1.2655420902289567,1.0432421908850662,0.9973738164578614,1.0375393128412038,-0.70015816170665,0.0018031004543771257,0.11433346681783868,0.8468879061582346,0.8280423820061347,0.9345113855495861,0.907396434084788,0.5072679588490416,0.15142332001879888,-0.5224522356418136,0.0007210474462833312,0.04118884476856955,1.1335043737435533,1.1664745777847751,4.21493203243316,0.705012360005142,0.7456906046375911,1.287376094234984,1.457254083052695,1.0215123823691765,1.7926646664062122,1.905413273763679,0.765666943558555,87.3932697137117
64,2025-05-30 16:25:10,686.4449541284404,90.48737737536916,30.277152216484637,74.06167062916825,,,,,88.71457883401044,88.81695853694536,0.13182186590182715,0.12923925583655238,670.0,44.477999999999994,0.06638507462686566,60.0,1.0208222774223152,640.0,712.0000000000005,13.563218390804598,41.14942528735632,570.0,1560.0,9.478260869565217,101.5625,,0.014050958243649884,0.030651207166094485,0.02160769350418727,0.002352358986326313,0.06866221790025795,5.583627867709431,0.5651260408044618,0.3186580217730242,-3.834705846959912,62.80307366583848,111.66831217159616,0.5624300450031442,22031.453920673957,1.779713022532151,5.050013268433049,794.9501975039008,0.6330275229357798,0.5941644562334217,0.8482142857142857,0.22522522522522523,50.03274394237066,49.859464660469484,50.33170673287686,50.4,0.5645147097644678,0.4357071625505953,47.18153237963484,41.450323644744216,0.34877393836271925,0.6513045986452041,65.94538366455221,90.1186833471382,0.40058970107135133,0.5995493278843606,57.33624780344246,70.1360783893473,1.0746752236316381,1.135340534144747,1.2694670405298334,1.0531026744068477,0.899763045815047,0.8202805644921654,-0.685312411954509,0.0013000174514519543,0.09124670110850744,0.795809440741709,0.7524925773821445,0.9153637083414181,0.837527051091121,0.9069384956299968,0.5982969872921244,-0.6034384385837851,0.0014414410329012155,0.06499505123657207,1.141476963914433,1.1886680235614346,4.213816019178972,0.7087424688287657,0.7948784078443107,1.285046659644747,1.4639358375993459,1.0290466661547293,1.7948258410077702,1.8956024218558598,0.765666943558555,87.40686290888435
65,2025-05-30 16:25:15,686.6666666666666,90.53750072806652,28.105471783491218,74.27418295589942,,,,,88.72886260911854,88.8312498113746,0.13191697476707062,0.12924576217493486,670.0,44.477999999999994,0.06638507462686566,60.0,1.0206676996381534,640.0,720.0,13.563218390804598,41.05504587155963,570.0,1560.0,9.27659574468085,101.5625,,0.014756843275990273,0.03186694770219704,0.021847555845004345,0.002524697010146334,0.07061352855897432,5.743992468132087,0.5688387700160784,0.31348532295065223,-3.823666224337939,62.81317912289919,111.72459671446518,0.562472662321084,22040.832783436923,1.7791782645405751,5.050198109688658,795.1118963557512,0.6344827586206897,0.596816976127321,0.8533333333333334,0.21621621621621623,50.22742040285899,50.074652123404704,50.49408486048678,50.797872340425535,0.5647820103651215,0.4359747176215837,47.18275607816525,41.464250441375725,0.3489233978283459,0.6515213067474392,65.96288365341688,90.17362968815037,0.40078328610164077,0.599718777297266,57.34048372690684,70.17789792788805,1.0437750472736025,1.081153642276103,1.2584995187691375,1.0103979632895954,0.9110959735729907,0.7282152471647003,-0.6795971774798127,0.0015957257110115561,0.09716847875965695,0.8100517163266426,0.8860160502379625,0.9212991609258944,0.8679602219065985,0.7729444790037725,0.49095555185923523,-0.5770429390661808,0.000940503986839559,0.04506299503432296,1.1451637482368264,1.1904681669452375,4.219094269389001,0.7095769164536403,0.8323295125857866,1.2780075821540793,1.4716762247296875,1.0322009582778642,1.7945769570898165,1.9193421411807943,0.7641995512420258,87.37864077669903
66,2025-05-30 16:25:20,685.9633027522935,90.53729037842227,27.350486056541126,74.2182622412432,,,,,88.60606346497185,88.70778689075655,0.13198561791156918,0.12917026772344434,670.0,44.477999999999994,0.06638507462686566,60.0,1.224099639935042,640.0,710.0,13.729977116704806,40.73226544622426,570.0,1560.0,9.297872340425531,101.5625,,0.015250195101260884,0.028556124296122885,0.012019446900867738,0.0011403289424627664,0.0568614278764167,5.754040873129423,0.5706581463445753,0.2114529521709354,-4.421229365836644,62.72587765450508,111.7341314417052,0.561385109859926,22018.23368627025,2.233337535003594,5.049752586674095,931.6755705881147,0.6361556064073226,0.5946666666666667,0.8475336322869955,0.22727272727272727,49.92784992784991,49.88429973714973,50.04223731820399,51.06382978723404,0.5640958069805575,0.44855381697486973,47.11125179915037,41.413671243909505,0.34816251651815705,0.6619070445007249,65.92905697031766,90.21017445962991,0.39990737986045244,0.62609707294958,57.29795196635889,70.18891558478262,1.3134532543857464,1.2427708165489253,1.3467996150139827,1.2627454326669103,0.9569145622295467,0.6612997695045837,-0.6947739276433074,0.0016775644563743464,0.11838477763816506,0.8551697141217139,0.7738995105039193,0.9382468779969255,0.8697554486965334,0.5469369797098729,0.3862668627695278,-0.5900754746069018,0.0009662624519923493,0.04379394753741561,1.1430709660046228,1.1853069594001437,4.235629413480025,0.7711227566676949,0.9771278962015904,1.3142470285153476,1.470751633959437,1.047664008159778,1.7921269583423136,1.9169810520565462,0.7440890367356566,87.46823592349874
67,2025-05-30 16:25:25,683.3561643835617,81.66743822266929,29.103862947489723,67.91151844685106,,,,,68.13033919823133,68.20821847235739,0.11957605877942264,0.09975527115736477,670.0,44.477999999999994,0.06638507462686566,70.0,1.2267828602150697,640.0,716.0000000000002,14.187643020594965,40.503432494279174,570.0,1520.0,9.319148936170214,140.625,,0.015759541975773245,0.02874571744617539,0.011529046375416966,0.0010836007857686772,0.0566338135056659,5.726454664777281,0.5718834803094309,0.20357178268179923,-4.462885656238156,48.23049381445744,105.03274271925784,0.45956229943653115,15914.620525206388,2.235700878622331,4.908766397545033,935.7320500404911,0.634703196347032,0.5952380952380952,0.8488888888888889,0.21818181818181817,50.669485553206485,50.58057220221305,50.797518126298634,50.663129973474796,0.5678508440413201,0.4515723270440253,35.948804065802626,32.270409206343004,0.3454130005871876,0.6591243801732268,61.65801240916322,85.05550177959061,0.38352636383107597,0.624504938375424,50.467945311900664,64.32657962818624,1.2315024755996902,0.7908142154732444,1.3385015102258135,1.2712175866736806,0.797248095352372,0.5730436582558074,-0.42678241853503146,0.0008119853285092895,0.05620824388406489,0.853032189077257,0.8519689536271468,0.9322872581141164,0.7754663067349964,0.5944438130211838,0.569704858132579,-0.6610010943650124,0.0012780288213732414,0.06083706761535693,1.13838758883867,1.1826544163924488,4.276717121187285,0.7711837963002148,0.9104784960246981,1.3191053287452001,1.4801582480335065,1.0513064943587351,1.7844368489212363,1.9195819466306077,0.7212153747617404,87.80194447228625
68,2025-05-30 16:25:30,682.6712328767123,81.56331029963711,31.454551181894892,67.36384636279978,,,,,68.0910011628502,68.16873063274707,0.11947670616782399,0.09976370921111133,670.0,44.477999999999994,0.06638507462686566,70.0,1.197857410035223,640.0,710.0,14.15525114155251,40.546697038724375,540.0,1520.0,9.319148936170214,125.0,,0.015668597085917092,0.02871108257409211,0.01084485385561185,0.0010326510900450587,0.05578175911760797,5.666723754212887,0.5722434034039374,0.19441577367158688,-4.524064610532977,48.20257169529458,104.89442534159262,0.46015681660343244,15884.46126692222,2.1761167849024154,4.907942599960936,913.050078514132,0.632420091324201,0.5925925925925926,0.84375,0.22727272727272727,50.0,49.95497546926951,50.110534936806474,50.92348284960422,0.5541633780584057,0.44736192685454806,35.86736524904299,32.24049536350835,0.3441939901025283,0.6566239838807785,61.53951221007537,84.9454466389396,0.38053715625756174,0.6197902737679968,50.35459857888621,64.24631680483068,1.1889653615738884,0.7908939556706763,1.235817072447249,1.1992852995408398,0.9884828439181204,0.5985527647359141,-0.5637143424301397,0.0005746831876008972,0.0487017356945649,0.8471763167226123,0.814666946500604,0.8779039942445434,0.8049767241453538,0.5518908476083801,0.40087763250043684,-0.5895178949047192,0.0007070576565551967,0.03739901298705754,1.119560137171813,1.1740628432566635,4.271543938654587,0.7691012817490599,0.8398115708509087,1.3261313277315914,1.4900154524722686,1.0396231038343235,1.7843844641979436,1.913326163506465,0.6811478539416437,87.89003712250425
69,2025-05-30 16:25:35,682.1689497716895,81.48993489858523,34.256522041879734,66.78508121797259,,,,,68.08932079560878,68.16729856233242,0.11952912322286706,0.09987315397500636,670.0,44.477999999999994,0.06638507462686566,60.0,1.1976187415668793,640.0,710.0,14.15525114155251,40.182648401826484,540.0,1520.0,9.340425531914894,125.0,,0.014816526204808706,0.02776722470414414,0.010209603526677932,0.0009752780933621757,0.05376863252899296,2.789347766460957,0.5193657521905756,0.18988028979856872,-4.584426479422621,48.20155906859324,104.80588989915898,0.45992292032643833,15870.720678131564,2.1760027242765063,4.907566758167768,911.6205626729311,0.632420091324201,0.5925925925925926,0.84375,0.21621621621621623,50.069735006973495,50.03402523698534,50.16940735799298,50.79365079365079,0.5539184177997528,0.4468904244817374,35.84817628721531,32.22270553962807,0.3445369500145735,0.6566606040244252,61.48006244375168,84.8890359837253,0.38099701933023794,0.6199217719808006,50.32340320967408,64.19804993829878,1.284585110091961,0.8836244872712125,1.2561774002969706,1.3057023702954302,0.9191902572837489,0.46436946519847444,-0.4020584883135821,0.0005681603527777482,0.050727062519570064,0.8313200273078184,0.8737011535033344,0.9159277950644179,0.849854114157698,0.5436908733340715,0.45427051924972117,-0.5546873384748043,0.0008964152055634528,0.05055151502221454,1.1161394195460157,1.161439620111579,4.255989886532305,0.766058906037984,0.8982494547304343,1.3204149507586838,1.490834451720581,1.0283448376537692,1.783525028153661,1.9032894184337403,0.701181614351692,87.95475082834098
70,2025-05-30 16:25:40,682.5342465753424,81.61069915709938,34.70691727066192,65.83581760282648,,,,,69.35795784039112,69.43731517392935,0.11970296334770006,0.10164511111104949,670.0,44.477999999999994,0.06638507462686566,60.0,1.1974911103866082,640.0,710.0,14.15525114155251,40.182648401826484,540.0,1520.0,9.521739130434783,125.0,,0.01317090670105878,0.0247255982586136,0.008836213488746615,0.0009819209298434057,0.04756313687660531,2.8795150672640992,0.5455158312615549,0.189679497324069,-4.728896832472752,49.099596426873,104.81011388758182,0.47100060824576756,16114.948466954917,2.1753273063795837,4.914199031007606,911.985210897643,0.634703196347032,0.5957446808510638,0.8392857142857143,0.2222222222222222,50.345303867403324,50.33373699394043,50.41210847614227,50.26595744680851,0.5560156101275462,0.446030726670948,36.60319081694451,32.725926091282886,0.34534924128012606,0.6562087330878557,61.521248238157106,84.85455785252152,0.3831982793497442,0.6189205896760294,50.54614580159779,64.19699620156646,1.2237063187786552,0.7817905299044985,1.353536702634103,1.2149503899120466,0.8575339191587608,0.5378782946500529,-0.6052415991079848,0.0006020948348455185,0.052586705269192784,0.9240568712301863,0.7720602237815379,0.9118009981476243,0.8688865587066106,0.8219185595607925,0.6914347183202287,-0.5679601655316495,0.0011707033152130741,0.04955607949371955,1.124666516544968,1.161994114838932,4.26548328145523,0.7685118221708249,0.9342734558532192,1.3196942904625624,1.4980070438154918,1.026023545224501,1.782511227918701,1.8464858713580035,0.701181614351692,87.90767686904165
71,2025-05-30 16:25:45,683.4782608695652,81.3841560096996,36.302290549685154,65.2986947060664,,,,,69.70613283010643,69.78617482850726,0.11919323069990857,0.10198734447152975,670.0,44.477999999999994,0.06638507462686566,50.0,1.1726357252927162,640.0,710.0,14.61187214611872,40.73226544622426,540.0,1520.0,9.5,125.0,,0.011469232756020704,0.02169448670545506,0.007622387020421562,0.0008770064619937553,0.041645266143680554,4.75104398487364,0.5668110449241793,0.1919558223186065,-4.876665701065226,49.346277454307426,104.20955670846445,0.47480949290791447,16111.622288739474,2.121031952491758,4.914109381949947,884.1271981346196,0.639269406392694,0.5978835978835979,0.8407079646017699,0.23148148148148148,50.41039671682627,50.39317150141088,50.47816362073284,50.52910052910053,0.5569926094371802,0.4459287231531745,36.76111138614864,32.95242129139401,0.3428902769540997,0.6586845349415852,61.013527653448335,84.48065549376712,0.38175199500015233,0.6194567753299749,50.31227761053014,64.07374344703756,1.2386734639721257,0.8107367901607112,1.3317427570503835,1.2491132879561415,0.9868375146867936,0.4851377396180301,-0.5318383729094361,0.0006562662710548781,0.05402852525347338,0.8366530462779728,0.8820165949575665,0.9087081088684617,0.845061059154679,0.43302572450098076,0.2915241609742991,-0.5422695244380885,0.0008604867143617738,0.043336085729985506,1.1363059437622454,1.1714747322526258,4.257623689577521,0.7744827957839369,0.8944832481167322,1.321835296366482,1.4997322830255138,1.0203648387082696,1.7846268561733483,1.8681120833721365,0.7025220398913523,87.78625954198473
72,2025-05-30 16:25:50,684.105504587156,81.2623274013693,38.479388923444745,64.95538259118243,,,,,69.81914238715741,69.89949880549344,0.11878624986420698,0.10205902732692067,670.0,44.477999999999994,0.06638507462686566,60.0,1.1653640010690798,640.0,710.0,14.645308924485127,41.51376146788991,540.0,1520.0,9.521739130434783,125.0,,0.010557732156761902,0.020056300499010256,0.007275252193784871,0.0008450846649832323,0.03873436951454026,4.17640562503072,0.5595607002810128,0.19404664361178373,-4.923276800713073,49.42640960690537,103.88939048717846,0.4758519236365238,16131.699927994587,2.1043942402495914,4.914650244892451,873.460608742218,0.634703196347032,0.5947368421052632,0.8362831858407079,0.2336448598130841,50.23761031907672,50.201687243023116,50.32819684955198,50.3957783641161,0.5543350148507848,0.4463324837156612,36.7815196033524,33.01654382122116,0.3426167989511451,0.6586740653216429,60.72777617336482,84.29200826196485,0.38160463758781027,0.6195119799499015,50.20330160106053,64.01263477913469,1.1397968723040803,0.8866538551222582,1.309239846127097,1.2120485071997944,0.9612350522108817,0.49912927611689595,-0.5378093715127942,0.0007153051854913347,0.06401362137342848,0.8521966896171992,0.8829090853576131,0.9080706294497867,0.8758173400949458,0.46688752126869915,0.294766885598051,-0.519441925147424,0.0010580072310797958,0.046010950663150155,1.1316695146156692,1.1704299440634414,4.257451128827998,0.7760634772223625,0.8945808478532221,1.328558994867399,1.4967404471617145,1.0258369500301212,1.786494328906426,1.8988194834877228,0.7440890367356566,87.70576993998725
73,2025-05-30 16:25:55,684.6681922196797,81.91622605716896,39.37120359534066,65.70943216210097,,,,,72.32856986245908,72.41156740728249,0.11964368578537042,0.10564032429777612,670.0,44.477999999999994,0.06638507462686566,60.0,1.165022838866524,640.0,710.0,14.645308924485127,41.87643020594965,540.0,1520.0,9.5,125.0,,0.00978309617704689,0.018653838896878074,0.007348037735851384,0.0008748922972655669,0.036429648326848946,3.2178508506314576,0.5392211520465604,0.21580607099622445,-4.913321976115582,51.20271035003623,103.87366468818989,0.49293254939774755,16708.91604967378,2.103305541458042,4.929918386969814,872.9755127080905,0.6384439359267735,0.5989445910290238,0.8370044052863436,0.2358490566037736,50.23858214042263,50.22267363918358,50.31341698333739,50.131926121372025,0.5540286144578314,0.4637643035643825,37.49482722943949,34.869213770395184,0.3436234622098607,0.6584588393124214,60.890124010676864,84.19360948115323,0.3812760410572167,0.6195239479098247,50.56416354989531,64.41270481312058,1.1807836895085468,0.6999252701586405,1.2377942225127492,1.2432470734538337,0.9438450195699852,0.5095144771171225,-0.49157615391248827,0.0002599990041731797,0.02915192925965127,0.8272790184527505,0.7708989307528555,0.8714399572353968,0.7342131452623046,0.6370095779680947,0.5459965418481709,-0.6780088238533127,0.001027075848335867,0.040500894595841525,1.1255517042465177,1.1708802797329174,4.2722743795387785,0.7760305315925536,0.9145660740821862,1.3340006575764083,1.5033798865542285,1.0274549589914552,1.7951760896481102,1.9138092703334117,0.7627382147391826,87.63368983957218
74,2025-05-30 16:26:00,687.3732718894009,89.38596706664089,43.01079975599289,74.59104161774258,,,,,80.66553419191193,80.75876036541875,0.13003992258957545,0.11735331804535323,670.0,44.477999999999994,0.06638507462686566,60.0,1.1923975535476763,640.0,720.0,15.43778801843318,41.474654377880185,540.0,1520.0,9.666666666666666,125.0,,0.009380442507578551,0.017878735368930643,0.008178532128693083,0.0009522155660687411,0.03632483335800115,2.3674377115960006,0.5008903062321375,0.22514988707832914,-4.806242590839946,57.10506709460698,112.92516529153319,0.5061628088528224,20258.871686188202,2.0579512436693137,5.013585363715181,897.8564542774459,0.6436781609195402,0.6047745358090186,0.8421052631578947,0.2358490566037736,52.442996742671,51.71465463883563,53.47896576715143,50.26595744680851,0.6128846706931262,0.47351240109285747,41.5032206101667,39.29500250950777,0.4032450085217553,0.6251915996768431,69.26220865788115,89.28886489627094,0.4433067983461216,0.5943012629826957,57.09540642286397,68.98042699449876,1.0867046866637589,1.0056827066393192,1.3377258846685773,1.2024369957802996,0.9257721219391515,0.4259272631768267,-0.6407854558878687,0.0006542129480335006,0.07504546267718475,0.823892540852471,0.91973311834997,0.9089381546642146,0.9330754005961802,0.42024623002770767,0.12272051506081993,-0.46194126392307505,0.0007280298738375303,0.04039032675718193,1.111195239521075,1.1651784708481554,4.290538138139707,0.7214810202834935,0.9247027361729142,1.3407984780082607,1.5070726488332642,1.0214520535229914,1.8136269852894966,1.9750924146260174,0.7253686833712627,87.28881737731295
75,2025-05-30 16:26:05,688.6175115207374,89.51622419340671,34.882767934864,78.03725674490792,,,,,80.81141620125622,80.90481127145803,0.13010730509021606,0.11735312397559124,670.0,44.477999999999994,0.06638507462686566,60.0,1.1089732463526436,640.0,720.0,15.668202764976957,42.16589861751152,540.0,1520.0,10.093023255813954,125.0,,0.009957018548694772,0.019754426998318322,0.009393297396530737,0.0011361290277035376,0.03930746726383314,2.5052702398353173,0.5132797917324741,0.2398152080216641,-4.667758886964454,57.20834068066579,113.0121469563267,0.5068473854457743,20293.951680854232,1.977704318366608,5.014336731962511,894.0184442536363,0.6474654377880185,0.606951871657754,0.8414096916299559,0.25,50.468457214241106,50.49222180492069,50.4520443413338,50.66666666666667,0.5274873285364902,0.47325569046691923,41.52893903987649,39.34651379916838,0.37602797928667003,0.6263596619381202,69.3003145704532,89.35034431673922,0.4068672942739454,0.5950217925153295,57.1182427218637,69.02650709275817,1.084007676891262,0.8355370771510364,1.3191614106458491,1.1749355240728345,0.8444763675070037,0.6208101358433695,-0.548264647024115,0.0008742052803033637,0.06363866334315284,0.7971174080530596,0.9826578663072518,0.8912512253112095,0.8527109280051259,1.0,0.6353504585268537,-0.5392204638333735,0.0006004940071884043,0.04681563631879239,1.1176979760529773,1.176660182195213,4.299383033148196,0.7322974140290107,0.9861438599209418,1.343790160525472,1.5183489618537587,1.0341702665363344,1.8075473012632728,1.9338277529410888,0.7065767122939096,87.13109817305761
76,2025-05-30 16:26:10,689.2378752886837,89.51319604307245,25.05934925058607,77.6754278702775,,,,,80.94779982369067,81.04162255429962,0.12987271775449125,0.11744537368870815,680.0,44.477999999999994,0.06540882352941176,60.0,1.1059573960670475,640.0,720.0,15.704387990762125,42.956120092378754,540.0,1520.0,10.093023255813954,164.0625,,0.011253930580976576,0.022097600043487223,0.011144288559000183,0.0013389877571190877,0.044998876399863795,2.115349342663884,0.49107004021891776,0.24924883695282926,-4.496828149175099,57.30508086650591,113.0371784040781,0.5071370480552337,20349.995179311558,1.9726488587327569,5.0155344206434895,891.8862696535247,0.6451612903225806,0.6053333333333334,0.8370044052863436,0.2571428571428571,50.18564356435643,50.177958237588705,50.20975474388586,50.80213903743316,0.5269945586884318,0.47323037777856314,41.59661551465193,39.41568580784833,0.37389526927990224,0.626397856905748,69.10435380433304,89.45385395186136,0.40519433315698583,0.5950637534363342,57.03371869775028,69.12158951638757,1.0649728757369645,1.2297701523160736,1.2318471595074352,1.238740034321308,0.6897573972912161,0.4964343303055685,-0.4681542964359327,0.0005988179885483986,0.0874026238339624,0.7922493596818643,0.6653268463375048,0.8695455409430566,0.7599116996678652,0.788272790354398,0.6912285720949392,-0.7466466489549768,0.0011104841173163985,0.05425595738349457,1.133261356096932,1.2162385967949818,4.312696332144313,0.7368210109476327,1.036308574472621,1.3454260879856517,1.5437511977585956,1.0519639456364978,1.7959652747731714,1.9579031828568614,0.7469525244249902,87.05267390430237
77,2025-05-30 16:26:15,690.0461893764434,89.59227014401286,23.264907787309326,78.42355065163787,,,,,81.01211614914749,81.10592407673002,0.1298960420972964,0.11740100502888605,680.0,44.477999999999994,0.06540882352941176,60.0,1.1068493306692888,640.0,720.0,15.935334872979215,42.956120092378754,540.0,1520.0,10.560975609756097,125.0,,0.011995630361674952,0.023118958575480957,0.011914626231173774,0.0014524490809990714,0.047660207966839147,2.0400044111856928,0.48510695033597795,0.2593297395901351,-4.429988538527012,57.35054890905706,113.14230674689092,0.5069855708760382,20381.18501251394,1.974503656949623,5.016199541321804,893.5943487934633,0.6405529953917051,0.601063829787234,0.8362831858407079,0.25471698113207547,50.27760641579273,50.278458114272226,50.28958079983729,50.92838196286472,0.5271840887413007,0.4734036920687586,41.63146231268298,39.44510708969954,0.3744060302230544,0.6262829974625211,69.18640358989721,89.52331056380466,0.40562010185234426,0.5949509538858356,57.08546619368582,69.17469021563434,1.1149080067563915,1.3181771203373651,1.23961216756537,1.2823022786288427,0.1989301376969106,-0.024365140863830348,-0.4201430552750739,0.0007637100719739899,0.10184393506585929,0.8195544114149925,0.7769181915209336,0.9273896301717799,0.8626072238378972,0.5701572422020682,0.353608654797275,-0.5627081529434631,0.0008896191282088423,0.04700524911786314,1.1414396146775432,1.23447305574445,4.333072320230724,0.7425946240491719,1.068919630490274,1.361479141799368,1.5574661904343918,1.0680460706241728,1.7962039751357937,1.951851593951146,0.7483932077249165,86.95070116135079
78,2025-05-30 16:26:20,690.3464203233257,89.9241915969686,23.49307924690256,78.61188911969232,,,,,81.07495388927549,81.16883476461659,0.13041221476199016,0.11755793643456042,680.0,44.477999999999994,0.06540882352941176,60.0,1.1093441984207097,640.0,720.0,16.166281755196305,43.418013856812934,540.0,1520.0,10.585365853658537,164.0625,,0.013388591646551842,0.024718502600726444,0.012860908218508592,0.001537665342464796,0.05247732996371825,1.9219873263035316,0.47103201740287304,0.24953084547958274,-4.353562939143169,57.39503348307077,113.64402842743553,0.5071244662860881,20487.779352620153,1.9803785996822556,5.018464998223046,900.232807517501,0.6327944572748267,0.5930851063829787,0.8295964125560538,0.24770642201834864,50.03073140749845,50.013639141498466,50.07125383411316,51.2,0.5264567040090186,0.47432737005212006,41.637035093955866,39.52883760395928,0.3746827102439959,0.6258660394463609,69.56302295616321,89.86629531930247,0.4055477268781661,0.5948663175989607,57.32650719438174,69.4094654429647,1.0666667678124007,1.060166767290706,1.2367985158254475,1.289184651447186,0.2939004220810002,0.1108131500200833,-0.44857386519153836,0.0006430642219540172,0.06765459391556511,0.8050969454255719,0.7681939722859696,0.9680947255454142,0.8774444985285104,0.5297450954146008,0.2507707893454061,-0.5593524748074008,0.0006699707239788432,0.040267064482468674,1.152986349554117,1.2406201986981629,4.352668678382489,0.746360384765692,1.0219871348957743,1.3858894675533326,1.6007380111904765,1.0827356215722017,1.797269369449762,1.971815218868339,0.7483932077249165,86.91288639100762
79,2025-05-30 16:26:25,689.5622119815669,90.10890957718665,26.173154865589787,79.81405000605704,,,,,81.10778151461315,81.20173687698941,0.1307760391803739,0.11762231025463024,680.0,44.477999999999994,0.06540882352941176,60.0,1.1119104028453894,640.0,720.0,16.166281755196305,43.54838709677419,540.0,1520.0,10.585365853658537,164.0625,,0.015072388730533594,0.028308968561154453,0.013599391165891647,0.0016095928602170616,0.057974633760734175,2.160941879987092,0.4882992220009146,0.24432270593138983,-4.297730254456062,57.418298789844954,113.94168149977189,0.5054687690460142,20536.077617044113,1.9860840523566134,5.019487607064127,905.191026101574,0.6290322580645161,0.5873015873015873,0.8243243243243243,0.24770642201834864,50.122699386503065,50.11869367758014,50.1474700114762,51.329787234042556,0.5268184381167184,0.4741546148703332,41.63703509395587,39.537641027312695,0.37510435770878137,0.6258229936297144,69.78445306196039,90.07518824758608,0.4056372577001126,0.5949578612210226,57.45150725019508,69.54630651875422,1.1005867252259798,1.2476237014220763,1.251858533060602,1.3093403812517326,0.33507166016454537,-0.05560387842687797,-0.4343197804628767,0.000564524370502998,0.08307746593932273,0.8232018070475299,0.8328520574025029,0.9838262901862231,0.8109490840205005,0.7789547642192112,0.524569092216391,-0.7358513795613731,0.0009071824129734566,0.05240871291854092,1.1565139246131242,1.2527629684953683,4.364204343478833,0.7507290261138407,1.1072102295082287,1.3965783897062387,1.6402111030832762,1.0945052082207694,1.7945175241593385,1.951799918226972,0.7281663642728916,87.01172853944598
80,2025-05-30 16:26:30,688.8940092165899,90.25840661139343,28.87367875271535,80.11914264647802,,,,,81.05112007039216,81.14484536523167,0.13105892137710398,0.11768673495615084,680.0,44.477999999999994,0.06540882352941176,60.0,1.114186213487774,640.0,720.0,16.129032258064516,43.77880184331797,540.0,1520.0,10.585365853658537,164.0625,,0.015771913651561883,0.029434188768857367,0.013992604530669337,0.0016255923491138356,0.06001433607016192,2.274217913673969,0.49369346969254846,0.2364921907247475,-4.26922633674824,57.37807041608911,114.17643419685524,0.5031881080311026,20578.702408458477,1.9909501283035527,5.020388096782141,909.2783452538843,0.6290322580645161,0.5883905013192612,0.8251121076233184,0.24074074074074073,50.213805742211356,50.213283267921405,50.23034313385243,51.187335092348285,0.5263417209220481,0.47432831621887744,41.6110740246089,39.51089863709899,0.37621993856888314,0.6254887885095044,70.03213713215897,90.20163869380595,0.4064628507242689,0.5948964257941411,57.59999457385407,69.63277509247717,1.0957228128664018,1.2214231774701838,1.2470245887948688,1.2843916595874436,0.554908571061639,0.3161722875105277,-0.443827179765054,0.0006996799792123075,0.09090978886746863,0.8316602822554257,0.8116091025395764,0.9777643033605552,0.8046066549800809,0.44554166736865497,0.2337981428522471,-0.7144998553665112,0.0010047943089076961,0.049658583121311606,1.1545964959076627,1.248234133024356,4.374392661034835,0.749128877735382,1.1147521865331342,1.3940221388521945,1.661289113503748,1.0983438824305949,1.7938124090905676,1.9672451796776824,0.7671404304905304,87.09612683122616
81,2025-05-30 16:26:35,690.9006928406467,91.1722617848395,31.325793429378805,79.9762911591901,,,,,81.80260794538684,81.89613997866235,0.1319614565878978,0.11847519563953741,680.0,44.477999999999994,0.06540882352941176,60.0,1.116705152003284,640.0,720.0,16.859122401847575,44.1108545034642,540.0,1520.0,10.585365853658537,164.0625,,0.015851529971735924,0.029968572818309933,0.013911613970335131,0.0015785386243621,0.061267980096872614,2.1542125077805037,0.4891392334287133,0.2306170387967677,-4.2750312502783965,57.90931593191486,115.13518064483635,0.5051594097368696,20905.75710513146,1.9920492246667663,5.027236010172876,917.4197893416573,0.6267281105990783,0.5857519788918205,0.8243243243243243,0.23853211009174313,50.59808612440191,50.576020584642976,50.617503755306906,50.78947368421053,0.5320326553203265,0.47251633644337276,42.24006081694279,39.615319636271906,0.38263916979744655,0.6243692781062488,71.22012957780566,90.46437401010229,0.4123918146561184,0.5937152304735946,58.49935307514305,69.83236642116026,1.0657061435138666,1.1201973646830938,1.2540721336214267,1.2724712141538541,0.2474451954267236,0.07191704659869114,-0.4682838528288117,0.0005116344608072843,0.07007730953503932,0.8196311367412616,0.7937944952920977,1.0272834092781407,0.8647648812145323,0.8060960995285171,0.5034132215404479,-0.661809723681556,0.0009467618124307936,0.05495404832030669,1.156415207146451,1.2592354830009853,4.408086661912782,0.7583271748528994,1.0741707189131082,1.401883223042524,1.694752993614441,1.1131791765455294,1.7908650096617074,1.9851151544052237,0.7686200511769411,86.84316085038105
82,2025-05-30 16:26:40,693.4338747099767,99.02686815848156,34.36405723379935,85.55091846447404,,,,,100.58665129431763,100.70294485735542,0.14280650509019158,0.14505586612189547,680.0,44.477999999999994,0.06540882352941176,65.0,1.0949923436354678,640.0,720.0,17.865429234338748,44.31554524361949,480.0,1520.0,10.560975609756097,234.375,,0.01754228374997332,0.03259035395878037,0.01422816659229773,0.0014786206993555654,0.06354549152621358,2.704962068227567,0.5128665020292793,0.2246015367402606,-4.2525317162002265,71.20773519409099,120.44248572377853,0.5950286481438263,26943.67030933155,1.9394941779560686,5.137426865658942,894.2290456629271,0.62877030162413,0.5888594164456233,0.8243243243243243,0.24528301886792453,51.49732620320856,51.070525723233416,51.988698128980396,50.65963060686016,0.5685520470071181,0.49697129312615224,52.80367826419328,47.77447992810525,0.3921766256263471,0.6180003264012738,74.53206015493073,94.61165032058359,0.43830116833404986,0.5916008956668779,64.58814298757416,74.94586482517003,1.0782688214147502,1.3418876962987274,1.2450032368221122,1.275006346080251,0.4954701347204118,0.24256339526354953,-0.42442507317072264,0.0008776693361078528,0.10885811626687124,0.8563160336273543,0.7768775097622476,0.9823372329918549,0.8734933031402986,0.6810214782612363,0.7022915241320389,-0.6119808556193823,0.0015770595302923903,0.07275195092571052,1.1321959027619721,1.2481123665508136,4.479454567923913,0.7540489372926538,1.1292757914840306,1.4129647025631988,1.7070259712503928,1.1136947587561885,1.8231723240201385,2.0789928707248615,0.7295739585136224,86.52591427711046
83,2025-05-30 16:26:45,694.5813953488372,99.37185761887795,37.66803675534109,85.74856044508815,,,,,100.97322242719495,101.09024204460759,0.1432171810071425,0.14560042754614047,680.0,44.477999999999994,0.06540882352941176,70.0,0.9864465887769405,640.0,730.0,18.287037037037038,45.11627906976744,480.0,1520.0,10.8,226.5625,,0.017906487226433496,0.034458470037285596,0.015715219618776803,0.0015710353461625699,0.06965121222865847,2.746094550164918,0.5148306894951351,0.22584611894294032,-4.153125633725147,71.48159566153146,121.20220056672407,0.5912871820400261,27180.103169952537,1.7000195331009333,5.1412212108518665,823.9705406768967,0.6325581395348837,0.5930851063829787,0.8251121076233184,0.24528301886792453,50.36649214659686,50.21721351488242,50.543673805908874,50.52910052910053,0.5495611414916595,0.4557039801561113,52.86753858005892,48.25441298050389,0.38009512692965913,0.6212355209349951,74.72340538620189,95.46588470185958,0.42360087168049143,0.5783542088226701,64.72466279566346,75.52381576386142,1.0108470852318363,1.125530713577313,1.2290194028648118,1.315668440306349,0.5730681181311779,0.1633321001124841,-0.40928903509693293,0.0009865069815073468,0.08432451784459083,0.8346856307801663,0.9075424828489072,1.0042663559851028,0.8708739899339144,0.32805351635468405,0.28831874809706903,-0.6104045078999718,0.0009537879585423291,0.05827631998739681,1.136616911615536,1.2675978546531521,4.5089713550910595,0.7247112525383225,1.0979149051263768,1.409506437638371,1.7052168276537742,1.1299598170619616,1.8253199295360385,2.0626919445706977,0.6917175741535851,86.3829644758429
84,2025-05-30 16:26:50,696.7365967365968,99.53211129146464,40.02183509072143,85.59508718411823,,,,,101.10372207205049,101.22194396942092,0.1429934554905674,0.14521313498093744,680.0,44.477999999999994,0.06540882352941176,70.0,0.9854653353923974,640.0,730.0,18.83720930232558,46.620046620046615,480.0,1520.0,10.487804878048781,226.5625,,0.019956808271517947,0.03803111399277627,0.017757340166457174,0.001680266421516542,0.07704366349074387,2.8972523374200434,0.5205121336047331,0.23048410942439887,-4.030956318036257,71.57472298566228,121.29746077046651,0.5903114929235938,27267.472100868577,1.6955634802121027,5.142614987414547,822.4700931965533,0.6302325581395349,0.5915119363395226,0.8251121076233184,0.2336448598130841,50.49146404552509,50.360725162143815,50.646587850677385,50.397877984084886,0.5493534729374071,0.45138285714285725,53.01672220840942,48.08754701568742,0.382146349547489,0.6203888726989123,74.90014505465749,95.50155367846774,0.4252979095852241,0.5767146962137397,64.88761269661715,75.60740351641235,0.9954924102830348,1.1994076141427286,1.233989079747332,1.319816340156944,0.43416566041914173,0.12725304237453505,-0.39095916349911813,0.0007819503999211393,0.10010893238121296,0.835730751463306,0.8376150890240721,1.0148685916881164,0.8697176367222208,0.8787897317564122,0.7075259626130177,-0.6527786934733207,0.0008421347841145854,0.04916248153329701,1.1606294292168413,1.2973585849109437,4.521840065661087,0.7356224369633099,1.196214897337367,1.4181625790078336,1.7705429075770964,1.1437082429209704,1.807107160525921,2.0595274294842874,0.693063754020943,86.11575777852124
85,2025-05-30 16:26:55,697.3598130841121,99.45585059337343,40.72924716774839,85.32999512308069,,,,,101.25558359137986,101.37433410711598,0.14270695707614542,0.1451984781623298,680.0,44.477999999999994,0.06540882352941176,70.0,0.9834796911925617,640.0,730.0,18.925233644859812,47.086247086247084,480.0,1520.0,10.463414634146341,226.5625,,0.020485369348535804,0.03822167236418508,0.0185348615362022,0.001687480746669443,0.07772796999485417,2.920717002001546,0.5212384804890259,0.23845806776414288,-3.9881019128037734,71.68247908541242,121.20802801681317,0.5918589925246124,27282.347894015198,1.6933501349713875,5.142851852542178,820.9905224075453,0.6293706293706294,0.5915119363395226,0.8251121076233184,0.2336448598130841,50.20576131687243,50.0755729609812,50.374914646108095,50.397877984084886,0.5485876222689461,0.4518736726724669,53.07891193326007,48.181727586704866,0.38063186384312553,0.6201141001250416,74.76290620435752,95.44666846806915,0.42415090780999515,0.5764879606791896,64.83387631531967,75.57467889357231,1.0455296439798063,1.1637578811632538,1.2577993179518057,1.318438725567979,0.37952658120669636,0.06955337401718609,-0.4273731172880165,0.0007937179433248344,0.09037585506258361,0.8567511427029317,0.664077822345779,0.8739388432899171,0.7269681868529587,1.0,1.1405699122128437,-0.6686880625238552,0.0012500895367808685,0.05874014445225464,1.1626598553407899,1.3090327566844238,4.52249094161959,0.7419053708983149,1.2919493422377681,1.421913413764248,1.799032609202464,1.1479960514111245,1.8068794838795466,2.059887875609423,0.7148395900094395,86.03879786913258
86,2025-05-30 16:27:00,697.5934579439253,99.33352728130524,41.12517784983182,89.51661712769763,,,,,101.2590528522923,101.37783184075498,0.1423993491304885,0.1451596818756066,680.0,44.477999999999994,0.06540882352941176,70.0,0.9819631665496762,640.0,730.0,18.925233644859812,46.96261682242991,480.0,1520.0,9.976744186046512,226.5625,,0.020584475857484907,0.03854577754565513,0.01964780389528709,0.0017810785734582817,0.0786210388883307,2.8960488317625743,0.5214761775862311,0.24990516753656516,-3.929789707966691,71.68495235658735,120.93921997449037,0.5927926094348546,27236.107322499047,1.6894636692238028,5.142115146786839,817.2453065330391,0.6247086247086248,0.5873015873015873,0.8198198198198198,0.22018348623853212,50.128534704370175,49.9955207204576,50.30504614958129,50.3957783641161,0.5482559334810518,0.45201224247407606,53.065642757951714,48.19512374765358,0.3809346633057441,0.6203168067498471,74.62158853741708,95.24679279342534,0.42437654968372535,0.5766280119829326,64.73275375065428,75.45702521278422,1.02902491337225,1.1191848476124824,1.2694233139130244,1.3288607233190044,0.5404812630967193,0.2161713466494657,-0.4468922318482281,0.0009455583883587783,0.0884697513958266,0.8850132069020604,0.792194041914252,1.0336214886158621,0.8626845300505281,1.0,0.9430070255125012,-0.8387461482475871,0.001101324085206586,0.06764718050917826,1.157049780857784,1.291839807107001,4.5189209183461765,0.7416816175067914,1.3523644761212519,1.4235223279904354,1.7960376417047925,1.1445754511634303,1.8014406240222423,2.0684744530284935,0.7148395900094395,86.00998090899957
87,2025-05-30 16:27:05,697.1794871794872,99.52716459861432,31.962336105330845,94.27517391592956,,,,,101.14415547581524,101.26251929256985,0.14279506910406187,0.14511502190269468,680.0,44.477999999999994,0.06540882352941176,70.0,0.9840130072806079,640.0,730.0,18.88111888111888,46.386946386946384,480.0,1520.0,10.214285714285714,226.5625,,0.018964679011467676,0.03738391918712233,0.02010738850719386,0.0018990446764059344,0.07788676754646195,1.8936575956531425,0.4937938904798153,0.26919919406879983,-3.9066679440382317,71.60341407180974,121.3496512935712,0.5911036356748457,27297.453538801754,1.6947467221586932,5.143092245441077,822.6276950595209,0.6223776223776224,0.5857519788918205,0.8153153153153153,0.21100917431192662,50.07696254489483,49.92824233151239,50.268046899137445,50.78947368421053,0.548452666438278,0.4519189010034515,53.027764368404284,48.121625767533445,0.3795784101753107,0.6218797132221104,74.7591507717407,95.58664783828058,0.4232039680771679,0.5779284784623354,64.80852157675405,75.67198329457875,1.0100881241725364,1.216131344290244,1.2768806835462008,1.3657164855171675,0.4895728564491444,0.2956877294044513,-0.4053385105427512,0.0008220070703849771,0.11339445597025785,0.8934298676065386,0.7933022113202173,0.9858345097204637,0.7360155972310861,1.0,1.3732656754197468,-0.8189093071219603,0.0015518843790445181,0.07828183508225066,1.1556697874673838,1.2924298363601938,4.53380948614726,0.742351792075155,1.3615233327847682,1.417673985174827,1.81922809528469,1.1504949268245865,1.7976163422579556,2.086902285245376,0.7338322101398219,86.06105185730048
88,2025-05-30 16:27:10,698.107476635514,99.55864376505777,20.617460300425257,93.84086836392461,,,,,101.30414243260087,101.42284151377383,0.14272732393236848,0.1451805557045142,680.0,59.303999999999995,0.08721176470588235,70.0,0.9836994033960207,640.0,730.0,19.114219114219114,46.49532710280374,480.0,1520.0,10.214285714285714,226.5625,,0.017576957225475698,0.03451996169761941,0.020764361615726038,0.002153366516800773,0.0743974381941916,2.6031262446033128,0.5120535660833417,0.2846711453794009,-3.8745171456551235,71.71677900159794,121.31157612006044,0.5923163919458234,27328.57355242964,1.6941957603037578,5.143587073726315,822.102231753492,0.6153846153846154,0.5782493368700266,0.8127853881278538,0.1981981981981982,50.33282130056323,50.20825793891076,50.490003150765425,50.65963060686016,0.5489833641404804,0.4517654044671813,53.120909121696066,48.18172758670486,0.3805702228064003,0.6206236496314631,74.82792759827166,95.5491926063331,0.42410565834003117,0.576804974429261,64.88855729081853,75.65026290214183,1.059702243123641,1.189455868587093,1.2975612687593603,1.377120418894656,0.6197470048645295,0.4005638100781037,-0.4245677416197976,0.0009631039606283108,0.11249712752748048,0.9068876123488726,0.8595429089774413,1.0097085236853154,0.7543115393472537,1.0,1.2689394063869783,-0.8247913665196656,0.001408865871493922,0.07919942186456655,1.1599035375022506,1.291803517698968,4.533024763327802,0.7468504169731123,1.3169118241068611,1.4128569918970644,1.8519460232636842,1.1555126392840036,1.7965935847885,2.086902285245376,0.7352635782954235,85.9466514943606
89,2025-05-30 16:27:15,699.1588785046729,99.44383608709508,16.250692675022762,94.33200144551954,,,,,101.51782377790089,101.63705319769932,0.14230034121805754,0.14523926406608484,680.0,59.303999999999995,0.08721176470588235,70.0,0.9808257325332559,640.0,730.0,19.20374707259953,47.19626168224299,480.0,1520.0,10.19047619047619,226.5625,,0.016525123951148666,0.031925198554407994,0.021382599088395873,0.002398650738469221,0.07175634149338239,2.2601938186068273,0.4974749596494323,0.3008068893445681,-3.845177814431644,71.86824953591105,121.04935303960227,0.593812886019103,27330.615503998564,1.6871758779780486,5.143619522370885,816.6873152875047,0.616822429906542,0.5809018567639257,0.817351598173516,0.19642857142857142,50.20470829068577,50.07167174118876,50.37563945391044,50.397877984084886,0.5487543347326156,0.45213589580107477,53.20658959631399,48.3127068902046,0.3789830261654567,0.6212279260985153,74.5199152478469,95.39249500227983,0.4230576727636804,0.5770896923278793,64.74626995054183,75.61033576773352,1.017700462796629,1.2841124269605586,1.2694595260234038,1.3981521018420855,0.5628452955978158,0.19181447411720765,-0.3792233103163896,0.0007651818724645864,0.11652488771457828,0.9091545953989252,0.7347606920347112,1.0107634655109923,0.8050052938270185,1.0350918339492456,1.0754713577056454,-0.8372507168508008,0.0014006832521988803,0.07498061305374193,1.172201450941381,1.3097872823971368,4.53077952605369,0.7535597641325503,1.3303868656803626,1.4071384338395934,1.8525557980595369,1.1572176719602494,1.7979128836677625,2.0843192322180286,0.75716490305845,85.81740409036226
90,2025-05-30 16:27:20,700.351288056206,99.43757795466323,15.625260074934456,94.32810038045326,,,,,101.54672367536963,101.6660224263252,0.1421868789318907,0.14516805783343917,690.0,59.303999999999995,0.08721176470588235,70.0,0.9796848091414883,640.0,730.0,19.437939110070257,46.8384074941452,480.0,1520.0,10.7,226.5625,,0.015854509954741774,0.029921425247235116,0.02224397509412105,0.003167891619085888,0.0700594240664702,1.380015247477971,0.4270863719754048,0.3248289252660686,-3.8056840893247252,71.88873387391816,121.04028169528893,0.5960045962407022,27329.81229600931,1.6844220126212857,5.143606758885065,815.3855154015275,0.6182669789227166,0.5809018567639257,0.817351598173516,0.1981981981981982,50.22947475777665,50.102690120817925,50.396625226383065,50.132625994694955,0.5481152488327071,0.45217173556729195,53.2088006873697,48.34070261603326,0.3802523477698597,0.6208239719628749,74.53330204833297,95.37052311194932,0.4241762748557441,0.5767988606158736,64.75442817969072,75.59764304157291,1.0229618906613234,1.3534101956064166,1.2809018979047089,1.4129689960018377,0.5114558771092863,0.3570380366807264,-0.38593931440835033,0.0009231092997100538,0.13352397054929238,0.9410461283098578,0.8797029709542694,1.088186980086371,0.7971040298156651,1.0,1.2120365567534566,-0.8554571260404645,0.0013972316260402497,0.08854257447835001,1.1698018260821272,1.3138645232750763,4.540811792570797,0.7552956793758471,1.3644766855812458,1.3864778574788736,1.8309143385534727,1.167030887324946,1.8008433728191404,2.076367248939834,0.798092735656204,85.67129242601573
91,2025-05-30 16:27:25,701.3145539906103,99.07725611268211,19.769713973789294,94.57548666161884,,,,,101.91707021828059,102.03657471415804,0.14137774202452796,0.14533325201444633,690.0,44.477999999999994,0.06446086956521738,70.0,0.9778708578013686,650.0,730.0,19.483568075117372,46.71361502347418,480.0,1520.0,10.675,226.5625,,0.015239791243251748,0.0273043792564834,0.02327588323389968,0.003821073711680273,0.06828997931192525,1.2831362600853133,0.4245998821805051,0.3459407509463347,-3.7603375087882123,72.15075390942896,120.32627674196435,0.6016986340865556,27203.412966649816,1.679613478774287,5.141593504422382,806.6008033042418,0.6229508196721312,0.5851063829787234,0.8272727272727273,0.2,50.15306122448979,50.02814868147192,50.321312519781394,50.26595744680851,0.5478139895545877,0.45714027435648263,53.262654621775006,48.78283208140291,0.3808847323299457,0.6211381913400071,74.16427182004931,94.77575172222738,0.424132396013971,0.5766396789487988,64.56488825962859,75.23474176587169,1.0127643265805308,1.257723715906269,1.258882869981853,1.3652361999665676,0.4856335498863942,0.17778305041750997,-0.4154398309901629,0.0009416410938561808,0.11004271000336883,0.8878068404789342,0.8354211848550519,1.0962241190970952,0.7871001454236495,1.0476977420520273,1.1578942294086507,-0.7352219887527159,0.0016711149048381946,0.09258418543893654,1.1690208032831024,1.3078391860614569,4.525224706633769,0.7541701549288657,1.3258139214323603,1.3796654224012619,1.8372936602584478,1.1613147906535035,1.802788346118466,2.181577969655509,0.8406645409137542,85.55362163609587
92,2025-05-30 16:27:30,701.7136150234742,98.63259523535355,22.19266926115772,93.63392671149869,,,,,100.86216570443169,100.98093797107607,0.14065842785973692,0.14379140114037192,690.0,44.477999999999994,0.06446086956521738,60.0,0.9784223833132405,650.0,730.0,18.544600938967136,46.244131455399064,480.0,1520.0,10.166666666666666,226.5625,,0.015053470860655954,0.02491585594799264,0.02364128928646598,0.0046274335525467525,0.06748812834061403,1.0684565197781228,0.3863922764332122,0.4013379756229101,-3.7447605495868164,71.404306009926,120.01304498092605,0.5964339545219352,26912.99668143869,1.6819740124012845,5.136932167805601,807.1108223658465,0.6229508196721312,0.5866666666666667,0.8272727272727273,0.2,50.1827676240209,50.06185844307952,50.3534148283738,49.86666666666667,0.5453977364778856,0.4548231808924274,52.724139686299075,48.153400710645556,0.3811771591911037,0.6195462380966432,74.0895156565443,94.4274286209673,0.42409531768037523,0.5763136520067211,64.29676445846745,74.94308101953722,0.996080611042099,1.2698687858008482,1.2733557400457982,1.4283661950962299,0.5102993744062454,0.3293857717457862,-0.3700510197472158,0.0008907961813560595,0.11398730556358985,0.9533134543072966,0.8314648290390918,1.1121676513728955,0.8567063391662298,1.0362373653714159,1.1931267074834648,-0.7573171752909016,0.0014215439986994935,0.08681447768436659,1.160242138162792,1.29816691258584,4.497062371368103,0.7521115173577418,1.4289498566158658,1.3829195337772817,1.8447846360182067,1.147877442854084,1.7927893491432303,2.069032305367253,0.7996565145277175,85.50496771819489
93,2025-05-30 16:27:35,702.1882352941177,98.44624216857807,24.277041151658945,93.49910944839249,,,,,100.96819039528297,101.0874428644152,0.14020207287902664,0.1437907747813399,690.0,44.477999999999994,0.06446086956521738,60.0,0.9757925827959852,650.0,730.0,18.58823529411765,46.244131455399064,480.0,1520.0,9.906976744186046,226.5625,,0.014427951504809848,0.021686676428084126,0.0229415125971436,0.005219591443143783,0.06382681913742953,0.9453028145486924,0.339773730246359,0.3664529295849428,-3.7748072323516335,71.47961634223564,119.64632667853496,0.5974633438077122,26867.75968623679,1.6753647445602358,5.1362015651382436,801.5821082983266,0.6197183098591549,0.5828877005347594,0.8256880733944955,0.1981981981981982,50.13041210224309,50.000656957477375,50.305667008741,50.26737967914438,0.5451706188548293,0.4550144592249856,52.768507335628314,48.216415203076444,0.38021166891256464,0.6210225430131404,73.75498384626155,94.28726804061658,0.4235438843330459,0.5773566643498395,64.10416972239896,74.88294735651948,1.050409363139422,1.3516056548820605,1.27879659284645,1.3558180721701198,0.32255523923702345,0.20223603046906136,-0.4044227611182893,0.0010032982709239624,0.13429623955991218,0.9172985373438558,0.9340683107505232,1.0884130870990287,0.8178837002004881,1.0316528948565196,1.3693489817556925,-0.7607361812040426,0.0016514544392783974,0.10576980386122606,1.1478141503412869,1.2718616182897535,4.487738049131014,0.7530198698881866,1.314824884335218,1.3918843849419047,1.8447138299914079,1.1407559386129162,1.7930313109365656,2.07890525512655,0.8012269228470059,85.44717354153403
94,2025-05-30 16:27:40,702.0657276995305,98.4030566475492,26.046660454723654,91.90396397577005,,,,,100.91464069143959,101.03354900436446,0.1401809193815408,0.14375881799944243,690.0,44.477999999999994,0.06446086956521738,60.0,0.9752057980974731,650.0,730.0,18.544600938967136,47.417840375586856,480.0,1520.0,10.390243902439025,226.5625,,0.014171506773317093,0.019185219477093972,0.02224882641884548,0.00575380418072859,0.06078726994828069,0.8623025374877062,0.3324186658325581,0.48243320149057256,-3.8054660169813936,71.44150762832946,119.59768389622238,0.5975624357439434,26842.517990374643,1.6742847231042572,5.135793362816153,800.8568950002823,0.6244131455399061,0.5882352941176471,0.8318181818181818,0.1981981981981982,50.181629475869215,50.05847293435005,50.34691529455677,50.0,0.5450911527530673,0.4551256850819787,52.74426553825364,48.188897178922396,0.38008701763889363,0.6206236305361975,73.70523466812816,94.20154041429574,0.4235036897241427,0.5770947982373275,64.08751502692881,74.81852079679737,1.0076313375796195,1.4947491194917424,1.3055300182043723,1.3729182298426772,0.07009562063921315,-0.29632541089995357,-0.3799492394352554,0.0007488805681514903,0.14467035878603662,0.9410430952231523,0.8257387252529729,1.034858877291672,0.8406881674974912,1.0438448328067844,1.1646115468253488,-0.6674089789920088,0.0016542469387230375,0.09264496448367093,1.1599576539679517,1.2993764115138948,4.489709941794731,0.7587014416376157,1.2850008398653996,1.3663289032071166,1.831961634149597,1.1473536490700806,1.7974814648141544,2.0889682427802008,0.7996565145277175,85.46208372341849
95,2025-05-30 16:27:45,702.9882352941177,98.2912753686074,28.985638454904564,88.06945825876304,,,,,101.00672497693427,101.125948544926,0.13995148001947508,0.14373968898442008,690.0,44.477999999999994,0.06446086956521738,60.0,0.9742742784242324,650.0,730.0,18.58823529411765,47.05882352941176,480.0,1520.0,10.390243902439025,226.5625,,0.014811494304407187,0.017692123916854128,0.02768735188964881,0.006320636334775944,0.0608291035634512,0.8041061567383405,0.3143656155975017,0.5004733640505639,-3.586779580549147,71.50684397003904,119.3388929274519,0.6014123895126873,26776.95525052067,1.670908580765178,5.134731302761987,797.6175208459847,0.6220657276995305,0.5871313672922251,0.8356164383561644,0.1981981981981982,50.23400936037441,50.1314238375391,50.381648818678215,49.865951742627345,0.5453452620385141,0.45507306696263405,52.80321646482089,48.22744576299573,0.3809519672055365,0.622464076499933,73.65752383867725,94.00578696093407,0.42430550757271435,0.5780445941390299,64.05962238683122,74.70658298904912,0.997584919336476,1.321389754920948,1.258847350793352,1.404656022957721,0.2655631885369836,0.11643541564948645,-0.3503660465480651,0.0007922575337900021,0.11685618952555074,0.9430008108190308,0.8194896311544502,1.1104323949103634,0.840843078719246,1.0345008274122465,1.2679069150870428,-0.7556395418371329,0.001339109397540079,0.08208997894625264,1.1567668085474478,1.288443267484196,4.485660401482634,0.7589626649826069,1.3351612174978122,1.347123618958007,1.8078260105934865,1.1403739745000074,1.7977550358530139,2.054819068400467,0.821771202920006,85.34993473240284
96,2025-05-30 16:27:50,703.035294117647,98.01454624880738,32.90866225628444,86.62589146411032,,,,,101.01489708930195,101.1340944841578,0.13942558541936317,0.14368396286004662,690.0,44.477999999999994,0.06446086956521738,60.0,0.9703764404913616,650.0,730.0,18.823529411764707,47.294117647058826,480.0,1520.0,9.906976744186046,226.5625,,0.015805342493815905,0.017916486986649025,0.02312353780842345,0.0068889650549969345,0.06373433234388531,0.7785860875173594,0.2900426568398743,0.372524838922719,-3.766904227488756,71.51260401890899,118.88397806629419,0.6018202717048435,26706.144736484068,1.662594986233692,5.133581308334466,790.6215584536311,0.6305882352941177,0.5940860215053764,0.8378378378378378,0.2018348623853211,50.18200728029121,50.068411411565215,50.340754975456825,49.73118279569893,0.5451288570437998,0.45549362873199034,52.799858514030646,48.25072421950634,0.3796515504200767,0.6216618168962377,73.23380012190191,93.71071872092055,0.42353599923940527,0.5775121986625058,63.83090425691999,74.53130614345339,1.063165036858632,1.1898260997784993,1.2649861537923668,1.4018266814476075,0.404864608056422,0.1502496665722397,-0.37092300977496445,0.0007756251607835755,0.10549774993163884,0.7699988169554883,1.009918737133073,0.9181462398661235,0.6738501547187749,1.0462578171308763,1.474975260520686,-0.795648296837482,0.0022882587340730984,0.13404955665794083,1.1583647599071236,1.295748931247205,4.4735250629209045,0.7600401928660819,1.282962368370095,1.334971956965247,1.7798750337621967,1.1365596594043714,1.7974671534932818,2.0796504506429945,0.821771202920006,85.34422169416648
97,2025-05-30 16:27:55,702.8941176470588,98.17562803499956,34.927463992463295,85.94085471761932,,,,,101.00205490156932,101.12127294804729,0.1397389126054952,0.14374198210379763,690.0,44.477999999999994,0.06446086956521738,60.0,0.9721510066877207,650.0,730.0,18.58823529411765,47.05882352941176,480.0,1520.0,10.390243902439025,226.5625,,0.01695304149437885,0.02488798256564801,0.03771218073622396,0.007242027050479941,0.07643133150651159,0.7838922890825396,0.3256253956995067,0.4934125834640348,-3.2777721402610265,71.50353782378002,119.1376601241603,0.6011758285901344,26758.774350883225,1.6666658039666087,5.13443632724747,794.1286153409036,0.6305882352941177,0.5929919137466307,0.8371040723981901,0.21296296296296297,50.0,49.84787833539392,50.19839226189436,49.73118279569893,0.5446787845150548,0.4555293464687111,52.76290695063906,48.2580729781558,0.3792792758494881,0.6221189092442577,73.31682781136409,93.93158862830707,0.42309989499947503,0.577899123783511,63.85467239128505,74.67098545139118,1.0100423523099205,1.54684238583331,1.2589285724112258,1.4220200172486162,0.2828420429151013,-0.07655415744286387,-0.33164200321327975,0.0007067829611064823,0.14558098018168972,0.9027089835675542,1.0162635334924996,1.108972780135864,0.876386946480836,1.0422779422404547,1.4170670040035158,-0.7588419232296675,0.002245449243471127,0.13558542056947712,1.1582276892702823,1.297815632436311,4.478792120671252,0.759720780918493,1.1847424093891337,1.3298602893104543,1.7737630628657592,1.142518226963186,1.840861423884258,2.0894789643021583,0.821771202920006,85.36136310380611
98,2025-05-30 16:28:00,702.5882352941177,98.16179536261768,34.79968457501533,90.45679337817529,,,,,100.96702245110286,101.08625423522008,0.13971454463868893,0.14370724896757775,690.0,44.477999999999994,0.06446086956521738,60.0,1.0246712054749165,650.0,730.0,18.352941176470587,46.588235294117645,480.0,1520.0,10.414634146341463,226.5625,,0.018103319349450666,0.03441971282663857,0.047915994580953115,0.0074082578331842374,0.1010720417333406,0.810029697353995,0.3411329026811675,0.4948230328277239,-3.038305914207785,71.47877585447148,119.18545661064272,0.658026440092223,26763.95207299971,1.6894093795190608,5.134520353465911,794.9309650410735,0.6346604215456675,0.5967741935483871,0.8423423423423423,0.21100917431192662,49.895615866388304,49.729742324249884,50.11105348301233,49.865229110512125,0.544466037386637,0.5095223309009987,52.74274064084391,48.244599398879785,0.39898134993066514,0.6784193317006201,73.38926812457221,94.02903442616663,0.4276127762194691,0.6345833743050252,63.90532593676242,74.72951453835232,0.8902408344570089,1.6003329146526688,1.1979138411280208,1.303808954749171,0.33441561768207073,0.310546479812817,-0.4226245260546607,0.001222257478061412,0.1674612303657816,0.8822202323450531,1.328796445869272,1.1263690671003612,0.8795873041632118,0.6775042302557033,1.4431283259537842,-0.7391203397076536,0.0010856620924037373,0.1238868451385447,1.1666205110639418,1.2947824024807686,4.4800678583801465,0.8019928431779031,1.2645873384689308,1.3317293578559282,1.7747141280698993,1.2337713260289485,1.8461286526739156,2.1809767037339696,0.821771202920006,85.39852645679838
99,2025-05-30 16:28:05,698.1542056074767,83.36092658213498,23.378553592101255,76.56912569862583,,,,,94.75470612350973,94.85610770520314,0.11940188272532301,0.13572174365269624,690.0,44.477999999999994,0.06446086956521738,60.0,0.8797550010178563,650.0,730.0,17.523364485981308,46.02803738317757,480.0,1420.0,10.487804878048781,226.5625,,0.018799118208140335,0.03779606440552805,0.0510400225175116,0.0073437336771739956,0.10906810528056488,0.8242472799739939,0.3465363619208578,0.46796469404338825,-2.9751451987718833,67.07339699531066,93.34594229349999,0.723401117318965,19669.604109431253,1.3916984449143992,5.000765728914189,519.6376109157328,0.6378504672897196,0.6005361930294906,0.8482142857142857,0.21818181818181817,49.66442953020134,49.51370909182752,49.83053306497801,49.597855227882036,0.5240960529947557,0.5048254995044082,47.203485190020736,47.661265658094464,0.5062221251570658,0.5236540581430617,64.46141779013921,67.54880663425489,0.5123123531486581,0.517241992907199,56.474740721113456,58.45698214004642,0.8716660472149838,1.8644647192383967,1.22333214125182,1.1710481968509834,0.14485727328663334,0.12852707784480777,-0.5258968778405385,0.001369024215616049,0.2196022412502748,0.9415577537321299,0.7002479723661899,1.098645435009412,0.8721453464128388,0.810255255477859,0.6972516735009657,-0.8163563454133116,0.0004913382954590035,0.03437126011574513,1.17246048257434,1.2885404395155353,4.4264853860232725,0.8745434522939143,1.340830198759283,1.3344071418899515,1.7734326239434655,1.2676005371107053,1.836547131605126,2.286737458225912,0.8544746504250169,85.9408988989659
100,2025-05-30 16:28:10,695.1395348837209,78.24326460890816,21.49839829967451,71.74056400946884,,,,,91.80652606671396,91.91352449455887,0.11264531006668031,0.1320956755294136,690.0,51.891,0.07575328467153285,67.5,0.8589736207892112,650.0,730.0,16.97674418604651,45.11627906976744,480.0,1420.0,10.487804878048781,226.5625,,0.01910429289960952,0.041070930077883275,0.05487929672952409,0.007204032594548631,0.11756484030713919,0.8502804760707933,0.3493470494289373,0.46680024900430633,-2.902619110341877,64.9926764528584,89.67874134144088,0.7249121072903478,18305.99600725423,1.396042875501521,4.96956347326329,500.7814717346491,0.6372093023255814,0.6,0.8488888888888889,0.21621621621621623,49.830124575311444,49.69301899039076,49.97816728491799,49.6,0.5243929420875049,0.47716785097528536,47.06453116156522,44.821817534575764,0.5072869084998655,0.4945680719312206,63.85692044607775,63.02424012594641,0.5128319379058709,0.4880671628519483,56.07350076072553,54.66806668599522,0.8690840285404674,1.7393209285179054,1.2033942527992854,1.1380706045282496,0.0870007878779564,0.3106461732900363,-0.535324009408895,0.0012463843812946943,0.18432389887138703,0.9699193348733947,0.7499033333125016,1.1027934134385045,0.9436352692799576,0.7484511528669717,0.5202702312021508,-0.666316578090287,0.00045269820244041157,0.03428917520436205,1.1698370762034136,1.282189969229791,4.386943283321865,0.8743765802231416,1.3678990826173811,1.3107394777388197,1.711222334959386,1.259418282131729,1.836243219220243,2.1917171567078135,0.874819284958946,86.31360610217122
101,2025-05-30 16:28:15,694.0835266821346,78.05942070594412,19.27677817964245,71.11040486889684,,,,,91.61598316938493,91.722510427187,0.11249640011916738,0.1320316724523568,680.0,44.477999999999994,0.06540882352941176,67.5,0.8520410143237512,650.0,730.0,16.473317865429234,45.011600928074245,480.0,1420.0,10.261904761904763,226.5625,,0.020114794866503586,0.044119391778192164,0.054167431299985656,0.006667874824132052,0.12245054354518356,0.869685712860868,0.3624140884083332,0.4423617056464774,-2.915675449672661,64.85760911051774,89.43341140837028,0.7272047041183799,18222.39967987516,1.378935330010246,4.967575677939296,493.2915626973726,0.6403712296983759,0.6026666666666667,0.8495575221238938,0.22522522522522523,49.97157475838544,49.840775673155456,50.10846123010977,49.6,0.525252244489535,0.4755624515128008,46.97881805446357,44.72657152595312,0.5043477068960793,0.49738263635870916,63.51332108020402,62.963426856403906,0.511353860462836,0.48974476579808973,55.86121776524157,54.606817382778274,0.8399500622337183,1.9115462620788013,1.2086232399727406,1.1215283876790305,0.12386302962389983,0.2166340625319828,-0.5271628837416517,0.0013916005555667506,0.22466885574777648,0.9148921043378508,0.7172237192516002,1.086375481897378,0.9566399506103882,0.6194864799851709,0.43393908228843037,-0.6465488923399797,0.0003731405193230253,0.03369373167115045,1.1594591591546113,1.2614860671813535,4.373011133874906,0.862991624475774,1.2918446418992007,1.2974168552994034,1.6831822748338865,1.2445450506932783,1.8326031706813328,2.207611906796314,0.8731238852455482,86.44492729399967
102,2025-05-30 16:28:20,693.3874709976798,77.75115780702858,18.449971399618097,70.73624208626602,,,,,91.49278787182156,91.59935779441537,0.1121323373425776,0.13195044862892788,680.0,44.477999999999994,0.06540882352941176,70.0,0.850206713243533,650.0,730.0,16.009280742459396,44.5475638051044,480.0,1420.0,9.818181818181818,226.5625,,0.0187097293149661,0.03679303422877648,0.04254088420778127,0.005990871395655082,0.10111154294688329,0.8997180697929628,0.3638855975929957,0.4207322227307834,-3.1572896840997466,64.77052704876395,88.95342045093213,0.7299655659219176,18098.38256105156,1.374030758248851,4.964609873991325,488.8989430040924,0.6412037037037037,0.6026666666666667,0.8495575221238938,0.22522522522522523,49.999999999999986,49.87071416789649,50.134350621376214,50.26595744680851,0.5258064516129033,0.47562945632798576,46.962515429625945,44.61307364805007,0.5021469576556724,0.5024809673724345,63.03446486201044,62.812312351539454,0.5103394151894864,0.4927135526204157,55.57460465072888,54.46031499217374,0.8721659298401265,1.752722089917853,1.2387831450582398,1.1670827954323233,0.39463796550469166,0.3651357256142078,-0.5438894252662734,0.0014192957990978208,0.2049883119037405,0.9476846928221364,0.6325270180454035,1.0511965827004164,0.8810388689757976,0.7435452197989525,0.6237303787687458,-0.7356937159213548,0.0005498438568134471,0.030268960216437577,1.1528792585115482,1.255706477922803,4.356757918412971,0.8579832586568722,1.2707643849898038,1.294064936310079,1.6817209814639849,1.229179640448603,1.8310122341051203,2.2696622933757755,0.8934290918791655,86.53170486866323
103,2025-05-30 16:28:25,691.4583333333334,77.63765436369567,20.803622209751875,71.61158866756844,,,,,91.04191941346161,91.1471404896851,0.11232615521322392,0.1316665300345332,680.0,44.477999999999994,0.06540882352941176,70.0,0.8534852406700265,650.0,720.0,14.583333333333334,43.75,480.0,1420.0,10.069767441860465,226.5625,,0.01774257515907289,0.024272270774964542,0.02673813545272855,0.005091509929394751,0.07384449131616073,0.9226695426179372,0.33237009095279024,0.36208706940983365,-3.6216644385080694,64.45076112601926,89.03091033263772,0.7249250865939284,18018.308293102273,1.3825321523475322,4.9626841233828936,492.3523843505671,0.6388888888888888,0.6005361930294906,0.8444444444444444,0.22727272727272727,50.0,49.86876585656646,50.13664920013912,50.26737967914438,0.5262730379250462,0.4752267383271749,46.73029991592776,44.43050491995179,0.5020057958796363,0.500514281421271,63.08050764202599,62.9538657609516,0.510167691073182,0.49139975464161145,55.49549207631644,54.449372282953625,0.8369088858746263,1.7550587717138217,1.2215096435762463,1.1234516233188234,0.13589427646152608,0.35949481999346533,-0.5593032641450538,0.001814001450629193,0.21151681784627482,0.9669266289451937,0.6059764780266463,1.0988596839100055,0.9851161931041188,1.0,0.6895056750140554,-0.6860372080719475,0.00045574486777214825,0.026974505433776587,1.1566490657323345,1.2555911846460754,4.343595586860024,0.8519493987778113,1.1791925802425767,1.3019264754097541,1.6788513269544174,1.222237952541805,1.821131001477576,2.157634885633077,0.8714355615579378,86.7731244350708
104,2025-05-30 16:28:30,690.7175925925926,77.69235842425483,23.239662529797915,70.85780092312413,,,,,90.97690994890687,91.08213503721497,0.1125825480998037,0.1317743661155856,680.0,44.477999999999994,0.06540882352941176,60.0,0.8547073941192029,650.0,720.0,14.583333333333334,43.648960739030024,480.0,1420.0,10.093023255813954,226.5625,,0.016448497128548685,0.0280722852165222,0.030550478077617186,0.004521012050957635,0.0782476182022166,0.9417522795078083,0.35876216888767826,0.3904333292122079,-3.4883749444651384,64.40479532976353,89.17252415991784,0.7231807087589325,18034.634300786172,1.3858696571713092,4.963077450252944,494.21635309168926,0.6443418013856813,0.6058981233243967,0.8451327433628318,0.23853211009174313,49.99999999999999,49.868710686402274,50.136978224536136,50.53763440860215,0.5267607210838654,0.47436436520617836,46.72325593333154,44.35847628813067,0.4992785346629634,0.5014970945052692,63.0085778328538,63.100381809719146,0.508690124488489,0.4921797289782188,55.46685282910144,54.52147908373302,0.848945026142673,1.7298953167072146,1.241905328878842,1.1061764930695297,0.29715417933356214,0.3923786759044463,-0.5530254899829866,0.0015450108151480225,0.20029373079954846,0.9275191417845408,0.8084388057690237,1.0665480830139513,0.9373128113507775,0.7447742355181335,0.8007616445801387,-0.6815287727735188,0.00041584419278397944,0.042536615625367355,1.150834475267001,1.2582639646857154,4.3381203889360425,0.849470463330351,1.1859510271044151,1.3200413240413256,1.6559425858255106,1.2232797098307593,1.821567638136895,2.1770770966247204,0.8714355615579378,86.86618184255505
105,2025-05-30 16:28:35,690.3464203233257,77.78562911726537,22.312692322704574,71.54779622951322,,,,,90.93648577135828,91.041872219365,0.1126837651648575,0.13173468832050228,680.0,44.477999999999994,0.06540882352941176,60.0,0.8557086894309087,650.0,720.0,14.780600461893764,43.87990762124711,480.0,1420.0,10.069767441860465,226.5625,,0.014992497753274268,0.02054931045179506,0.02164158228405098,0.004202186403335855,0.06138557689245617,0.9674632900371433,0.3355172334654462,0.3525515826293484,-3.8331387091902385,64.37632521823215,89.32907931793532,0.7244381615215034,18065.524895132537,1.3881900827947893,4.963820694506736,496.02296805738774,0.6443418013856813,0.6048387096774194,0.8444444444444444,0.23853211009174313,50.05820721769499,49.92804152412584,50.19186741559898,50.67024128686327,0.5269513083431387,0.47391634126471355,46.72325593333154,44.290268761622386,0.5011304052565962,0.5019504988737024,63.100165415837445,63.285610596191674,0.5099009533405396,0.49213567159850546,55.51418484041248,54.61831839577646,0.8873426983065956,1.6195245699415013,1.2571665525720546,1.1203990464003808,0.18600183331582798,0.2811974533012409,-0.5698354779349275,0.0014151070154125617,0.16907115109427528,0.9838742789613688,0.5407664295696055,1.0443519653755344,0.8878189673081339,1.0,0.6609623808753216,-0.7137230707237119,0.0004617726101808334,0.025255802073721596,1.1460658136065098,1.2507329689260271,4.341885575746769,0.8482663303142255,1.1587686298798514,1.3367252583657425,1.642230503784886,1.2250881172596244,1.8179704583980794,2.187428255563523,0.8917015048499829,86.91288639100762
106,2025-05-30 16:28:40,689.9769053117783,77.37743846832392,21.402295110668987,70.55265023976058,,,,,90.68029922020916,90.78540921265234,0.11214496872668447,0.1315043524762227,680.0,44.477999999999994,0.06540882352941176,60.0,0.8533233509441821,650.0,720.0,13.856812933025402,43.187066974595844,480.0,1420.0,10.30952380952381,226.5625,,0.01380346670020583,0.018718623021500437,0.019314496403156425,0.004079112654102738,0.05527893708148018,0.9782405366965834,0.33862125449173375,0.3494006473873982,-3.9468993560406354,64.19497848706212,88.72434429174926,0.7241606986529611,17892.936303340735,1.3821457849267627,4.959651725861637,490.5199139329285,0.6466512702078522,0.6064690026954178,0.8444444444444444,0.24074074074074073,49.97081144191476,49.837421853204866,50.112347080563126,50.40431266846361,0.5263972969167957,0.47372125102046564,46.57155261273797,44.183754665420935,0.5010103839364105,0.49919027391565546,62.79596123869165,62.679155403607616,0.5097029057325476,0.490395322414403,55.28219541883392,54.22422277267547,0.8662857296627012,1.8244502937044973,1.2485289350752256,1.1749263629127589,0.2846074423520939,0.4075610922495372,-0.54034232799679,0.001952761815905843,0.21394125346535908,0.9655853499358715,0.7557746005848696,1.067755389559419,0.9038009961523501,0.6575929003921184,0.4583776549247274,-0.7165996619253676,0.00037127036454861475,0.03562870609793941,1.150144867621294,1.2506418401533408,4.32666491990598,0.8446443467343511,1.2328692790016582,1.3302843419847121,1.6288580279922076,1.221444403060423,1.8093258349933627,2.1353171102541935,0.869754268437065,86.95943232025706
107,2025-05-30 16:28:45,689.5381062355658,77.34500091166298,22.15543744144896,66.841251503132,,,,,90.7147544044885,90.81988365720808,0.1121955959623118,0.13157194565935393,680.0,44.477999999999994,0.06540882352941176,60.0,0.8527375955049273,650.0,720.0,13.856812933025402,43.77880184331797,480.0,1420.0,10.093023255813954,226.5625,,0.013212739342159495,0.016522808145730834,0.01685326636572536,0.004247990283745378,0.05061453770251797,0.9928779488747387,0.3264439209707305,0.3329728400322215,-4.0832107913722275,64.21935560058513,88.67562107459716,0.7244848457961603,17887.87211197946,1.3810190496774684,4.959528791222897,489.8508877839978,0.6443418013856813,0.6037735849056604,0.8444444444444444,0.24074074074074073,50.116279069767444,49.998834900440535,50.23673377124097,50.53763440860215,0.5266947960618846,0.4738885762521103,46.606413428001616,44.20213011003543,0.5011664135087591,0.49926273861567233,62.750525565789395,62.656887335292346,0.5098684964999679,0.49053472452712144,55.267319061395284,54.22044741982502,0.8600274716791597,1.7431567041295197,1.221856805675313,1.0664732504091416,0.3129348769725464,0.3916388841612375,-0.5841009459001263,0.0015881621272750043,0.20694318741968143,0.9165070315938503,0.748966855016099,1.0653989576248988,0.9321228196198085,0.7524006002358368,0.6152139839432156,-0.6834646739978371,0.00038296781622944114,0.03852849226179853,1.151646500848155,1.2488884963878095,4.3190661939743045,0.8487957189804947,1.2372703468712924,1.3369409387833362,1.6235964954855262,1.2202236489765808,1.8133639327880027,2.105454738159051,0.9084557729493122,87.01477040560003
108,2025-05-30 16:28:50,689.4930875576036,77.26117660673937,22.887506945829816,66.87198058949585,,,,,90.63160464107011,90.73641518408402,0.11222891886498805,0.13148708842692883,680.0,44.477999999999994,0.06540882352941176,60.0,0.8542877577194993,650.0,720.0,13.82488479262673,43.54838709677419,480.0,1420.0,10.357142857142858,226.5625,,0.01270593602108069,0.014573124590621829,0.014651304047002177,0.004613600744922556,0.046293431928361335,1.0082160462810175,0.3147989678789338,0.3164877486222006,-4.223225934033275,64.16033447722383,88.5573298573115,0.7256363969904006,17844.468823299034,1.38368324520443,4.958473734792358,490.1411742544158,0.6428571428571429,0.6042780748663102,0.8451327433628318,0.23853211009174313,49.912942542077765,49.76957691199305,50.06422298780957,50.80213903743316,0.5265389180939462,0.4749985906759118,46.542493526923366,44.21525075210956,0.5008060483500324,0.5049359108284577,62.65012119583551,62.92781361308912,0.5095571086893063,0.49422147677750683,55.18714247701443,54.315298234669584,0.8631299329866866,1.8205013186181453,1.2153018582885047,1.06328506851783,0.32592027392143486,0.35790717046644926,-0.582773160448871,0.0019207806419284446,0.22541592701332094,0.9372547594957911,0.5580543245915432,1.0945047984796605,0.8961231310138995,1.0,0.6925838537948459,-0.8506967908273708,0.000447167640248306,0.02679472012229924,1.1437407636974886,1.2456723117098616,4.317250631134842,0.8453259118676357,1.2349491809530835,1.3334522065016403,1.6038479615609504,1.2204145557943267,1.8127436733040643,2.2065859395652874,0.888267866883772,87.02045181125519
109,2025-05-30 16:28:55,687.8390804597701,77.39643511044613,24.688409068031874,66.21337824959514,,,,,90.38792455473119,90.49247973665484,0.1126416048480848,0.1315141976472532,680.0,44.477999999999994,0.06540882352941176,60.0,0.8567856798568975,640.0,720.0,13.333333333333334,43.31797235023041,480.0,1420.0,10.357142857142858,226.5625,,0.012898729386851377,0.013225256332418193,0.013081392916861292,0.005040581186936703,0.043712525985101,1.0231527842177943,0.30255072280485223,0.29925959715345574,-4.33656444650819,63.98784606817488,88.90781769241633,0.7208812706624464,17861.699990339646,1.3902950699043723,4.958892900532736,494.43240245489255,0.639080459770115,0.6,0.84,0.22935779816513763,49.99999999999999,49.86674511031764,50.139489836915665,51.06382978723404,0.5271087743102668,0.47362770856287256,46.45662054640428,44.005563368627605,0.4979921182255094,0.5042717463015363,62.620282406918555,63.11612828239131,0.50775285014054,0.49379155749699855,55.13400657178302,54.40650354851695,0.8308204507557284,1.8502776620291366,1.2449274680639788,1.1328085546237898,0.0970695514864417,0.16077339959843695,-0.5641414545246928,0.0017972486075104393,0.22882196122873918,0.9849968699377535,0.68631740064935,1.1248278533157623,0.9582246944853934,0.7099748636734518,0.7062023562547992,-0.7932488280869703,0.0004687534023466061,0.037116178010542566,1.145415225193629,1.2400488607997457,4.311538188779768,0.842422670227567,1.192120412994107,1.3316540257767822,1.591987824529879,1.2152792851317866,1.8248926383258068,2.155639775826036,0.888267866883772,87.22970488954246
110,2025-05-30 16:29:00,686.5747126436781,77.28987154775746,18.73901812491158,70.78577289531998,,,,,90.32965739228891,90.43360978919432,0.11257314043820564,0.1315656631810275,680.0,44.477999999999994,0.06540882352941176,60.0,0.8927231345867708,640.0,720.0,13.333333333333334,43.2183908045977,480.0,1420.0,10.162790697674419,226.5625,,0.013489408444204197,0.0125799004475133,0.012272249445159047,0.005656568944969646,0.04379477697170631,1.0371105847696307,0.29316615866624396,0.28599655800475027,-4.4004147081981815,63.94621872911745,88.72320695301747,0.7207383606295877,17823.868640041383,1.4271592254751544,4.957972082764481,492.4017468725541,0.6361556064073226,0.5989445910290238,0.8370044052863436,0.22522522522522523,50.280373831775705,50.16293084566848,50.412674576071915,51.05820105820106,0.540382043279948,0.516419654387799,46.396722827646954,44.005563368627605,0.49636893979077507,0.5417631894528807,62.50856516670531,62.966630666393336,0.5090651367222095,0.5331815634459496,55.04532954005154,54.31839624021508,0.8738619802624638,1.8060184988343408,1.2119128350509714,1.0931987666011755,0.13170302872049433,0.23082316407965175,-0.5583297538363239,0.0015633997005449292,0.21120091006611416,0.9998860749197644,0.5993417699471086,1.0968101428455599,0.9463861982873671,0.8012969554108844,0.8134619938555101,-0.7715656734479832,0.0003793800064386648,0.030123757086059307,1.1615333142827438,1.243388876312151,4.301244346141604,0.8868633889550631,1.2786867765725478,1.3472260389366895,1.586189888991388,1.2098894468193615,1.820787264065899,2.156533489929954,0.9032426227174529,87.3903435344539
111,2025-05-30 16:29:05,685.0,71.00752752713785,14.3702726169081,64.29262281305871,,,,,81.72142194429622,81.81548774310194,0.10366062412720854,0.11938690734467171,680.0,44.477999999999994,0.06540882352941176,60.0,0.8692115757099995,640.0,720.0,12.155963302752294,42.79176201372998,480.0,1420.0,10.162790697674419,226.5625,,0.014419239908109543,0.013222248185456474,0.0126643833859607,0.006210520104230966,0.046516391583757685,1.044049898245674,0.2863863723786185,0.27601049919570053,-4.36896168317557,57.852286189232245,82.14922813413439,0.7104303930797036,14925.032848988945,1.4205010250304697,4.880885405617063,466.7722510799992,0.6376146788990825,0.5994694960212201,0.8362831858407079,0.23423423423423423,49.90583804143125,49.75101517740434,50.08436502378911,50.663129973474796,0.5382603008502289,0.46254127682993945,42.44405371606881,39.32465602428801,0.49433194067497743,0.5087274221811395,57.62001883328825,58.5527891110711,0.508797665788743,0.493260761808097,50.60310673354166,49.87124245117509,0.9384256268801416,1.8245717637878633,1.2073780718965343,1.168758924016719,-0.0047618531630782,0.30989615599088294,-0.4946148884827763,0.0019177153968555542,0.22938909288977483,1.041587034553637,0.6250510895025609,1.0853790105595844,0.8949942756306066,1.0,0.8686065845833295,-0.7776321637467662,0.00045430106106325954,0.034904716422776434,1.1657562084417221,1.2452265238213693,4.254682139715728,0.8930708625356222,1.2361449699054647,1.3481011270360252,1.5706945384833766,1.19782847153912,1.8165191585955456,2.1349218001683123,0.8831705644348429,87.5912408759124
112,2025-05-30 16:29:10,683.5388127853881,70.5034987882095,13.912315559045721,63.91332822349301,,,,,81.5762899102115,81.66906414329023,0.10314483606411623,0.11934404950289801,680.0,44.477999999999994,0.06540882352941176,60.0,0.8790640409838996,640.0,710.0,12.100456621004566,42.922374429223744,480.0,1420.0,10.186046511627907,226.5625,,0.015038673392406395,0.014586577406381009,0.01392905107392926,0.00657352949188442,0.04897189537070744,1.0472053931715728,0.2978560926826201,0.28442948692283876,-4.273778614549585,57.74874906887963,81.47756299847985,0.7108941008323019,14737.714009178822,1.4411723500369553,4.875400234584402,469.2097341459319,0.632420091324201,0.5936675461741425,0.8348214285714286,0.23214285714285715,50.38961038961038,50.282588393545744,50.50967530028993,50.92838196286472,0.5402929081595843,0.46386277183664676,42.33034134241227,39.282556765758585,0.49657447220605067,0.5115232887867251,57.19364035779126,58.27345076017437,0.5108368475761148,0.49601195215265054,50.17009057158518,49.496761225887425,0.9286694491203439,1.9326682989717567,1.2168385111168825,1.1558656273683392,0.04827491175707266,0.17417044104090784,-0.5379087541125092,0.002359407400368212,0.25326838923659617,1.0308253030285754,0.6581437775238692,1.0763991420101222,0.9012850962523569,0.780744988537621,0.8166569951664817,-0.8076630815835457,0.0006338467085710257,0.03893157009298718,1.16311593329411,1.2469519111650622,4.226561567007474,0.8913459912882381,1.2495920088211665,1.3696188344120763,1.567511655403643,1.1927756831322665,1.8164455325372817,2.150634316182033,0.9015192184521753,87.77848291526104
113,2025-05-30 16:29:15,683.4782608695652,69.77869501476879,14.877721385739346,62.401737201529684,,,,,79.83679003741484,79.92808342462405,0.10216636609215687,0.11689291003305265,680.0,44.477999999999994,0.06540882352941176,60.0,0.8744290153987657,640.0,710.0,11.643835616438356,42.10526315789473,480.0,1420.0,9.733333333333333,226.5625,,0.016503531697309334,0.016668382820647698,0.015961971543047616,0.006783709742168682,0.05591759580317333,1.0467661455911381,0.30533013880362203,0.2920077330044894,-4.1375461643235685,56.517689796795736,80.98201223551082,0.6990593212098771,14378.806456561726,1.433216386157362,4.864692947966798,464.14397540249314,0.634703196347032,0.5963060686015831,0.831858407079646,0.23008849557522124,50.16223231667748,50.028624577784456,50.31327050933595,50.65963060686016,0.5399487789921726,0.4621598334171036,41.47981090414562,38.42214814257407,0.4959290610901406,0.5060198136241582,57.00576132668416,57.51894888884485,0.5102528364774324,0.4910392650563401,49.83804476296618,48.911608791612316,0.858767156497892,1.7948331547497829,1.2154929370330947,1.1211654620583698,0.17180257767860851,0.1947042112972528,-0.5481588045876428,0.0017156404757855306,0.21081116235410505,1.006100961815008,0.719720619315845,1.0950151242551256,0.8908688216192708,0.7820414289217696,0.9650486024474678,-0.7989400719252823,0.0004503979580629272,0.036708558009845474,1.1665399722791325,1.2536486645627145,4.196902666961476,0.8970865206045205,1.1947748202872364,1.3714199792844175,1.5678988634010271,1.1883633773748254,1.811550019792684,2.030688486591819,0.8831705644348429,87.78625954198473
114,2025-05-30 16:29:20,682.7397260273973,70.1044642289674,19.14066060429262,61.75227831397429,,,,,79.8883660475559,79.97945619326252,0.10276357206254257,0.11703420601083185,680.0,44.477999999999994,0.06540882352941176,57.5,0.8781602873469255,640.0,710.0,11.643835616438356,42.23744292237443,480.0,1420.0,9.521739130434783,226.5625,,0.01724266623258998,0.018868094669128185,0.018136128269268217,0.006800120989375032,0.06097832057472462,1.0436066757730573,0.30942299642389576,0.2974192811204709,-4.009849293169133,56.55401582986834,81.52212821550407,0.6976501681217635,14473.646275003706,1.442523628995301,4.8675480645520075,470.39038494739657,0.634703196347032,0.5973684210526317,0.8325991189427313,0.23214285714285715,49.96784565916399,49.813460422415986,50.144835626333,51.05263157894737,0.5383014602992358,0.46256722839727493,41.47924207282215,38.463911359405714,0.4949851452656999,0.5068292735813523,57.31993058968825,58.00748430896808,0.5089042410484389,0.4923388062990231,50.01215972626965,49.20389788897698,0.8858717946451766,1.7419406711119556,1.2198222088275643,1.1265565481776774,0.05560126851987768,0.2527029455091161,-0.5463159057095814,0.001753991780092187,0.19628908173832296,1.0380963650396229,0.619525013353019,1.0937197370541851,0.9150536640321014,0.7235168665510017,0.8536927781214834,-0.7602460309122366,0.000492754898567587,0.03272010406531449,1.1698009182287827,1.2519645652593436,4.20347627884327,0.8937898378597742,1.332036501535734,1.3851011061727323,1.5801659423263765,1.1932350528516487,1.812423103172866,2.0421166924036087,0.881485458042127,87.88121990369181
115,2025-05-30 16:29:25,682.0776255707763,70.07040200662315,21.25060433384152,62.50769432390268,,,,,79.85971682086897,79.95123348315212,0.10273488937120236,0.11708303252733258,680.0,44.477999999999994,0.06540882352941176,50.0,0.8777252697033845,640.0,710.0,11.643835616438356,42.00913242009132,480.0,1420.0,9.145833333333334,226.5625,,0.017607161972627676,0.021179570591853263,0.020452416558185527,0.006659652543121687,0.06555455114885232,1.0392577244069736,0.32308314557385326,0.311990795448282,-3.889654234370318,56.53405936016581,81.52083093147665,0.6943108541967944,14474.806468390478,1.4425211791239265,4.867582875779436,470.3821006337439,0.636986301369863,0.6,0.8333333333333334,0.23214285714285715,50.096711798839465,49.95566542466065,50.257118318155555,51.31578947368421,0.5387985205931989,0.46171252065225205,41.497208925707916,38.39527637231463,0.49438568160005336,0.5079178267477533,57.31938734808146,57.985481445913855,0.5088013821477275,0.49288871558246183,50.031335414384785,49.17577303012553,0.9726290315481819,1.788504442154675,1.2152573804158116,1.1911636555595788,0.11193022625055704,0.12634417266360076,-0.5123119662654839,0.0018890173985618112,0.21892757248718878,1.0371158642451577,0.6578465919043808,1.0872578938498079,0.9181355854566036,0.7152656593156212,0.9310639392685278,-0.7583628688366637,0.000521110967054746,0.031172880455559434,1.1714254915740892,1.2551745452268193,4.200091324575588,0.8903395028267858,1.2254218975016515,1.3831547838795564,1.5840901071107172,1.1927523506049644,1.8099192981049148,2.100872567965765,0.881485458042127,87.96652719665272
116,2025-05-30 16:29:30,681.6856492027334,69.71132227582913,22.31147416021528,61.81021618060625,,,,,79.81815717681644,79.90937333111663,0.1022865537396173,0.11711618653795719,680.0,44.477999999999994,0.06540882352941176,50.0,0.8733767446096478,640.0,710.0,11.415525114155251,41.78082191780822,480.0,1420.0,9.340425531914894,226.5625,,0.017687053047679924,0.0227073159456194,0.02194534798730316,0.006099038968225721,0.06800352143505654,1.0363201591732625,0.3339138248495693,0.3267111162531404,-3.8192000987198558,56.5044597628,80.83572333225683,0.6993867725576692,14349.472242866626,1.431212397556455,4.863806038472523,462.58760217461406,0.6400911161731208,0.6036745406824147,0.8391304347826087,0.23684210526315788,50.16160310277957,50.01921591382342,50.32052749552353,51.31578947368421,0.5395804899073344,0.461729104558026,41.47785968485714,38.39527637231463,0.49225048397346377,0.5088535496493656,56.69348145537158,57.66333188065472,0.5077970937898258,0.49338579685258904,49.67174087732007,48.9860035687999,0.8857489851631046,1.8346144606772634,1.206903891355253,1.1179902308465026,-0.07016083187280309,0.02369243009636557,-0.5353704143989911,0.0017945860435498076,0.2168967091310354,1.032620221941905,0.709972130939537,1.0666924161629627,0.9460900969960924,1.0,1.0999296402093184,-0.7201025179063657,0.00047109123366409765,0.03403683362305342,1.1645423654524745,1.2460025449619405,4.1771489289387675,0.8888410455970402,1.3179694817923506,1.3782840404116787,1.5871151101383691,1.1845255643061114,1.8091188648069985,2.079161881303148,0.8998028948270868,88.01710886854241
117,2025-05-30 16:29:35,681.5981735159818,69.66612719155614,21.71149457105561,61.67188554701676,,,,,79.78518068669293,79.87661190844862,0.10223736416907321,0.11708741252017524,680.0,44.477999999999994,0.06540882352941176,50.0,0.87409912012037,640.0,710.0,11.187214611872145,42.00913242009132,480.0,1420.0,9.521739130434783,226.5625,,0.017312643204091323,0.023725767987159693,0.022916328591130245,0.00549312439280738,0.06882188694775053,1.0353215129033688,0.34646509862511127,0.3357434139959317,-3.7759055835994273,56.481293938670156,80.86034983179795,0.7011656114293499,14347.958970386664,1.4319737554547147,4.863760236053248,463.04861089198283,0.642369020501139,0.6062992125984252,0.8471615720524017,0.23893805309734514,49.96763754045307,49.81295453808933,50.14539144331296,51.44356955380578,0.5392167439853275,0.46190424727115537,41.47094705382654,38.34446720372595,0.49198217433979174,0.5105397989439073,56.716614557221995,57.63351289040311,0.5074599431554876,0.49429502938907866,49.682058212063694,48.94854427470687,0.9191837870370937,1.8809803549864188,1.2032633395405756,1.2001443606254432,0.11589808415187264,0.18242007176783637,-0.49271402991094876,0.0020095524651994852,0.22547784375154886,1.0481563851476503,0.6088388525305501,1.057594205474315,0.9070628748219003,0.8297334898400166,0.7945671767797382,-0.7722845828315053,0.0004974838913858866,0.031303534710242525,1.1652986101491396,1.2444283612444995,4.173772419123124,0.8868982824177726,1.3950864074182194,1.3847725566596287,1.5908216126318213,1.1847191531997492,1.811325307631678,2.086436940277339,0.881485458042127,88.02840490386548
118,2025-05-30 16:29:40,681.3439635535308,69.2694351559244,23.127269751900275,60.38912383575221,,,,,79.49038596702884,79.58123157401779,0.10173050325655966,0.11674510534784939,680.0,44.477999999999994,0.06540882352941176,50.0,0.8715135062533709,640.0,710.0,10.478359908883828,41.230068337129836,480.0,1420.0,9.340425531914894,226.5625,,0.01666940818806239,0.023617041547626408,0.022870061760520706,0.004935756453269025,0.06809226794947852,1.033897213645815,0.3512924401601028,0.33977501392168946,-3.777926570447346,56.27242850116495,80.2950709122168,0.7023023195104475,14194.967963686766,1.4268989814533157,4.85910452667504,458.2918196014556,0.6514806378132119,0.6147757255936676,0.8497854077253219,0.25225225225225223,50.19607843137255,50.071947319451425,50.33946511822809,51.181102362204726,0.5398626671485364,0.46100369324353696,41.34190752829147,38.17639415840913,0.4902603678279353,0.5120528895803329,56.193004004807904,57.45744322766087,0.5066069340992386,0.49499166791904214,49.32953991860334,48.77906750440237,0.9250760243162555,1.6404719302512016,1.1945657375063317,1.208976889412101,0.4499515241882177,0.5165626974715674,-0.4896967955959325,0.0014981043798423955,0.17359200301852643,1.0190373011297715,0.6558504146480306,1.0868944646123042,0.8841205888525543,0.7115041379851732,0.7092524122386452,-0.7879614235220332,0.0005378828306718933,0.032753958493433565,1.1540419286960537,1.2362428712146074,4.153958579220213,0.8758073928853762,1.3270199023122167,1.3763169820628292,1.5644039505689644,1.1719524336573488,1.8084259957910047,2.026311813976316,0.8798072749420404,88.06124837016482
119,2025-05-30 16:29:45,682.7397260273973,69.18639655609994,23.692716773289106,56.7382181445285,,,,,79.53670194647084,79.62759457456569,0.10150953569682032,0.11669539226394073,680.0,44.477999999999994,0.06540882352941176,50.0,0.870424396297425,640.0,710.0,10.50228310502283,41.0958904109589,480.0,1420.0,9.340425531914894,226.5625,,0.015634149241380207,0.022840685655153126,0.022083023137545024,0.004376288389398248,0.0649341464234766,1.0389335659490315,0.35321673182717384,0.3406408416995889,-3.812946149484304,56.305212093248535,80.1116283877451,0.7075249058201769,14167.19962501494,1.4247721020744295,4.858254123399452,456.5632527144525,0.6560364464692483,0.6200527704485488,0.851063829787234,0.26126126126126126,50.295081967213115,50.18396574694457,50.43137112717647,50.526315789473685,0.5390848254657261,0.4610958309206717,41.3407744609063,38.2261498468011,0.49457263090376724,0.5092796312036701,56.205244024656146,57.17072674059096,0.509381068900231,0.4933772444424969,49.3360369755145,48.61209888707468,0.919066904658931,1.5668734044916977,1.196339510807845,1.1243716964504042,0.59857970969147,0.8427619650297151,-0.5470693838358293,0.0022895381741417733,0.20001695928994884,1.030691285085549,0.6779677427601558,1.0886150594513466,0.8644495137762098,0.7728804193334398,0.8683741000489289,-0.8216636315585142,0.0005292227272156741,0.03342640808935042,1.1601789510815141,1.2467189685074218,4.15492388961666,0.8762673435000682,1.295150014873265,1.356769764387447,1.5481636902271545,1.1677124851992924,1.810542045669064,1.973114711238252,0.8614516976320787,87.88121990369181
120,2025-05-30 16:29:50,683.5926773455377,68.86315034501138,24.507179842830976,56.54910528592518,,,,,79.67249476461967,79.76396689248733,0.10086296097884892,0.11664728026044893,680.0,44.477999999999994,0.06540882352941176,50.0,0.8652090012763272,640.0,710.0,10.730593607305936,41.78082191780822,480.0,1420.0,9.319148936170214,226.5625,,0.014379770794333564,0.02092384975826743,0.020050634349703864,0.00397115862747555,0.059238484857179405,1.0486466915175248,0.3532137901351399,0.35044852496386586,-3.909494487340822,56.401641884017046,79.52221957705851,0.7104042585295232,14076.235962114246,1.4113681772673115,4.855456648331341,448.9405203868959,0.6567505720823799,0.6206896551724138,0.8504273504273504,0.26126126126126126,50.1628664495114,50.01994865457665,50.32195019364964,50.663129973474796,0.5390081154192967,0.4622333478450153,41.39760219976404,38.31508811175428,0.4927896412485933,0.5080321782831589,55.77721710058838,56.680556269109935,0.5081268503410258,0.4924350386387946,49.097225032105186,48.359923273606974,0.9405162987997252,1.6702957542734382,1.1866007537316676,1.1813021257974778,0.4566642130565519,0.5414761731892423,-0.479125598352862,0.002405300330263142,0.21980083595122824,1.0289484662168007,0.653360153664285,1.0719166088618335,0.9294217004272196,0.7256142226813402,0.7889973748795542,-0.7718424905020009,0.0006115432496029059,0.03673026367988265,1.167983683378412,1.2467849944067433,4.14779497043908,0.8800419913713949,1.3103102029753526,1.3578309814188456,1.544546112244344,1.165991808895163,1.8143344272834434,2.0165665585406827,0.8831705644348429,87.77156629732535
121,2025-05-30 16:29:55,683.6384439359268,68.86230441369952,25.938569211893917,55.77317835996956,,,,,79.46784012843749,79.55907701994094,0.10081789395059795,0.11631647285680327,680.0,44.477999999999994,0.06540882352941176,50.0,0.8673000088945868,640.0,710.0,10.297482837528605,41.55251141552511,480.0,1420.0,9.125,226.5625,,0.01367097345515898,0.019248780658070813,0.01832820736380388,0.003986299818871899,0.05516429049426364,1.0595559073539174,0.3489355248767757,0.3322476768863685,-3.9993140198506487,56.256762865743056,79.64887161645365,0.7085462833964845,14063.7279632177,1.4171266672400376,4.8550705671499585,451.49015993301833,0.6506849315068494,0.6180371352785146,0.8497854077253219,0.25663716814159293,50.03295978905735,49.883970377790654,50.203130617401904,50.92838196286472,0.5380594576935642,0.46254083484573516,41.25474546023167,38.2475301584088,0.4924839214921747,0.509406376266807,55.856075995031766,56.7818304254833,0.507633541011531,0.493669966322394,49.090663810258675,48.3944142013799,0.8695061346459048,1.7406586716261052,1.1791285928235333,1.2001759156240452,0.40412814909213246,0.3782975492742313,-0.472091078378048,0.0017532263541747046,0.19520064725677053,1.041979033452851,0.6831385836623176,1.1188618591074582,0.9396447670568422,0.8513186759390781,0.9471524011589083,-0.7934326970561818,0.0005578162712070136,0.03567074667324436,1.1727595567381814,1.2492408590057673,4.149786144991041,0.8753172138243587,1.3614911432471528,1.3579945665361863,1.5353021997708227,1.1624124832185463,1.8117513442772186,2.014914830808233,0.8630985061522329,87.76569037656903
122,2025-05-30 16:30:00,683.1963470319635,68.9470138484579,24.035828332989254,61.12632430207218,,,,,79.45629460460371,79.54735914760735,0.10096118034975071,0.11635023537248877,680.0,44.477999999999994,0.06540882352941176,50.0,0.8687588128981956,640.0,710.0,10.068649885583524,41.41876430205949,480.0,1420.0,9.319148936170214,226.5625,,0.012968649159340383,0.016636454109070494,0.015594750178853981,0.004255853961508795,0.04928699562724897,1.0777376227269753,0.33760827015048916,0.3286201574801292,-4.160820948361102,56.24847707875489,79.76811490199941,0.7055246187383568,14088.7995905922,1.4198930342860923,4.855844101411054,453.04876282992643,0.6484018264840182,0.6153846153846154,0.8491379310344828,0.23684210526315788,50.264200792602374,50.124996107283856,50.416158429570125,50.92838196286472,0.5386543631475695,0.4625840450663275,41.282597708516576,38.2054338074284,0.4914429278844243,0.5093575891386052,55.919834022025114,56.885185399783495,0.5071001365024348,0.49382696454041414,49.131784091334474,48.44086296563502,0.8952312243579887,1.5792164077263866,1.1665634926538786,1.1697346907832764,0.5712574109342157,0.8581356090533818,-0.48447129802256617,0.0029134855318820336,0.2232599113570832,1.0231497993199177,0.6953554762259837,1.101748566277836,0.8772620361699086,0.769744907105804,0.8331338415285825,-0.8301982236426737,0.0005885936007479146,0.03814761079437426,1.1729978207182508,1.250260070317373,4.15864576417715,0.8741901404254769,1.4003090655045722,1.363422745251348,1.5310066930678248,1.1634842548022084,1.8043592124789978,2.0418965580954196,0.8630985061522329,87.8224836251838
123,2025-05-30 16:30:05,683.7299771167048,69.44108679370751,15.383372285550944,62.15962571748607,,,,,79.52554260491094,79.61684582149526,0.10156215043626018,0.11631132942316035,680.0,44.477999999999994,0.06540882352941176,50.0,0.8735090860605124,640.0,710.0,10.297482837528605,41.64759725400457,480.0,1420.0,9.319148936170214,226.5625,,0.012794020086806133,0.015094701934963841,0.013921298917100419,0.0046375444523911145,0.04604359520855389,1.0984210504889107,0.3278349978230974,0.30235038888783705,-4.274335315419164,56.29761157706313,80.59065671138437,0.7037028409828684,14248.417018545877,1.4320317426349725,4.860736727408203,461.63351428200235,0.6430205949656751,0.6100795755968169,0.8478260869565217,0.22807017543859648,50.39630118890357,50.24238385795926,50.556709083437156,50.79365079365079,0.5390903146116397,0.4615914946115607,41.31043117831053,38.2475301584088,0.49597089069710026,0.507824253478471,56.561052975028836,57.40819833027495,0.510189563321397,0.49264686580546324,49.52627806418502,48.7661560314726,0.9632483464918561,1.6758827418933326,1.195612170167878,1.205642242261419,0.4027283769334167,0.556987413265146,-0.48006619623584035,0.002146806164052418,0.1931149806214147,1.0412298491490763,0.675391053962894,1.1163146734069989,0.9522042117786773,0.8495075388966189,0.7842986221921038,-0.7487514351730659,0.000406719540225888,0.029674555258762333,1.1683567672320194,1.242439085153732,4.187513955665675,0.8731632688751791,1.4123894900493625,1.3670578950309702,1.5310509560189065,1.1715717527641005,1.7968150684267403,2.0269908989578806,0.8831705644348429,87.75394089494294
124,2025-05-30 16:30:10,684.279176201373,69.47869352805701,13.446313158324175,62.14939738968184,,,,,79.51400545954269,79.60533515547591,0.10156947330059361,0.11624387925137211,680.0,44.477999999999994,0.06540882352941176,60.0,0.8745377562529653,640.0,710.0,10.068649885583524,42.10526315789473,480.0,1420.0,9.5,226.5625,,0.012909967788378555,0.013203690357230607,0.011844334518504182,0.005193875951765561,0.04271810295547077,1.1394694997904171,0.309088874358351,0.27868730748688314,-4.43590562543139,56.28947230706488,80.67723697851456,0.6981530151843246,14261.88699494019,1.4344809025519616,4.861147100924524,462.9198228653522,0.6430205949656751,0.6090425531914894,0.8427947598253275,0.22608695652173913,50.19736842105264,50.05470678486931,50.354543807584506,51.06382978723404,0.538899775019958,0.4617451614074586,41.315995622190606,38.230997834248306,0.49272849169371224,0.5077580760637874,56.631081302729704,57.460744834808885,0.507804776932758,0.4925769722416683,49.55525797333889,48.800894468302545,0.9008628617008821,1.7251754000615307,1.2054951155482359,1.0958522607110814,0.33821466295973224,0.4071239270475199,-0.5417097827534493,0.0020120646354326636,0.20499840135847197,1.0346100609942264,0.7676838963256607,1.0628630994877453,0.957158669529035,0.6161472537985357,0.7519763046902148,-0.6676741134073887,0.00034745337962630154,0.03328925477912846,1.1716198921043839,1.2477513928558652,4.189799391657574,0.8721136360561387,1.4578347287312197,1.370139862676644,1.5412712992508335,1.1761119266516553,1.795685560204631,2.016126313494358,0.8630985061522329,87.68351001571749
125,2025-05-30 16:30:15,684.3707093821511,69.55004828533674,15.113653911425336,61.981716674268625,,,,,79.55768528153847,79.64920573592086,0.10165885900434753,0.11628666996128188,680.0,44.477999999999994,0.06540882352941176,60.0,0.8744516859038538,640.0,710.0,10.091743119266056,42.10526315789473,480.0,1420.0,9.71111111111111,226.5625,,0.01342770088044826,0.012091092491877106,0.010561361514988989,0.005712122010665024,0.0409683613434807,1.1824632756674172,0.29513244111730047,0.25779311567875585,-4.550553077671299,56.320493491992096,80.74538536207491,0.6979026983673337,14286.769428730087,1.4342691124789486,4.8619041457582455,463.05114554417025,0.6430205949656751,0.608,0.8421052631578947,0.22807017543859648,50.19762845849802,50.06447387210138,50.34691546848635,51.2,0.538497874350496,0.46220898558093937,41.302246622149575,38.290064406554144,0.49313082977823053,0.5075606072205462,56.6622877335802,57.52566736741911,0.5079673116010792,0.49271762363810956,49.580693960653164,48.863746470798844,0.8909037873910337,1.689682862336669,1.211381206499626,1.1499923949519484,0.6645964544231155,1.0308898157431023,-0.4927775053229686,0.0032763334070545925,0.2445692948242558,0.9870809723608243,0.7102191774826605,1.0985456424355255,0.886041821925492,0.6752222165461852,0.7390114172837654,-0.7672882915416993,0.00045330532587726916,0.03360219362192136,1.1658997055671438,1.2503485581284226,4.190237475819868,0.8730056272007422,1.4662029589074954,1.3714312266352866,1.5544147593795994,1.1762458582814295,1.7982823472433207,2.034418183506015,0.8630985061522329,87.67178252583007
126,2025-05-30 16:30:20,685.4816513761468,69.43209774596964,19.472767196540115,60.36495573628615,,,,,79.58079823849383,79.67239851625473,0.10140826282072479,0.1161886339708163,680.0,44.477999999999994,0.06540882352941176,60.0,0.8727898707045305,650.0,710.0,10.091743119266056,42.43119266055046,480.0,1420.0,9.5,226.5625,,0.014052369481581938,0.01101068439505117,0.00924342266493443,0.006276280893161173,0.03954967664908331,1.2353831803632485,0.2789561671278635,0.2341825144776522,-4.683843043633512,56.33689326424074,80.5058001331399,0.7062527261988585,14243.3101085161,1.4295300341386847,4.860581039909206,460.34183685075845,0.6384439359267735,0.6047745358090186,0.8421052631578947,0.22413793103448276,50.32938076416337,50.221893257091246,50.45268893412974,50.92838196286472,0.5386068133943488,0.46165015064067655,41.335705546118255,38.27802729075636,0.494977157968585,0.5092810723617289,56.60692326752323,57.24369042315325,0.5093986972720375,0.4934296642712375,49.55952517211511,48.68487734044264,0.9200240752418185,1.6147456609134176,1.1693697646963195,1.2165547175174243,0.3892700293840621,0.4388615017859069,-0.46650149967195303,0.0014628531803587202,0.16510011147175663,1.0314211856892679,0.644345370168411,1.098960075741301,0.9393566718397679,0.6743322967546179,0.5980521749951504,-0.7579214830315754,0.0004495901178705355,0.030494759710229125,1.1675478147127492,1.244199047981236,4.186345319095377,0.8781663740615474,1.5030233114954585,1.3761023417842098,1.5536307006960641,1.1716033651646676,1.807832615028926,1.9543130918430747,0.8848626382802403,87.52969518519758
127,2025-05-30 16:30:25,685.802752293578,68.94830310840906,20.477890572637797,59.729605517916504,,,,,79.48252175395429,79.57347631162239,0.10056354382385961,0.11592807508354488,680.0,44.477999999999994,0.06540882352941176,60.0,0.8785506786341197,650.0,710.0,9.862385321100918,42.43119266055046,480.0,1420.0,9.27659574468085,226.5625,,0.014602345977925436,0.010375350464712016,0.008294365911539205,0.00675998668738066,0.039328150639409726,1.2827927935117793,0.2641218479633299,0.2111469159225737,-4.7921788005112305,56.26694470253529,79.46156334851946,0.7102592562753668,14046.247336240696,1.4439189409945121,4.854530421473268,458.43377119803716,0.6376146788990825,0.6047745358090186,0.8421052631578947,0.22413793103448276,50.428477257745556,50.37119280229102,50.51182888822425,51.329787234042556,0.540118627415305,0.4639752973467521,41.35242485604265,38.181593751210656,0.49234050746815033,0.5145903463873925,55.75577921918911,56.85450522631301,0.5082965974514336,0.4980194009619786,49.08528271189652,48.33626558671716,0.9397300701610136,1.5765704480391924,1.184059027366077,1.1132830490682388,0.6049571788259565,0.8844874317678526,-0.5384459117972309,0.0024138234246652407,0.19741893965623455,1.055100424250919,0.7440853142383137,1.1289083290817876,0.9978907688674814,0.7978900796105854,0.842421917814069,-0.6906471311460799,0.0005947382379741283,0.0422650219519189,1.1704975743796662,1.2382240357891559,4.168497162853936,0.8768039923355732,1.4341493969753678,1.3625217688790403,1.536645021481681,1.163451912222149,1.8050505522158162,1.9745165294147102,0.8848626382802403,87.48871275208187
128,2025-05-30 16:30:30,685.183486238532,68.24060008644544,20.85533406459101,59.69378498585121,,,,,77.64789374026091,77.73729496139298,0.09961464322247962,0.11334699903158484,680.0,44.477999999999994,0.06540882352941176,60.0,0.8788771393995061,650.0,710.0,9.403669724770642,41.97247706422018,480.0,1420.0,9.27659574468085,226.5625,,0.015460969045536248,0.010012539999177108,0.007534513017902364,0.00699217786993687,0.03974167150147352,1.3638488188918139,0.25248204107220024,0.19025137940672238,-4.888261078334996,54.9685684182998,79.45665370368273,0.6920185050403288,13721.278210247594,1.4455122342795979,4.844364680064321,459.4159898612279,0.6399082568807339,0.6042780748663102,0.8451327433628318,0.22413793103448276,50.03427004797807,49.88783731627105,50.202657133900495,51.2,0.53611630480406,0.4641195759932891,40.23977673069776,37.44735167492406,0.4877442617650039,0.5129084959016224,55.49148604590924,56.86895840889837,0.5033448986960505,0.4970753289859771,48.46929262388582,48.14759899506127,0.9756001239802289,1.567676873884913,1.1997297407642558,1.1815917940304925,0.4713859431545915,0.6574319676880795,-0.4850339197739545,0.0019767916359868395,0.17814057138193617,1.0376255928590683,0.7820005465658548,1.1402958606771918,0.9511413481869635,0.7046641943974885,0.7020477478351226,-0.7481072168067935,0.0004956822340385878,0.04158992314995556,1.1711364180365353,1.2378094188283095,4.135660623698582,0.8778851716356948,1.4697444012240097,1.3529855184649948,1.5272854674283058,1.1634231318338546,1.791512076592026,1.9740781386626807,0.8647521237738712,87.56778469572204
129,2025-05-30 16:30:35,684.9770642201835,68.27068035133598,20.44623387473642,59.84253270787061,,,,,77.65677505951221,77.74618650708135,0.0996919305820299,0.11339792995494448,680.0,44.477999999999994,0.06540882352941176,60.0,0.8798419176174018,650.0,710.0,9.403669724770642,42.10526315789473,480.0,1420.0,9.083333333333334,226.5625,,0.01617726450987249,0.010377749035366549,0.007281255136665026,0.007373958911145876,0.04100039535920911,1.4329435875642542,0.25311338938188066,0.18196296253277608,-4.9224520227516875,54.97485569055127,79.50128931604372,0.6924108552678201,13730.556596155235,1.446139117918738,4.844658252569221,459.8796976196234,0.6407322654462243,0.6053333333333334,0.8502202643171806,0.23275862068965517,50.10224948875256,49.96618899039388,50.258698932439806,50.93333333333333,0.5363154078088623,0.46420129622569567,40.24407103482724,37.45350420132307,0.4875797293199724,0.5129981419725853,55.51139412103879,56.91168707437857,0.5033103818161101,0.4970173320286924,48.48247173318168,48.17498296304981,0.9019269309487872,1.4979127852794658,1.1710181246332505,1.177499643423741,0.4288157182370904,0.451229245007017,-0.495672966507672,0.0010777553127334484,0.1209156934400665,1.0674864544838558,0.789778544778482,1.1739178122793184,0.9759143609386669,0.7530177419580424,0.6846780343624426,-0.7507075592895318,0.0004797255484935132,0.03828640945716545,1.173467262884245,1.2417857038825295,4.135108164390564,0.879744724651029,1.353981062616556,1.3489497534551718,1.5182705137123933,1.1642498708905804,1.7941890525909334,1.9745165294147102,0.8647521237738712,87.59417378201908
130,2025-05-30 16:30:40,684.8054919908467,68.28064238599472,20.809674651760485,59.34969861191471,,,,,77.61680111993765,77.70615631447728,0.09971315675339529,0.11334715061727228,680.0,44.477999999999994,0.06540882352941176,60.0,0.8798362386451976,650.0,710.0,9.174311926605505,42.33409610983982,480.0,1420.0,9.104166666666666,226.5625,,0.016626233247757638,0.011048304785684693,0.007396571372787885,0.0074681809404661135,0.042502579316921044,1.495469641325642,0.25994433663196914,0.17542926290527003,-4.906738714143235,54.94655006990874,79.51289147020661,0.6915416782265988,13723.869944793378,1.447736815641828,4.844446703743609,460.37389840137683,0.6430205949656751,0.6074270557029178,0.8558951965065502,0.23076923076923078,50.20519835841313,50.0737688693352,50.3530732474761,50.92838196286472,0.5365295060691656,0.46399938917309297,40.23548196824029,37.41965278762677,0.48785885191111944,0.51347727100957,55.522052102038515,56.92921925011329,0.5035897723560285,0.4974612172582938,48.48203915870139,48.172432049741964,0.9251751831982482,1.5503596969547608,1.1596926537992225,1.1177258569848232,0.5915862071564781,0.89904314277466,-0.511853173468793,0.0031081146448937503,0.21842429830637386,1.0539408897151932,0.8485049823967983,1.2161608985022019,0.9375348676986919,0.7410986128587371,0.9065611291938285,-0.7782333934835572,0.0005308883433559332,0.0472100516330491,1.1748291068222527,1.24393579126134,4.1352597784061595,0.8753862532978615,1.5018729444376686,1.352208881153782,1.5159788458992633,1.1636183935902782,1.795363665736521,1.9908670503758183,0.8647521237738712,87.61611976207979
131,2025-05-30 16:30:45,684.6910755148741,68.21290277837369,22.776534385289725,55.66676060547313,,,,,77.47153722793792,77.56072513849189,0.09962758143967214,0.11315017496777748,680.0,44.477999999999994,0.06540882352941176,52.5,0.8826937986341618,650.0,710.0,8.944954128440367,41.87643020594965,480.0,1420.0,9.104166666666666,226.5625,,0.016990136414446654,0.011906521608669939,0.007797185229966292,0.007423160944991293,0.044061359053181925,1.5270281848519598,0.27022592730965933,0.17696197751311107,-4.85399247836814,54.84371469917354,79.50750513222334,0.6899725495805256,13695.307434665794,1.454476183056077,4.843541895779977,462.56709035611067,0.6407322654462243,0.6053333333333334,0.8584070796460177,0.21367521367521367,50.03479471120389,49.88596658047538,50.20515882446147,51.06951871657755,0.5370406003463535,0.464507712378175,40.13657559459737,37.37498362436643,0.487911346978916,0.5128332579330036,55.522052102038515,56.93702587778724,0.5032864830956691,0.4969515859000736,48.444003602521896,48.126622444418686,0.9950874394766078,1.6114270496656093,1.1808012634352072,1.1532491280940675,0.4056422769574821,0.5402972408932362,-0.5099016006495335,0.002299366645261363,0.18385445943080622,0.9806582522058871,0.7959984274126619,1.135792382524811,0.9695162782170813,0.6809980127045527,0.6116366034261138,-0.6265509475278249,0.0003377108780712031,0.03969033589778019,1.166339564636282,1.2335866640566893,4.1320773727245195,0.8666688460679074,1.4124537240424258,1.3466331817114476,1.4973000748512497,1.1557276246923467,1.7900729763475576,2.001478436807934,0.8430264478696228,87.63076100397716
132,2025-05-30 16:30:50,684.279176201373,68.19255556277523,24.32077983540809,55.81070550641372,,,,,77.2536035797363,77.34226463569009,0.09971615061896162,0.1128977853872346,680.0,44.477999999999994,0.06540882352941176,50.0,0.8841869284393006,642.0,710.0,8.695652173913043,41.64759725400457,480.0,1420.0,9.297872340425531,226.5625,,0.017595830971628194,0.013836065620067225,0.008877155575569125,0.0072819952088988196,0.047348659534442374,1.5586147502185888,0.29221662780131274,0.18748483405558086,-4.724274091357388,54.68923979622095,79.59668947134047,0.6875131584586479,13666.982273772715,1.457662565007267,4.842642741096643,464.0339917181025,0.6430205949656751,0.606951871657754,0.8546255506607929,0.22413793103448276,50.17349063150589,50.03761185556035,50.32686866730095,50.80213903743316,0.537527381730141,0.46340899456626455,40.09614881039433,37.19164409924086,0.488414667290914,0.5131656763483867,55.61405828306171,56.98357235651081,0.5040140050557856,0.49689504333887236,48.44503596314936,48.1162441869391,0.9317616105569885,1.6529040052021662,1.1734280816059401,1.046634885117335,0.3845790362089634,0.3418212389051316,-0.5680021296419684,0.0021684933510429942,0.18702937231461708,1.110262274898052,0.6913358469723645,1.1325120117835135,1.023690979953898,0.7189610519323484,0.557297849733112,-0.6599929442206743,0.00025515330592118843,0.02680615787162745,1.1680327265855013,1.2397574648241783,4.13155860485753,0.8662665663624625,1.3319207795465509,1.3259114092222628,1.4705308224465077,1.153715455392171,1.8056926141607708,1.985244573148494,0.8028823313044027,87.68351001571749
133,2025-05-30 16:30:55,683.8672768878719,68.18576688319934,25.275785892448326,54.8593659368963,,,,,77.12286158991064,77.21142693972534,0.09971615061896162,0.11278592635965114,680.0,44.477999999999994,0.06540882352941176,50.0,0.9318417007858256,650.0,710.0,8.237986270022883,40.503432494279174,480.0,1420.0,9.733333333333333,226.5625,,0.018275823985858287,0.01640981001575765,0.010427631261691672,0.006987332264277598,0.05146024383068689,1.5926250843087348,0.318883254221429,0.20263470371419892,-4.563296143941554,54.59672357416946,79.57684108479485,0.707954328446273,13649.063099155472,1.4575397968810158,4.842072951460802,463.945651164659,0.6461187214611872,0.6096256684491979,0.8552631578947368,0.21551724137931033,50.10496850944717,49.96456458290158,50.26555298659857,51.06951871657755,0.5690619394323096,0.5268675702943368,40.017237665096616,37.16536516457348,0.4886180396680035,0.6231690907024827,55.59823847145587,57.061153212968996,0.5041871974255638,0.5910038391232391,48.4383289940606,48.14846788132308,0.8384726012137885,1.8058029141851364,1.1664376122842834,1.0025306168014654,0.6273701331925077,1.4298314386933495,-0.5739575856413724,0.004035365213032449,0.25877608564993093,1.1045424200330969,0.5992693541707808,1.1152754166413983,1.0690962859224644,0.7425678179936055,0.9031190386964814,-0.6405232702382656,0.0002921770400090178,0.02383841832155657,1.1526093540147664,1.2118475707569447,4.131070653881315,0.9582839398464243,1.3084794412206557,1.3021739606156113,1.4390241446283665,1.2342745295573385,1.8106387201048026,2.252970822461997,0.7828102730217925,87.7363225698511
134,2025-05-30 16:31:00,680.9111617312072,57.655760203242416,20.152547714361788,49.83717661883177,,,,,65.78642626924295,65.86006724264824,0.08490422868712695,0.0966152854683449,680.0,44.477999999999994,0.06540882352941176,50.0,0.8818621006026541,640.0,710.0,7.517084282460136,39.863325740318906,480.0,1240.0,9.777777777777779,226.5625,,0.01867415164209521,0.01886125716432726,0.01189132656556125,0.0064849019648700375,0.055290733607838934,1.5861356645398832,0.3411287196531821,0.215069068352447,-4.431946004649136,46.57010015667857,67.07502660684048,0.7001904209107588,9752.781686587608,1.4492492262328245,4.696098612720439,388.8337216380387,0.6454545454545455,0.606951871657754,0.8546255506607929,0.21367521367521367,49.60876369327073,49.368699650105526,49.937288793795645,51.2,0.5717997666772722,0.43115636210170927,35.1248182972083,30.57982763397416,0.4478240986057844,0.5583150697588336,44.819387690474734,49.93832834822324,0.48791448651710617,0.5159999227447082,40.19635809327909,41.325780641041696,0.8322385349215592,1.8517575597177975,1.1760781268944887,0.9265379533105231,0.39316079552458394,1.0437126823198275,-0.6340591902403886,0.0027354176861757984,0.24033897784082545,1.1538928701361473,0.38114288938027574,1.167733691183337,1.152225133364022,0.764723593489899,0.27626272360465975,-0.5444766311636519,7.020557828016646e-05,0.005589635212240186,1.1566114520993054,1.2077579304057462,4.132239291906029,0.9562131791234874,1.3800672907717542,1.31035987469313,1.4372569754174196,1.2357359635242302,1.7758080612592466,2.251910465330449,0.8581783356399099,88.11722199919711
135,2025-05-30 16:31:05,678.7954545454545,57.508275940209174,17.747934284715523,49.354518587575434,,,,,65.38130667063024,65.45532824636543,0.0847210681142801,0.09631960001030336,675.0,44.477999999999994,0.06638507462686566,50.0,0.8796476372692787,640.0,710.0,6.8181818181818175,39.09090909090909,480.0,1240.0,10.232558139534884,226.5625,,0.01938641895101507,0.022287167765110645,0.014044482516444853,0.0056069873506040075,0.06070267808219934,1.5907451439877889,0.3671529571550519,0.23136512193789527,-4.26552566378646,46.283906467796356,66.83092717754064,0.6927500302098886,9717.563031816748,1.4465502419179173,4.694527476273731,386.5942965999503,0.6454545454545455,0.608,0.8552631578947368,0.21551724137931033,49.96053670086818,49.75667927541046,50.24969815151613,50.797872340425535,0.5721839448806281,0.4291804326974316,34.97063347266463,30.321714870601628,0.450292237006371,0.5533634963646308,44.83417255274128,49.71446151617692,0.4894484311303981,0.513108496011687,40.18116972027119,41.17604932808331,0.8393464536914651,1.8529346421624564,1.182651436439333,0.9369037433622013,0.387918729038077,1.0067678058327592,-0.6339209961043695,0.002189225494530937,0.20861244341696844,1.1937538094053926,0.2867135018962337,1.1388384231207258,1.1130748120674143,1.1253555072202772,0.5663722495314603,0.0,0.0001373205738790319,0.007812667753512479,1.1412238803956494,1.1933328764876787,4.12511020830278,0.9461868470671368,1.5402454035663082,1.3126254168851905,1.437412487593161,1.2315452218438656,1.7699807883544305,2.1861826206783608,0.8581783356399099,88.3918706264439
136,2025-05-30 16:31:10,677.7777777777778,57.39857105883351,17.827408332095516,48.90635961983736,,,,,65.18330795812403,65.25718509928397,0.08468641631631173,0.09627838968929463,670.0,44.477999999999994,0.06638507462686566,50.0,0.8810646796903008,640.0,710.0,6.802721088435375,38.54875283446712,480.0,1240.0,10.255813953488373,226.5625,,0.01973878007414208,0.024321756242919906,0.015333884846323642,0.004980415167429355,0.06322785760547006,1.5936996740812714,0.39208566651393584,0.2557314062872434,-4.177690203569495,46.143798104849424,66.85272902686322,0.6935557469438289,9689.770551573405,1.4501217796593613,4.693283603280322,387.6424307538834,0.6402714932126696,0.6031746031746031,0.8552631578947368,0.20512820512820512,49.84202211690363,49.63782926903262,50.1369238259294,50.397877984084886,0.571520273884669,0.428884728537042,34.883470183273545,30.21939518095135,0.4518569061345951,0.551431732415245,44.88888671639962,49.56489991401214,0.4905563810493145,0.5116294903784178,40.1794798098612,41.04323258512747,0.8332723702977912,1.8954465970217946,1.1831937028553616,0.9720733778834827,0.5917996093107867,1.3253923922342494,-0.6196692233283614,0.0023033745570462563,0.23291331330780912,1.1092791054462827,0.47828139689113947,1.073460470671464,1.047900426959266,1.0322014529057442,0.33119226846463334,0.0,0.00012795828428748338,0.009151401757780448,1.1301446266994928,1.171514808923094,4.117633314694592,0.9419721727104262,1.458492060550845,1.310564451750334,1.414805998261984,1.2228405978502521,1.768487351391534,2.145232324423328,0.8764715038651495,88.52459016393442
137,2025-05-30 16:31:15,677.1719457013575,57.20561894857499,18.699103700381606,48.37106517947374,,,,,65.20945274477258,65.2836175041919,0.08447724290959255,0.0963331390206509,670.0,44.477999999999994,0.06638507462686566,50.0,0.8791256166199494,640.0,710.0,6.802721088435375,39.002267573696145,480.0,1240.0,10.045454545454545,226.5625,,0.018244224384361653,0.024347174379863116,0.015364538195190618,0.0036270456382132394,0.06155583394755505,1.5889286939838272,0.41229369655927783,0.2603331980574154,-4.1756931394849115,46.16248863760288,66.50233301806794,0.6963345688321674,9625.738086781008,1.4436808483230053,4.690404150451557,384.0325781879333,0.6447963800904978,0.6074270557029178,0.8640350877192983,0.21367521367521367,50.19794140934284,50.000259364611225,50.47577592071724,50.26595744680851,0.573155726742631,0.42848743987172644,34.93241114666095,30.217510650053633,0.4523463982062397,0.5492951456949596,44.710025272303994,49.22980740360405,0.491759071773957,0.5099098984932392,40.08802811447389,40.822715467702146,0.81475026696399,1.9548080820311995,1.1760580167434753,0.9033842275519156,0.31533906855058724,0.9053097069928684,-0.6295064869552747,0.0025829454500757793,0.24225102964072065,1.1585100024690314,0.43978018346316583,1.1515033963718448,1.1448907295074893,1.0276687470452615,0.26486847277618075,0.0,8.481575571999107e-05,0.007141482563223305,1.1217283223702714,1.1566191079424657,4.105670707611125,0.9450459892462236,1.4525843773566651,1.3098931291261637,1.410986900438611,1.2121043010059125,1.770368603947836,2.131835628769099,0.8764715038651495,88.60378871404231
138,2025-05-30 16:31:20,677.9138321995465,57.05009798715452,22.214064926952553,47.09138042927751,,,,,65.12051764368752,65.19445005580059,0.08428700508180065,0.09616310032435775,670.0,44.477999999999994,0.06638507462686566,50.0,0.8767355985829275,640.0,710.0,6.349206349206349,38.91402714932127,480.0,1240.0,9.822222222222223,226.5625,,0.015970017670750652,0.023795753576652028,0.01498406735934595,0.0025966835875640233,0.05734652219431265,1.5886268494523177,0.42605802987497815,0.2683928926249451,-4.200767818432278,46.09943773018428,66.30766044620101,0.6995361614455716,9595.729523851965,1.4394589502841348,4.689048107911806,381.7886212067414,0.6447963800904978,0.6074270557029178,0.8602620087336245,0.211864406779661,50.317460317460316,50.14854721419444,50.58833653383618,50.52910052910053,0.5740780445969124,0.4262119262119262,34.92588964727682,30.089085648634168,0.454791256543795,0.5496803303195736,44.54848024331709,49.11792940522487,0.4938287299543901,0.5092085314194746,40.02739599101452,40.72121452891779,0.7898978454947526,1.8904233889057314,1.1540188726960232,0.9280856004859708,0.5661447908296253,1.3542783352905718,-0.6252097768571814,0.002795854038276304,0.22734266237412235,1.1930232336240743,0.2727875587965314,1.2543516806344364,1.1502677423471963,1.1230600265814652,0.08781622238217768,0.0,0.00012834636996941488,0.006627693508662649,1.1207061735785446,1.1606642772356761,4.093768711312934,0.9440183249748886,1.4438715425732587,1.312823013235467,1.4132341073810382,1.2071685642227727,1.7710161690757198,2.05965432523151,0.8366318900530972,88.50682365533851
139,2025-05-30 16:31:25,679.0454545454545,56.96613184413204,21.79015704548229,47.85077973209867,,,,,65.18765622353665,65.26192931835752,0.08401185213277006,0.09600538471802157,675.0,44.477999999999994,0.06638507462686566,50.0,0.8756251908467295,640.0,710.0,6.136363636363637,39.54545454545455,480.0,1240.0,10.022727272727273,226.5625,,0.013150574815435682,0.02135399117982953,0.0134316289224952,0.0017908997121443707,0.04972709462990478,1.5946415435978925,0.460086494153577,0.28852032358037777,-4.310142985966178,46.14715277432775,66.06589572671768,0.7032449315442115,9558.731998907495,1.4345121880456129,4.687370395292162,379.0893305365083,0.6417233560090703,0.6058201058201058,0.8602620087336245,0.20168067226890757,50.5564387917329,50.39518449209284,50.79298591452033,50.397877984084886,0.5754174944960534,0.42546234253551324,34.97879331445211,30.100668236942884,0.45545698970767046,0.54874520274971,44.52733750700606,48.939856979787116,0.49471341907366134,0.5081397358661043,40.01563165262162,40.593589871333265,0.8241575642285252,1.8945533032223647,1.1663174126120628,0.9609273865883274,0.3890107672431533,1.3659004248777842,-0.6199826069248106,0.00306028166605099,0.26569689213530534,1.1011501725140163,0.9064135876799204,1.0291715405874333,0.9974836491286336,1.0036518346380885,0.7055750859567285,0.0,0.00012628011796378012,0.038558210253922705,1.1166465638868965,1.157467425586265,4.0945025405441235,0.945337997929485,1.4933517412710604,1.3264674715864118,1.4152446147096231,1.2043868617987927,1.77797982232975,2.025669966977146,0.7983054285022417,88.35932793359663
140,2025-05-30 16:31:30,679.4090909090909,56.54774572054833,22.433209177411772,47.81538118223757,,,,,65.18066708915143,65.25499595783346,0.08324748433164235,0.09595654951561372,680.0,44.477999999999994,0.06638507462686566,50.0,0.8703358582104853,640.0,710.0,6.136363636363637,39.54545454545455,480.0,1240.0,9.565217391304348,226.5625,,0.010280723882379867,0.01802154179268396,0.01374069689512118,0.001438803053988968,0.04305693001921214,1.6134066639772136,0.4457452020798942,0.3191285790461614,-4.287393273305222,46.142250148084784,65.37876916576158,0.7062367298240334,9477.31645217774,1.416895989162662,4.683655492131402,370.5396632294365,0.6477272727272727,0.6106666666666667,0.8646288209606987,0.211864406779661,50.11895321173672,49.929976967165715,50.390376538568106,51.2,0.5744464103801403,0.4293669243661134,34.97226559333257,30.11014786689381,0.4514192156694094,0.5549341566997381,43.92651622782763,48.46869142296138,0.49232476176157164,0.5131461022218669,39.70263334241318,40.34745997470262,0.815475232777136,1.9742143038416335,1.1657532729685183,0.9459724406145837,0.3172324236944499,0.8864967489231554,-0.6127530811308688,0.0021998989659497248,0.2256541146528403,1.0334923155047901,0.8317087982588443,1.0505167460110028,0.9566850747825888,1.0025830211033502,0.9979137428687919,-0.7985590481429137,0.00024066727624864266,0.04117375550826284,1.1157736230598787,1.1523076738606903,4.077596666435622,0.9459684429037796,1.4799561910995511,1.3295274855557073,1.4183945221122467,1.1999940645614402,1.8026687994612385,2.2792010697414944,0.8382206999273539,88.3120358600388
141,2025-05-30 16:31:35,678.6136363636364,56.03152216829531,21.717217714195588,47.49209792380624,,,,,64.83200649416325,64.90571703387192,0.08256763372534223,0.0955359618789371,670.0,44.477999999999994,0.06638507462686566,50.0,0.8829439860980082,640.0,710.0,5.681818181818182,39.09090909090909,480.0,1240.0,9.166666666666666,226.5625,,0.00899669503156375,0.019420723562532605,0.013645441841676568,0.0013875181659022827,0.042722114638571944,1.6380270800473036,0.4545824504903715,0.31939996315998576,-4.2943497441312495,45.895272652426044,64.58994597184392,0.7241243983071511,9312.853007875567,1.4391345925683379,4.676052858157524,363.598329809699,0.6485260770975056,0.6117021276595744,0.8652173913043478,0.2184873949579832,50.71368597816961,50.61138665878971,50.92202789832626,51.06382978723404,0.6167212139244274,0.43195395998903807,34.718371171523195,30.01711840367549,0.4536712196440913,0.5695253344799163,43.40854490565103,47.82843662320352,0.4935870380754844,0.5221154596974517,39.304370416211825,39.92860345091016,0.8512978466271768,2.1998307083683692,1.1687522421819727,0.903122205377157,0.5289098250464157,1.4142791369016234,-0.6326793830936296,0.004216075066666484,0.32570232235711044,1.0920217097973812,0.3542717646551259,0.9950634559184541,1.0510707847965473,1.0375432585418327,0.9815705029383355,0.0,0.00015816820451756882,0.010982187413014191,1.1105388598936896,1.1414303308951759,4.061222542162878,0.9445574003519893,1.437448404399469,1.3265837181581492,1.4125725602533923,1.1923532445446468,1.8137121102682228,2.330282081848092,0.8382206999273539,88.41555309956797
142,2025-05-30 16:31:40,676.9160997732426,48.57825051829113,17.608570960294482,43.605285364083976,,,,,45.35215741084631,45.403417092798534,0.07178570679411048,0.06701840102598004,670.0,29.651999999999997,0.044256716417910444,50.0,1.4455722347720945,640.0,700.0,4.761904761904762,37.641723356009074,570.0,1240.0,8.86,140.625,,0.008823097315338424,0.0232977991788224,0.015321806907154024,0.0015559657332645757,0.04899866913457942,1.681263354967373,0.47547820359840426,0.3126984299322753,-4.178478177293375,32.10506411535904,60.71448513934856,0.5287875544307632,6123.725723694035,2.674268613484498,4.493985840754552,575.6654863979468,0.6439909297052154,0.6063829787234043,0.8640350877192983,0.20833333333333334,50.373831775700936,50.256402211651576,50.573568387705784,51.19363395225464,0.6348066298342543,0.6670030272452068,25.579836164902122,19.40164143068857,0.4815236838480095,0.6064020881800506,40.18976713292153,45.51682717322137,0.4811416580771544,0.6149932323947787,33.68638746156743,34.98717798081116,1.0917626604368404,1.2145671851284268,1.2071069821753349,1.398995681997791,0.47090676815059496,0.7374699240886513,-0.03800221136106726,0.00037399048005483317,0.0718965029804284,1.0943707490044663,0.2925295803864669,1.223208809506433,1.1704453096802303,1.3538141208228742,0.7004576355281318,-0.18553976514563614,6.33428871916629e-05,0.004782680266738719,1.0673136646899701,2.1552948841980952,3.986900074456643,1.1921055237121836,1.632810905523002,1.311013549290925,2.352715207839134,1.8353290742826638,1.776761292625267,2.5079768107704608,0.8366318900530972,88.63727723435616
143,2025-05-30 16:31:45,673.8738738738739,38.06662025627898,13.054015613152608,36.563360631821794,,,,,27.70776227509998,27.73885804850595,0.05648923594180437,0.041117133857434464,670.0,29.651999999999997,0.044256716417910444,50.0,1.3738612262632321,640.0,700.0,4.054054054054054,37.61261261261261,570.0,830.0,8.88,140.625,,0.008794729093730233,0.025499838447457512,0.01563850368863448,0.0016386031536242962,0.05157167438344652,1.724671495300586,0.49445434441125014,0.30323823834686525,-4.158019220524032,19.6143346284696,50.09456038976794,0.3960029960416186,3086.8393135099004,2.5539770447811794,4.196484132682538,511.7614292154874,0.6418918918918919,0.6031746031746031,0.8596491228070176,0.20833333333333334,49.79209979209979,49.80100138363445,49.783900997987466,51.05820105820106,0.4943249701314217,0.5108303249097472,13.785690003361392,13.989330129282935,0.48561559956195205,0.526275607622649,34.73491616525337,36.096406741349305,0.4867163003975004,0.5240532969323168,26.424984861641434,27.373656076334463,1.0914236216937154,0.8568465393161477,1.1952868262369052,1.3827351259242473,0.3063625771686702,-0.437473405539464,-0.20725386148872615,0.0002876814939100215,0.04424738543723599,1.0804438443996982,0.3192749071148897,1.10711332295178,1.0756022061513755,0.9967537157314768,0.6041414408740755,-0.6294882469807853,4.0458209552260206e-05,0.00704840738958312,1.0867304206430672,2.1484344131667874,3.9367446833095006,1.2174600129008002,1.6430168040081747,1.3375982751778932,2.3646582223435693,1.8384994466146651,1.7573066199345444,3.273409919656077,0.8517114465158886,89.03743315508021
144,2025-05-30 16:31:50,672.4549549549549,37.27828661022262,9.932574430343568,36.48590424836188,,,,,27.197961681692732,27.225325503541484,0.05543610963907574,0.04044577481552592,670.0,29.651999999999997,0.044256716417910444,50.0,1.3706279553778133,640.0,700.0,3.8288288288288284,36.26126126126126,570.0,830.0,8.72549019607843,140.625,,0.009071190592564626,0.01731019160830555,0.00968152097537006,0.001219170534216561,0.037282073710456796,1.7879620002211376,0.4649874829215106,0.26551907916606593,-4.63753626448182,19.251212283565234,48.54225131693374,0.4038525566754017,2935.809490644884,2.5215165986390518,4.174697980059334,489.6003697238272,0.6390134529147982,0.6,0.8552631578947368,0.20833333333333334,49.789029535864984,49.79328889810489,49.785525926295605,50.92348284960422,0.4916512059369202,0.5181568507781509,13.38110810262192,13.859345149169236,0.49126549126549124,0.5320801415252219,33.302557628295425,35.40857421822452,0.4912933779405218,0.5301874809935978,25.36891978443033,26.88725140406988,1.1289338561779174,0.8050455469637203,1.2110798591376088,1.4023327370296377,0.6534311010144283,-0.2245578942293296,-0.041802192552179,0.0002646336376182196,0.0441506409622411,1.0109055303242942,0.3607317539452657,1.0684673504654527,0.9667293681863127,1.0030974269353017,0.8247777968584149,-0.6062441929218233,3.326666418912268e-05,0.008008559320631735,1.1043176332059712,2.154369148686602,3.902222597926058,1.2347917189941942,1.853781182760216,1.3188781145032478,2.350844225847406,1.828802102875298,1.7542059233174194,3.3715808801958156,0.8682502143419135,89.22530729812105
145,2025-05-30 16:31:55,670.9865470852018,36.203881225231164,7.106807407313481,35.87139434369712,,,,,26.953976588484753,26.98385356230969,0.053992279229763594,0.040197530791360264,670.0,29.651999999999997,0.044256716417910444,47.5,1.3431740250415645,640.0,700.0,3.5955056179775284,35.65022421524663,570.0,800.0,8.92,101.5625,,0.009705891787915205,0.02857028540106326,0.01599159047077871,0.0017803435464756046,0.05526335079368948,1.8235605100269434,0.5169843122202735,0.29121719589474016,-4.135692290492459,19.080465836453953,47.504332491107064,0.4036103042720027,2847.554639433234,2.489684104061455,4.161442176120016,473.08312590863744,0.6382022471910113,0.5989445910290238,0.8502202643171806,0.20833333333333334,49.94708994708995,49.95250478938929,49.94618947209018,50.526315789473685,0.49641409416900534,0.5088591855766241,13.389521249069334,13.598158327873296,0.4905172068293495,0.5114433822306004,33.26967987333919,33.908553589782905,0.490825374671394,0.5103462825819411,25.357821924813823,25.833117470226945,1.0858494763563744,0.8041166724170994,1.1895236433239897,1.4346451537950737,0.4737053430871212,-0.3125900008323734,-0.02599814419047522,0.00031290880770902383,0.04637072975009369,1.0321398858614224,0.30163570862322775,1.065991501510359,1.0412924607324605,1.0005751030263805,0.5037147652998886,-0.5665373989407827,1.387985943966364e-05,0.0035859940966985675,1.1042245018500454,2.130975191795019,3.87402096246967,1.2335013543226943,1.7267959135960385,1.3108751595946322,2.4177072106589605,1.8120029781012583,1.7600428804220192,3.5298521922562562,0.8879831737587751,89.42057074116154
146,2025-05-30 16:32:00,671.1659192825113,36.406732811170755,5.760810478677939,36.1657840835136,,,,,27.379972997581913,27.409865722786538,0.054274836493572745,0.040794641400820245,670.0,29.651999999999997,0.044256716417910444,50.0,1.3405499557440912,640.0,700.0,3.5955056179775284,36.99551569506727,570.0,800.0,8.92,101.5625,,0.010576219899976409,0.028906318998917425,0.015295838755571048,0.0016971988037512806,0.05545504323443072,1.889815881354605,0.5212568111563598,0.27582412461404815,-4.180174464336196,19.381701923995067,47.76579329615974,0.4079022946563915,2893.193925376752,2.4863866042924583,4.168347654532132,473.99732104007927,0.6345291479820628,0.5947368421052632,0.8451327433628318,0.21008403361344538,50.518672199170126,50.51672491334297,50.52039171916039,50.131926121372025,0.5032973621103118,0.5018427518427518,13.750511865984354,13.675537138521761,0.49448652427274403,0.5078551363031142,33.52383185673347,34.02533918791876,0.4955775608090178,0.5070020261806958,25.588527708298656,25.910868659458743,1.1155603868042945,0.7861847706534419,1.2154802987184485,1.4715879278976773,0.2775332347901065,-0.5151322033139749,-0.032850047577236835,0.00030408225283620093,0.04632422528958881,1.0066190135124538,0.3824310021612085,1.0617634393382294,0.9772483087541477,0.9987778768680151,0.741097173196601,-0.7373284897481415,3.2386671877510765e-05,0.007343064961639631,1.0933449107191775,2.1424163408412245,3.8805041393269315,1.2433610954115248,1.7268539488582852,1.3421306881254527,2.4567539118565476,1.8170793264256215,1.7720660080807957,3.3853509383429996,0.9094211914365684,89.39667267989577
147,2025-05-30 16:32:05,671.8426966292135,36.31757831387539,8.25108222950701,35.41369213628592,,,,,27.476443637322404,27.507437943439765,0.05408561410151784,0.04089987428870537,670.0,29.651999999999997,0.044256716417910444,50.0,1.3273267874598556,640.0,700.0,3.5955056179775284,37.52808988764045,570.0,800.0,8.72549019607843,140.625,,0.012233444331024891,0.02916249510514811,0.015171042581133961,0.0017534232082244,0.05596678338647756,1.9222472647603863,0.5210679145836746,0.2710722622090074,-4.188366761474754,19.450695902874394,47.39817023255927,0.4113299321245902,2889.547558777403,2.4472411678431554,4.16779995683293,463.97901389422816,0.6337078651685393,0.5947368421052632,0.8407079646017699,0.21008403361344538,50.72765072765073,50.73681069540926,50.71943696323419,50.0,0.5030084235860409,0.5050715990453459,13.737296614852003,13.823296330640359,0.5015839491586156,0.505452213102864,33.56861256530173,33.619006981273714,0.5017877892972137,0.5053971349330405,25.64727147128674,25.70331838354365,1.0761388192977102,0.8585056823685973,1.1775504169289552,1.4141572378057439,0.18638035853427937,-0.48598432831503846,-0.16135410183698565,0.0003368650752841023,0.05381301753674334,0.987176045034576,0.23891419015258775,1.0034363298487088,0.952084870783968,0.9401680200459186,0.308950434144454,-0.6663968400486112,4.6245836729797645e-06,0.0020543077789666455,1.0877376282828992,2.1567332159814825,3.877744741179085,1.2494904402854015,1.758689771069016,1.392032583653457,2.444840543429933,1.816312431991609,1.779481445057737,3.569888158407247,0.9094211914365684,89.30661939325016
148,2025-05-30 16:32:10,671.9101123595506,36.20124884666975,10.564253818682428,35.18824410433624,,,,,27.52558187682247,27.556299517475516,0.05396293751639045,0.04096890740245501,670.0,29.651999999999997,0.044256716417910444,50.0,1.321361478290501,640.0,700.0,3.5955056179775284,37.52808988764045,570.0,800.0,8.745098039215685,101.5625,,0.014322132970814609,0.029359614869924524,0.015036361915453895,0.00174291485986612,0.05651499097679551,1.9704074499126079,0.5195013634874204,0.2660597065587018,-4.197283883640785,19.485246253214523,47.41432939709465,0.4117905942997086,2896.991428782333,2.4437416005772428,4.168917320236991,462.71256885955,0.6359550561797753,0.5973684210526317,0.8414096916299559,0.22033898305084745,50.15511892450878,50.15495322538395,50.155200587825775,50.26315789473684,0.4956780923994038,0.5130591413989792,13.700274337765011,13.920931184961491,0.4949147641325698,0.5085730385753868,33.32607691032553,33.755790785593874,0.49502509741032,0.509223506184763,25.464222760006614,25.797359027765207,1.1000402387367354,0.7621326860330067,1.1976450984514209,1.3811133750295448,0.3992526530681628,-0.23736908881470775,-0.1833916148247668,0.00028823990598821964,0.0419943296995304,0.9835972602872993,0.3899402383798054,1.042660131545925,0.9684783048353287,0.9862041917450242,0.5243281583882009,-0.6540998932189636,1.0439753687868034e-05,0.006905308450621119,1.1005433428509006,2.2068400360356613,3.8697879419011736,1.248662440507522,1.6092136616437178,1.4091354947991253,2.4362911549438575,1.820470879744316,1.7791248031283466,3.567724138865817,0.8896511655357735,89.29765886287626
149,2025-05-30 16:32:15,670.8988764044943,36.52784235336783,11.829113206018324,34.88912277803423,,,,,28.00481499530658,28.032723492293506,0.05449363690661645,0.04177865763950607,670.0,29.651999999999997,0.044256716417910444,50.0,1.320965331152559,640.0,700.0,3.8202247191011236,37.219730941704036,570.0,800.0,8.576923076923077,140.625,,0.016416318314468124,0.02825817387372166,0.014288113328704489,0.001652623925620585,0.05395026887046273,1.9777400433233996,0.5310141669063292,0.2684954317929527,-4.248327323139214,19.822128876528172,47.3221560362022,0.4198344419246857,2940.1697138591744,2.43913629221819,4.175342509647846,459.72837296113426,0.6337078651685393,0.5947368421052632,0.8362831858407079,0.22033898305084745,50.1039501039501,50.09942251025454,50.108895032127684,50.65616797900262,0.5054413542926239,0.5243553008595987,13.75371897171988,14.355524409824985,0.4920525693725829,0.518710155634899,33.19481672615116,34.004360131770895,0.4926913490950815,0.5195562575323199,25.407288747875207,26.099593761706817,1.0964975110297492,0.8858016466777769,1.1932879507356988,1.4529485173648267,0.3702685739268379,-0.40995680881365537,-0.19130582334698007,0.00028425617794246603,0.0526963958135837,0.98406753260167,0.4104187924969298,1.0745541770360134,0.9531653622108589,0.9841226889816754,0.6202807242379049,-0.6421332797613898,2.0785683087374108e-05,0.007589363398864592,1.099723216238405,2.214174135649993,3.874709234171991,1.2528016587888722,1.7199176564971637,1.4006754470662086,2.4360955475109267,1.8308832174831533,1.7741611693377717,3.4021444658855313,0.9077161331756368,89.43225590353376
150,2025-05-30 16:32:20,670.4484304932736,35.83703168829336,14.485369740864519,33.90272538141292,,,,,27.49872315728312,27.52922234284694,0.053452331392478215,0.0410511130276753,670.0,29.651999999999997,0.044256716417910444,47.5,1.3080935456822365,640.0,700.0,3.587443946188341,37.66816143497758,570.0,800.0,8.415094339622641,101.5625,,0.017805933616619182,0.023506186964393362,0.01358003759461159,0.001593510175432326,0.056485668351056464,1.7784580314273795,0.42563948716851013,0.2404156309209644,-4.299154388474595,19.466099799419283,46.76674301089774,0.42357680874575926,2849.367647188164,2.41143541278111,4.161718598809525,451.09992094764914,0.6331096196868009,0.5953002610966057,0.8333333333333334,0.2184873949579832,49.743589743589745,49.75277445560188,49.73511016244928,50.78534031413613,0.5014970059880239,0.499554234769688,13.770970904029953,13.758699131887496,0.4854307028028057,0.5180800286799628,32.473623139642434,33.65400499244974,0.487760090029054,0.5152685071955504,24.93152949521596,25.691360921833553,1.1026959058061665,0.8014566400863012,1.1887046677469684,1.4194465168612962,0.08771533938461396,-0.5976666292112727,-0.15912634208919677,0.00033264197358599384,0.04762701708693215,0.9635005200225997,0.2762105184906525,0.9841145905597843,0.9572435634818459,0.8888957422311483,0.31019139434000964,-0.551593548528757,7.425285775817162e-06,0.003531826491004993,1.1095427469748893,2.2222706092623072,3.8557840077291634,1.2765768271203388,1.7711062938153335,1.3999490230126237,2.4705950344505903,1.8247987416545242,1.7749235600553877,3.169992957933653,0.9471820520093602,89.492341649388
151,2025-05-30 16:32:25,669.5291479820628,36.661321956019606,13.5854651078219,35.24721000686808,,,,,30.189981410701055,30.223475266712153,0.054824565636281034,0.04514710678994805,670.0,29.651999999999997,0.044256716417910444,40.0,1.312080768373486,640.0,700.0,4.026845637583892,38.25503355704698,570.0,800.0,8.433962264150944,179.6875,,0.018752923484154343,0.023519781128986034,0.014099775724761081,0.0015788437499718614,0.05773479937012895,1.7162844276823108,0.4296596001481646,0.2566956416222624,-4.26159638776983,21.37122431211606,47.21618276127666,0.45289937593104085,3170.0794626607353,2.3857195036040793,4.208040258539968,447.26172505282875,0.6331096196868009,0.5953002610966057,0.8333333333333334,0.2288135593220339,50.0996015936255,50.07364177819434,50.121021134868585,50.78125,0.5541511771995045,0.5168800931315484,15.850424444038705,14.351134316832772,0.485444001856398,0.5349325444198169,32.32599458271428,34.415083739322874,0.48821340784804396,0.5322340647120808,25.453452050906627,26.366200380073547,1.112940265409057,1.4932501171734898,1.2118018693195454,1.4282551296439783,0.5183312722613911,1.1850926807242517,-0.24106918059019522,0.0002128430039327528,0.08091771056937523,0.9418555487169334,0.3864505432145644,1.0064475314647754,0.956899937431382,0.8414581226401401,0.3416129785769799,-0.5951179410966226,1.1684738478143408e-05,0.006921938780357971,1.1074318173756854,2.2316493415487395,3.866131681707935,1.2707188714214022,1.715848921985472,1.3725907030218154,2.430997824210078,1.8388400704485066,1.7883996536700923,3.284277579458932,0.9077161331756368,89.61521717290111
152,2025-05-30 16:32:30,668.7695749440716,36.758308484532236,11.289847424651175,35.54915293731244,,,,,30.529703245676306,30.563780967161374,0.0549640860794337,0.04565819315071534,670.0,29.651999999999997,0.044256716417910444,40.0,1.2053233602025835,640.0,700.0,4.250559284116331,38.92617449664429,490.0,800.0,8.433962264150944,179.6875,,0.019059166048463815,0.023694044289195023,0.014461116297984699,0.0015496612119426456,0.05786682186269274,1.936022664578703,0.48786891511691416,0.25199545648040184,-4.236291866200457,21.61185678058014,47.27199229570699,0.45907155107225006,3204.1673045370508,2.1910006203726797,4.212685294508904,414.29185778458617,0.6331096196868009,0.5958549222797928,0.8304347826086956,0.2288135593220339,50.147203140333666,50.11640975621561,50.17308853166408,51.03626943005182,0.5589021131892155,0.44455135915323557,16.121030998339965,14.409734537395273,0.4653005284486422,0.5367837291821687,32.24561609159176,34.56914372252437,0.4813321120755148,0.520729270177142,25.491835924230323,26.473145933112033,1.0441971286027858,1.44451942559161,1.1804438784736404,1.0556144707014699,0.2743627288391419,1.4935890548212178,-0.58029880834673,0.00017671003566801415,0.07856106241743305,0.9591178263840077,0.404593363833587,1.0107376772920234,0.9718480474892515,0.944242746265167,0.49734811706021453,-0.5454295960157755,1.425339877900681e-05,0.007335492726305438,1.0838109424476983,2.2068400360356613,3.8717997150121315,1.2530707320970593,1.7724812900436921,1.4038814039579086,2.3876466423647593,1.8414512611736868,1.7896418407643186,3.0395889061056742,0.8863219148842266,89.71700006690307
153,2025-05-30 16:32:35,668.6129753914989,36.90188313953351,10.029443916618538,36.06183103106205,,,,,30.566402024697414,30.60065292917197,0.055191694594209785,0.04571613646414743,670.0,29.651999999999997,0.044256716417910444,40.0,1.2096809104333464,640.0,700.0,4.026845637583892,38.839285714285715,490.0,800.0,8.277777777777779,179.6875,,0.01906237508186883,0.022755799031475052,0.014829864863540178,0.0015504982215328337,0.057793520532319655,1.8823767999764152,0.47310709950331603,0.26615369035711683,-4.211112235244672,21.637929194953486,47.5309908634072,0.45846554998957006,3231.040754651745,2.1966515573261343,4.216312545976568,417.6361004054307,0.6353467561521253,0.5984455958549223,0.8311688311688312,0.24347826086956523,50.488281250000014,50.4374482070455,50.5347805656884,51.03626943005182,0.5636758321273516,0.44139771900024266,16.204452155593575,14.355048440543035,0.4751550697192288,0.5361868862715157,32.66199759266043,34.53779233547915,0.49036587303593626,0.5196862768818037,25.781682997875418,26.4473676869648,1.0670193100307745,1.5182834812326393,1.1939976907498724,1.0830810160004867,0.4814514620284882,1.667955336287673,-0.5502285502559779,0.00018900437883223996,0.0867016092748613,0.9338231350199068,0.42979811680819413,0.9857081006454087,0.9893655352315589,0.9489970826262963,0.38181456964189175,-0.48528357123329724,1.6212604246661556e-05,0.007345840479415681,1.0848523233574587,2.2043674648485996,3.877948537919944,1.2538254610953525,1.7060868117922674,1.3743705912117363,2.3729902749161087,1.838044249872734,1.7829019409951883,3.1421686652103205,0.9060179574372095,89.73801318298926
154,2025-05-30 16:32:40,668.7024608501118,36.90661313255937,9.03733141084131,36.292757479261596,,,,,30.49663658584873,30.530751215600393,0.055208005054059435,0.045611792932962095,670.0,29.651999999999997,0.044256716417910444,40.0,1.2131144545535248,640.0,700.0,4.026845637583892,38.47874720357942,490.0,800.0,8.277777777777779,179.6875,,0.018852803901651238,0.02204634169133258,0.015071923706258209,0.00150386663603672,0.05733451049430915,1.8657800949360774,0.46893298195017935,0.2688180983644398,-4.194921623113024,21.588501219270466,47.56698464180317,0.45397505314953435,3225.24618023292,2.2086793344617854,4.215532979517962,420.2408639240472,0.6286353467561522,0.5932642487046632,0.8253275109170306,0.23076923076923078,50.195312500000014,50.168376887574794,50.21725095276259,51.29533678756477,0.560752169720347,0.4418604651162791,16.166270893645866,14.315859045992282,0.4718068170077799,0.5291511842453814,32.66424393029704,34.587026511364975,0.487005621539433,0.5141213676147077,25.771118972065306,26.46890839383618,1.071085308356412,1.5713555679930717,1.2207938568489265,1.1026776443652337,0.4201431136310374,1.5016710889997347,-0.5670253498048764,0.00020307850433016314,0.09176969521523265,0.9323098588979624,0.40181475747551954,1.0110036221189036,0.9835726376086902,0.9640767274310331,0.3183105449155894,-0.4494741450018441,1.0621198733023365e-05,0.007419362787084368,1.0670936033274936,2.1948322316975992,3.876913880989572,1.2488797900981503,1.741300932158991,1.4173387020382582,2.4223604761796915,1.837284342120478,1.7822560512563597,3.1421686652103205,0.9257139999901922,89.72600448295474
155,2025-05-30 16:32:45,668.3892617449665,36.856291893574166,8.237752036962426,36.49313050336458,,,,,30.44512817506953,30.479316987835272,0.055141956944899595,0.04555152059933083,670.0,29.651999999999997,0.044256716417910444,40.0,1.2131113097669979,640.0,700.0,4.026845637583892,38.25503355704698,490.0,800.0,8.127272727272727,179.6875,,0.018033461203315726,0.02111327981504392,0.015047408748735645,0.0014665892546606605,0.055660739021755945,1.403117318576061,0.37932086756504324,0.2796921054654395,-4.196549478775014,21.552131728032652,47.50423550368472,0.45381652567183506,3215.511237796453,2.2101064053708597,4.21422014168635,419.61191985821085,0.6263982102908278,0.5927835051546392,0.8217391304347826,0.2288135593220339,50.04916420845624,50.02025343351156,50.07349864106722,51.28865979381443,0.5619975639464068,0.4418604651162791,16.121030998339968,14.315859045992282,0.47284063321356495,0.5278401492772937,32.657673491733284,34.49824275085444,0.4876412479761077,0.5128052255217302,25.751924790564548,26.41091226294162,1.0864637817342506,1.524484291228779,1.2233695848562691,1.0712242713522615,0.7836214335684808,1.9278857493065682,-0.5700340408638169,0.0001638675985956853,0.08487862736166496,0.9368221501944138,0.466423296292541,0.9925607715570359,0.9685690032298362,0.9556912970572355,0.36666143522524663,-0.5468604445880748,1.4212784096154884e-05,0.009273980134257368,1.0741360547944812,2.2008023986841034,3.873628254160777,1.2468063944730978,1.8016744176791186,1.3377976951717419,2.430659566810833,1.8324878690637743,1.7799271539518982,3.1342665133039533,0.8863219148842266,89.7680490009037
156,2025-05-30 16:32:50,668.2997762863534,36.98550647657754,6.475525172962834,36.85824971683062,,,,,30.34923776940463,30.383285734064103,0.055353806525697796,0.045412610996297224,670.0,29.651999999999997,0.044256716417910444,50.0,1.2213736975321121,640.0,700.0,4.026845637583892,37.8076062639821,490.0,800.0,8.0,179.6875,,0.015904637103673274,0.019363123777456907,0.014805398290987341,0.001445932072775765,0.0514827561267202,1.8207083635442147,0.4573977252402454,0.3070224819589287,-4.212763415325919,21.484227377285215,47.736586386657976,0.45225919645878243,3221.0123467367034,2.228455536154997,4.214962499515833,425.515440841957,0.6174496644295302,0.5824742268041238,0.8141592920353983,0.2184873949579832,50.14749262536874,50.12047869944397,50.1696561814642,51.670951156812336,0.5640400097584777,0.4391134924500731,16.099466609552863,14.233210096914936,0.47239326775913154,0.5301684293379304,32.75507097216585,34.756567221716466,0.4874103350113304,0.514836497227843,25.802392925726267,26.557515270640593,1.0918112607324446,1.49393482707791,1.2429185820631332,1.047362429071119,0.47471040080296767,1.7066680743772942,-0.5931592922428888,0.00017158962642246963,0.08187236498754281,0.9470821478856458,0.28972979011574096,0.9844649119642965,0.9459169870806778,0.9999174076893975,0.5164028473942581,-0.6748357051589844,2.1897217732626715e-05,0.004660527442340047,1.0802337153584514,2.2312084301518182,3.8800486125794067,1.2416832563580884,1.7629680801881387,1.342085099958062,2.4126086420767656,1.8328314045146121,1.7789885305906448,3.1326862142588285,0.9060179574372095,89.78006895859139
157,2025-05-30 16:32:55,667.9241071428571,37.221078395091894,6.112285100313341,36.98966364454352,,,,,30.267265858520087,30.301170495171867,0.05574327445677999,0.04532148502495738,670.0,29.651999999999997,0.044256716417910444,50.0,1.2338287262076806,640.0,700.0,4.026845637583892,37.723214285714285,490.0,800.0,7.859649122807017,179.6875,,0.014948924748328315,0.018778713945591746,0.014683547991678909,0.0014371361988024798,0.049848322884401455,1.8129095926101995,0.45229879624606883,0.3020352042379835,-4.221027596191337,21.42616313502576,48.15016148561544,0.4473822101103108,3231.5146394537137,2.254958998822751,4.216376237671995,434.3065597470287,0.6129753914988815,0.5780051150895141,0.8097345132743363,0.2184873949579832,50.04926108374384,50.0227466545996,50.07274799316893,51.66240409207161,0.5618417830026942,0.4408575653031048,16.054140463100744,14.197517625502611,0.4721498636721419,0.5330623430919326,33.08549848128102,34.98267916177942,0.48657671966591876,0.5175306028058922,25.976855371460648,26.69081375015618,1.0901248731700628,1.6139759939703286,1.2479326587186033,1.0991504274864636,0.6131667177763589,1.7892009668527793,-0.5742317798482137,0.00016043907525237943,0.09630100575394508,0.9415699653604105,0.3118223034447647,0.9962767149556515,0.9640080423471633,0.9925770407656063,0.43440793666206323,-0.5020852752617476,1.8776734538936275e-05,0.004670166747619156,1.0787640538977268,2.211613314788319,3.8892775586879496,1.2340485259935907,1.8546704471062048,1.2841884287832763,2.3889584562620585,1.8307286920094483,1.7774311673507177,3.1286589794022532,0.9043266214612719,89.83056511713399
158,2025-05-30 16:33:00,667.7008928571429,37.24915436139701,5.093860010892262,37.19715467734399,,,,,30.226586516483774,30.260155479785922,0.055828246475212805,0.04527267814310699,670.0,29.651999999999997,0.044256716417910444,50.0,1.2402519473162346,640.0,700.0,4.026845637583892,37.5,490.0,800.0,8.296296296296296,179.6875,,0.013401636700105449,0.0179047440264436,0.014466891101985794,0.001442767408348569,0.04721603923688341,1.8336152666957966,0.48107458374377526,0.3124573817423232,-4.235892612702076,21.397161139515887,48.208731792166226,0.44463266157132486,3235.726110422903,2.2675130752568866,4.2169418633945845,437.25571872115717,0.6160714285714286,0.5816326530612245,0.8114035087719298,0.226890756302521,49.95073891625617,49.92002453230959,49.97722076860101,51.53061224489795,0.5623138033763656,0.4431929480901077,15.998595443968675,14.24481653817549,0.4723609937565941,0.5310316520256244,33.106263897656504,35.13062778905525,0.48676092811646887,0.5159235272476513,25.99980543620519,26.760560338460106,1.0935766086851688,1.588258827885792,1.2500133329213854,1.1131651085298009,0.7248908111090513,2.012577342508038,-0.5591514688591921,0.00017024426286627026,0.0976060433397397,0.9873780479689264,0.40819796507912365,1.038918342461912,0.955713784989153,0.996380069445352,0.47130583642349455,-0.5954294829330015,3.398452102320346e-05,0.008871357913844632,1.0844633152252117,2.207919866452967,3.891866667942828,1.2285321127813578,1.6657550764422746,1.2624460836705973,2.3507914110931245,1.8315078826444222,1.7776759706546426,3.0313812393205373,0.9043266214612719,89.86059572761008
159,2025-05-30 16:33:05,667.1714922048998,37.244924539632606,8.569108438255933,37.1013509737286,,,,,29.951597858640437,29.984873876563437,0.05584245714108236,0.044908393236257116,670.0,29.651999999999997,0.044256716417910444,50.0,1.2455288346670508,640.0,700.0,3.7946428571428568,36.74832962138085,490.0,800.0,8.471698113207546,179.6875,,0.012079847773820901,0.01768974167436799,0.014630391214462541,0.001572396077716084,0.045890016794263244,1.839311157923376,0.44971898150549117,0.3335468765118821,-4.224654323742859,21.202507651141364,48.2722993598264,0.4398210179078853,3213.1577570867944,2.2805241438203927,4.213902158684909,440.3230679158214,0.6169265033407573,0.5816326530612245,0.8114035087719298,0.2288135593220339,50.24826216484608,50.22276319519894,50.268725118982005,51.406649616368284,0.5658123911420752,0.4398805078416729,15.948743402142455,14.058840873678362,0.4702672421646056,0.5301729016009354,33.09139259705868,35.1450511661603,0.48536830443154433,0.5154661078139008,25.957982782835238,26.75012847663132,1.1028655281835302,1.5113595220156273,1.2562549289697886,1.0625302463240163,0.6299689042149588,1.7823167467595336,-0.6090877975144872,0.00014477583907669718,0.08376991350653278,0.9769868240243056,0.43676534095327657,1.0840266094229882,0.9751140354667638,0.9896897160469991,0.4508186014986366,-0.6394723706327599,5.003954747598553e-05,0.010118215644923661,1.0887644467444124,2.2079198664529676,3.890894684978513,1.2179003788444873,1.8107786344841406,1.2621862029873483,2.3303713181502217,1.833202698695106,1.7768198893516634,3.1065818458035457,0.9026420828465317,89.93190012017625
160,2025-05-30 16:33:10,666.9866071428571,38.598207567528654,11.629772372788489,37.08658281311564,,,,,30.75682270419269,30.790688120146203,0.05791343424501376,0.04614808151773607,670.0,44.477999999999994,0.06638507462686566,50.0,1.2755662242949029,640.0,700.0,4.231625835189309,37.41648106904232,490.0,800.0,8.471698113207546,179.6875,,0.011751171587555195,0.01828707319046844,0.015074969460474241,0.0016366097678253075,0.046731249741792984,1.8988981367227689,0.4482101541444232,0.32258862204132965,-4.194719562210128,21.772304367155446,50.04279688081834,0.43888249396751094,3422.912866877828,2.3350444476471455,4.241365953909545,463.1586458234488,0.6183035714285714,0.5824742268041238,0.8097345132743363,0.2413793103448276,50.389863547758274,50.348828436058234,50.42531864127139,51.7948717948718,0.5788107597923549,0.4427083333333334,16.564564210145576,14.130266435216333,0.4688998491873271,0.5409250959496084,33.974905492093626,36.74217354019966,0.48346038483294523,0.5252145790988857,26.72713032359375,27.83569422511633,1.0783888782109856,1.492182076191289,1.2508100726746387,1.0335949118723946,0.4534496337276801,1.7467585227003246,-0.630955443231743,0.00013346918826651446,0.08801212719563165,0.9327654695032931,0.33230153269398865,0.9909620383725155,0.9512146421353712,0.9911837520183313,0.49986021047071505,-0.6464446678895299,3.337431826543953e-05,0.006656076120743929,1.0823839611509758,2.1960418450871697,3.9432535070867525,1.215916736860308,1.7965025669632437,1.2739959836158825,2.374420552122767,1.8336477471364494,1.7799344373046748,3.1403920842061646,0.8846673470816789,89.95682875405777
161,2025-05-30 16:33:15,666.9642857142857,44.49507036725478,13.490732873476903,41.343493990336796,,,,,45.789210363515615,45.839958918534435,0.06674111911170375,0.06868228587298227,670.0,44.477999999999994,0.06739090909090908,50.0,1.2520336646389105,640.0,700.0,4.8997772828507795,38.084632516703785,490.0,1130.0,8.471698113207546,179.6875,,0.011996260973688999,0.019083954767563825,0.01551184512601439,0.0017993945068627887,0.048391455374130005,1.9259710579903122,0.43958713473472194,0.32260346647672095,-4.16615134523201,32.41374580060845,53.927148396815944,0.6010654515253819,5491.443890865537,2.295147127962805,4.446656660493564,460.21739310867906,0.6138392857142857,0.5801526717557253,0.8053097345132744,0.23931623931623933,51.93726937269372,51.303312939038214,52.822506822014915,52.16284987277354,0.7352520045819015,0.4533162993718727,23.993179150331667,21.823985737430306,0.4969671767670684,0.5399210628167458,36.62773559507526,39.62530252635194,0.5505397636996927,0.5218625496249282,30.961780153623703,31.987895787097926,1.0755148551657618,2.5489506314438555,1.4296697200599553,1.0543860024204,0.8061091073513156,4.043293474390758,-0.6214173098765325,0.0025787152409359163,0.40543441602702474,0.9486104773795944,0.39283084309152194,1.007629352581835,0.904617899834929,1.0060483397013347,0.6963820802808183,-0.6403422126110808,2.178098966840441e-05,0.007787963125999331,1.0482607842958078,2.1772737909168707,3.961508397271962,1.200025567362528,1.5910164917424214,1.2458976289129038,2.3760715459199027,1.838527854744705,1.8135063411567922,2.8972826153468616,0.8453487983224932,89.95983935742973
162,2025-05-30 16:33:20,666.5178571428571,44.53005563555609,15.34631834523958,41.39468428845877,,,,,45.76469336548306,45.815422938165916,0.0668099963989589,0.0686623664693115,660.0,37.065,0.05615909090909091,50.0,0.9730220473659249,630.0,700.0,4.6875,38.169642857142854,490.0,1130.0,8.452830188679245,179.6875,,0.01296075321161206,0.020377790875286697,0.016265423425788416,0.001913889411356172,0.05150471220786089,1.2528287977414856,0.3957523796511156,0.31999758511515397,-4.118713686454486,32.39639624250681,53.958346853778465,0.6015253098644449,5491.679841374164,1.6673559653962657,4.446675320395139,359.4848233610041,0.6160714285714286,0.5841836734693877,0.8078602620087336,0.25,50.22261798753339,50.18948162483564,50.25654919957765,52.04081632653062,0.5496084951195965,0.4543900875881221,23.9674667389653,21.83817367813555,0.4656413138260255,0.5395325684801019,36.67464846594218,39.63396014834149,0.48795110683985693,0.5169725611688534,30.979584422518023,31.99809858910943,1.001461567831164,2.32225495716739,1.2329150206227164,0.8593096493018263,0.6386145713640383,2.293156677485911,-0.7021360987587854,0.004073048873270144,0.3789324446012162,0.9629700124276319,0.721735800594171,1.0373425106642191,0.926374295076099,0.9796293983383202,1.3987146414620049,-0.7716136956352531,8.606242722061399e-05,0.029524145797680226,1.0416901179230305,2.202379227924884,3.9616145904450657,1.0955291325698233,1.6074573154423548,1.2603836627951608,2.3695141431701083,1.385785115842764,1.817101497472921,2.2303472221145983,0.8453487983224932,90.02009377093101
163,2025-05-30 16:33:25,666.347438752784,44.287557793393205,14.578971574211913,41.79370548200153,,,,,45.63539509760254,45.686391022977276,0.06653335450032365,0.06850191360933251,660.0,29.651999999999997,0.044927272727272725,50.0,0.9742138853329855,630.0,700.0,4.67706013363029,37.41648106904232,490.0,1130.0,8.181818181818182,179.6875,,0.01437996760944882,0.021711466245784062,0.017080133214282443,0.002101555756631153,0.05527312282614648,1.9329678989794268,0.41765435751348673,0.3143685095579971,-4.069839291221072,32.305156900287436,53.78678014107778,0.6049463103429455,5437.778745466666,1.6713962878642281,4.442391642823835,359.5960986558671,0.6146993318485523,0.5822784810126582,0.8051948051948052,0.25217391304347825,50.08880994671403,50.04586993804262,50.137466593693944,52.27272727272727,0.5494105037513397,0.4534094581493051,23.94531428197675,21.719780821264443,0.4669968260824318,0.5404198990888436,36.63017002649498,39.44095042468178,0.4889879995358503,0.517353199350365,30.922999294245827,31.83075509259655,0.9820019313408965,2.049305902842705,1.4202334935508372,0.868012906019149,0.8250328952260677,2.2299181137296222,-0.6819313516067901,0.003932649907341715,0.3267754619208697,0.8449684926153456,0.761951484090859,0.9507469642424322,0.7536557135510955,0.9901878590346824,1.3318017370665967,-0.7889061828318292,0.0001188051841719369,0.03340071374280382,1.0466440028432542,2.1922183090580756,3.950089542004087,1.094861680996388,1.6615399690757378,1.2716603742823234,2.3617148694102155,1.3783774545475718,1.8019753418993651,2.146766387242161,0.8256895239429003,90.04311641431865
164,2025-05-30 16:33:30,665.7683741648107,44.39746908211359,12.997038501736599,42.12677856186371,,,,,45.52766035217335,45.5785357844781,0.066703910382697,0.06839965033167983,660.0,44.477999999999994,0.06739090909090908,50.0,0.9771269800530108,630.0,700.0,4.4543429844097995,37.41648106904232,490.0,1130.0,8.314814814814815,179.6875,,0.014967286712655369,0.021697750653720007,0.017033415479458837,0.0020900241334470514,0.05549504994463453,1.8943333475575304,0.4036113674838957,0.3080664627289918,-4.072578247783401,32.22889172975818,53.93725233266733,0.597743210338876,5460.939488447373,1.6770944847588753,4.4442374741957416,361.42116804909796,0.6146993318485523,0.5843828715365239,0.808695652173913,0.24786324786324787,50.0892857142857,50.04195864612594,50.13887922956217,51.89873417721519,0.5484462667242124,0.45433789954337894,23.861081920672746,21.674839277792135,0.463715526259661,0.5372912483735811,36.72469819570186,39.536088682195974,0.4858656442224459,0.5148941489201264,30.968166623086063,31.868778469052167,0.9711115253600056,2.107308642996502,1.229107649769995,0.8055199377175676,0.617080049859764,1.9286294432936857,-0.7034099047690198,0.00332968861939606,0.2989760034411602,0.8881312234764309,0.6583635172345179,0.9887851209923504,0.7763497078052282,1.000732415511667,1.2493632480438364,-0.8303033214300646,0.00011552129566127618,0.023937911144393753,1.046744722937075,2.170295165457588,3.9543014008757402,1.0875681474554428,1.696720066195034,1.271136722149729,2.3734534632875657,1.3786336099520455,1.8082846238952424,2.1740302955971544,0.8045288129719087,90.12143311143076
165,2025-05-30 16:33:35,665.2115812917594,44.027307368787845,13.190070370720695,41.819951901361456,,,,,45.26953011842355,45.31947226254208,0.0661854192064609,0.06805698422065343,660.0,29.651999999999997,0.044927272727272725,50.0,0.9725594070363422,630.0,700.0,4.008908685968819,36.30289532293987,490.0,1130.0,8.035714285714286,179.6875,,0.015779048864938226,0.021545875572126706,0.01733698449648681,0.002192363785264097,0.056854272718815844,1.845659468751791,0.41864962408384243,0.3049372310543893,-4.054913227223072,32.04570615663915,53.32196932327223,0.6067039088563518,5368.16553551934,1.6639349141702442,4.436796009457704,354.8971457972295,0.6124721603563474,0.5808080808080808,0.8043478260869565,0.23931623931623933,49.95458673932788,49.90212720159747,50.00986220525828,52.40506329113924,0.5471224200065524,0.4550702537849909,23.65628218467337,21.617997307943767,0.46467006964973473,0.5404462388954618,36.307390289143044,39.05731875222283,0.4862130177203304,0.5173855552876492,30.641852721474375,31.565898971192006,0.9279977387622953,2.1117029738566764,1.2284795972591187,0.8376326797499108,0.6528661114517913,2.0589166216754258,-0.6850861235448233,0.003957743369460248,0.3350081231799988,0.8760725913729256,0.781874291739745,0.9945841655226175,0.7866594336943937,0.9921720428283392,1.4295475548801,-0.7347989959558455,0.00012203704638746202,0.031861168785982455,1.0582760617864366,2.106971706422419,3.9336382399156484,1.082959214068157,1.6805655457173245,1.2994566272037633,2.371402012296989,1.3666859824068194,1.8075824122253528,2.2112772986390605,0.784906158996984,90.19686621132986
166,2025-05-30 16:33:40,664.1777777777778,43.75415652658662,13.069561713912654,41.256434406357286,,,,,45.241248892314005,45.29151563814694,0.06598162501585102,0.06814353327601186,660.0,29.651999999999997,0.044927272727272725,50.0,0.9692613720896739,630.0,690.0,4.0,36.44444444444444,490.0,1130.0,7.912280701754386,179.6875,,0.016497577931551398,0.021632586427322666,0.018414747296377803,0.002399639022539571,0.05894455067779144,1.7565092442633323,0.3791060867252862,0.3124079679059448,-3.994603451884788,32.025937837950266,52.909516875473734,0.6113912798344293,5311.56609886369,1.6557504213315086,4.432192700311617,350.41981943604884,0.6111111111111112,0.5808080808080808,0.8095238095238095,0.23728813559322035,49.81949458483755,49.76113264215431,49.88237529683269,52.40506329113924,0.5459701166975678,0.45528898582333693,23.65818719658316,21.586102506672464,0.4626863064061025,0.5408451734901653,35.85199877192551,38.91081032378909,0.48530655971802217,0.5179778317595931,30.344702141562717,31.456105997498042,0.9394658622600114,2.0897183692493515,1.2291985105261949,0.8006864677644407,0.5979107145836888,2.0521094315222355,-0.708894598921909,0.004227084486459994,0.35654226856406,0.8700786340726783,0.7417095588573881,0.9897380599866423,0.7778573063066223,1.00353960487798,1.4957785341533798,-0.7560421928006472,0.0001718459696932978,0.035168091869279036,1.0630218488402319,2.109924558404912,3.9247593426654452,1.0884722186835383,1.7087329947452163,1.301215695147782,2.368874197986811,1.3582209897098299,1.8106076398277213,2.169607080682595,0.8406436713968545,90.3372591006424
167,2025-05-30 16:33:45,662.8381374722838,43.74028030559614,13.385525002820563,41.40213398933912,,,,,45.17865769487968,45.228934551492614,0.06601821630505005,0.06815941199033497,660.0,29.651999999999997,0.044927272727272725,45.0,0.9701845342249484,630.0,690.0,3.9911308203991127,36.36363636363637,490.0,1130.0,7.9298245614035086,179.6875,,0.01646483149148619,0.021406415909306302,0.019236229436105607,0.002611558531081137,0.05897478942230845,1.6736626477873802,0.3692997473050019,0.32800302106062335,-3.9509598282046223,31.981686327202965,53.01838148279971,0.6036712383290328,5322.9465717734965,1.6612290594214716,4.433122216994888,352.28156096879184,0.6150442477876106,0.5858585858585859,0.8146551724137931,0.2457627118644068,49.95475113122173,49.90071052814511,50.0136867484356,52.03045685279187,0.5465432770821993,0.45496233213232884,23.643604728201442,21.536212834471854,0.4650882808021214,0.53579715335199,36.141510494579876,38.80848298881439,0.48644410047270326,0.5142366572919357,30.5191297920373,31.379531722698754,1.001133108277341,1.968786418946661,1.2329951705397848,0.8434305573020722,0.6678827166014676,2.020485278373419,-0.7163296737458404,0.0036173467092748923,0.30832183428468485,0.8672143933472767,0.7511048582384077,1.0084809586335632,0.7222098533743337,0.9956049970908456,1.365383554767337,-0.8232642766216298,0.00010952028202329707,0.032541867800848084,1.0764965752177469,2.1400661634962708,3.922344370886472,1.0802181982299328,1.789875653770465,1.303806309233983,2.3710527702258672,1.357972193922589,1.8084117193013913,2.131749732699425,0.8210938185736717,90.51983675653977
168,2025-05-30 16:33:50,662.1064301552107,44.10864176017126,13.180840625126722,41.80123160639217,,,,,45.05305514366121,45.103175733776915,0.06667036542133965,0.06805252482250376,660.0,29.651999999999997,0.044927272727272725,50.0,0.9805544691657992,630.0,690.0,3.9911308203991127,35.69844789356985,490.0,1130.0,8.218181818181819,179.6875,,0.016133081712145562,0.020502484601983208,0.021355554220176907,0.0030168882511679733,0.06093569821498787,1.5806483560019726,0.3602391913728118,0.35046048286559633,-3.846443422312904,31.892761414402187,53.609093998589394,0.600705553886981,5362.994083435734,1.683524690633897,4.436377427802609,361.00893355655484,0.6216814159292036,0.5924050632911393,0.8247863247863247,0.2564102564102564,50.045662100456624,49.99770138734424,50.096021592525474,52.151898734177216,0.547068493150685,0.45390847383402666,23.577574185109523,21.476666781314893,0.4659054477320364,0.5377567341028469,36.541424087438564,39.26211728701806,0.4871498803997405,0.5156346521383618,30.750428279882364,31.63737652834773,0.954418827544352,2.0675972065762056,1.2478363913427004,0.7692337479353792,0.6000372639296803,2.079218815290658,-0.7231474652473946,0.004488849971608018,0.3622957464061753,0.8405124121973051,0.7937570445388769,1.0180973419342587,0.7376033532206039,0.9504632054493207,1.212611496434473,-0.7611401081705694,7.304269793354673e-05,0.03030416951189936,1.0751040457807264,2.1236862434775934,3.9370783007770247,1.0702805745816382,1.7482815261377018,1.317434561503373,2.371770892394637,1.3550436538681254,1.8085788644768936,2.0644273334353276,0.8390878216456927,90.6198720739426
169,2025-05-30 16:33:55,662.1729490022173,44.223435465770535,13.282103987446368,41.75162845153227,,,,,44.961180595399746,45.011060478622355,0.06678532478925299,0.06795670834014608,660.0,29.651999999999997,0.044927272727272725,50.0,0.9837421036412988,630.0,690.0,3.982300884955752,35.47671840354767,490.0,1130.0,8.218181818181819,179.6875,,0.016905325953312744,0.021888778687653626,0.025801033263126515,0.0037474506988188685,0.06834258860291174,1.455765836406357,0.35006820996852167,0.3775249634314738,-3.657340738898111,31.82762609283167,53.79522521448589,0.5936053791776704,5378.107926788813,1.6904713682313608,4.437599623270889,363.7571518905846,0.6274944567627494,0.596938775510204,0.8297872340425532,0.25862068965517243,50.367647058823515,50.302788619585236,50.42994978810543,52.04081632653062,0.5498130635583902,0.4534386311286608,23.59645890915043,21.432063207571343,0.46721497143104296,0.5364048924469936,36.77071760196199,39.33361972975712,0.4886264833061823,0.5148398124737124,30.894000598938803,31.673861261128803,0.957915601419164,2.0887088712439166,1.2522868097676985,0.7914694212351627,0.717640565878451,2.18290293382557,-0.7254580644564164,0.004383800867218943,0.3491904060118247,0.872033115165115,0.6696018875982772,0.9743048254560489,0.7377007301383778,1.0098042917208376,1.4252688592187064,-0.8322586424194376,0.00015617852379922194,0.025900155648826313,1.0705874053530113,2.1013950518957083,3.9442132504114187,1.05781796699081,1.7619567748059861,1.3161892286498196,2.3503105346248567,1.3537931139393906,1.8057828816398218,2.09193065423466,0.8406436713968545,90.61076881864453
170,2025-05-30 16:34:00,662.7716186252771,44.51997400870089,11.814185385980814,42.3292418863787,,,,,45.154057280480224,45.203868805790684,0.06718815512623512,0.06814509380771175,660.0,44.477999999999994,0.06739090909090908,50.0,0.9883114943746601,630.0,690.0,3.9911308203991127,35.47671840354767,490.0,1130.0,8.50943396226415,179.6875,,0.016820066881151813,0.02227032542596321,0.02995480912073628,0.004621566175287196,0.07331668546148545,0.8200103813084422,0.3235405744165132,0.40856742134738305,-3.508065395666976,31.96396216844163,54.14820369481708,0.5903051253295986,5437.440712698611,1.704806642889973,4.442364644607112,368.8553463104035,0.6274944567627494,0.5959079283887468,0.8326180257510729,0.25,50.321987120515175,50.27981143591715,50.367194208395084,52.56410256410257,0.550247660979637,0.45841961852861035,23.594099145265425,21.641953812229854,0.46455672558459843,0.5382529926288221,36.84364192933814,39.726223401654984,0.48630732370430835,0.5176226805525346,30.911303959917408,31.988646349672962,1.0234290466937317,2.0977927148125057,1.2703437831298874,0.8442076364351909,0.6762122741494112,2.068208576898928,-0.7041157040902822,0.003839432518454247,0.3236469435830712,0.8537377098337696,0.7684715806793403,1.0379088903307432,0.7383600296823385,0.988678865604208,1.321210092604526,-0.8369359276287777,0.00011563385626724779,0.03548553881110649,1.072864451681939,2.1435203983643585,3.962261259271006,1.0535616627781137,1.7795110108978747,1.3059754490875166,2.396865397566109,1.3580016802848853,1.7924074208367964,2.1177326430818755,0.8406436713968545,90.52892174902145
171,2025-05-30 16:34:05,662.5942350332595,45.194071127092,12.557379775018507,42.47306269356717,,,,,46.71663990961298,46.76850167922291,0.06824887352525863,0.07052453422338227,660.0,44.477999999999994,0.06739090909090908,60.0,0.9839523880472444,630.0,690.0,4.656319290465632,35.61946902654867,490.0,1130.0,8.692307692307692,179.6875,,0.016399307307928292,0.022751422908239272,0.03402435653330692,0.005454144888250486,0.0780816556986503,1.1637913260769503,0.3317036144150149,0.4357535227559865,-3.380678642208829,33.07032468331295,54.674354847140194,0.6077113303494391,5676.299840314495,1.693354323468476,4.461035438176876,367.4004834546747,0.6297117516629712,0.5979381443298969,0.8369098712446352,0.24786324786324787,50.134048257372655,50.09325083528742,50.17613414207707,52.57731958762887,0.5435207293249402,0.46003461969249576,24.32419919887737,22.43029291135287,0.4650373786831681,0.5377516132228771,37.28433612321491,40.09355151456684,0.4855682237525312,0.5168590136417288,31.478471903949966,32.476894304984036,0.9645893894301327,2.1027423460844648,1.2526659686295019,0.829847060819908,0.764709980866261,2.057446954281879,-0.7185621741462599,0.003957860844518489,0.34516368856350255,0.8588020215396339,0.8238345457151892,1.0269412220294498,0.7319034552465724,0.9965104235760482,1.2505568670481715,-0.7688515932412185,9.731904681170926e-05,0.03668891267814991,1.0614528694526264,2.1319595759632826,3.9818182402838938,1.0432320277023561,1.7510480743761208,1.352361779274109,2.3987997947771227,1.3589720556758467,1.8004096215190268,2.1413534387834634,0.801543965750489,90.55315731352273
172,2025-05-30 16:34:10,664.2444444444444,55.55135891103082,14.025265271844052,48.91135637584201,,,,,64.06949178261718,64.14086116967604,0.08363089729337884,0.0964579167018325,660.0,44.477999999999994,0.06739090909090908,55.0,0.9869218677924705,630.0,690.0,5.333333333333334,35.92017738359202,490.0,1350.0,8.673076923076923,179.6875,,0.015737430799904847,0.023344005929527914,0.03805088893710515,0.00626883823373397,0.08282504354629205,0.6568876998648918,0.28930903591656487,0.4594128455343097,-3.2688308326055466,45.35443788422283,64.18426589799202,0.7068138412700439,9143.580730251673,1.6456314741522875,4.6680864136665186,363.395291110227,0.6355555555555555,0.6056701030927836,0.8468085106382979,0.25862068965517243,52.82700421940928,51.82539557796526,54.349737953225905,52.57731958762887,0.6825184664087232,0.4742726877985236,32.906116452720454,31.228564076590427,0.551213664433137,0.5332548370972162,44.21019935379714,46.63144262776069,0.5918249362282635,0.512629769022244,38.97020802422335,39.68447212595785,0.9686321268357682,2.2598402723880944,1.2476492339026555,0.807780142688105,0.5444398772233683,1.9470159633959176,-0.7159569352858257,0.005141371923004416,0.39087544357373366,0.8668728309992009,0.877645459070731,0.9950586581581788,0.7133731902461058,1.001917149567839,1.702713214166717,-0.881433218946755,0.00025097607309081224,0.05213059852073274,1.0845147164547444,2.1465808445174646,3.9974407775159895,1.0413406248252022,1.6517328552339452,1.3655360570027983,2.3970119463241732,1.3624127360203544,1.8276553405543163,2.0259250128532695,0.801543965750489,90.32819243250478
173,2025-05-30 16:34:15,665.1224944320712,55.58792870193976,13.879827646900344,50.34860990944476,,,,,64.06949178261718,64.14086116967604,0.08362719629139452,0.0964579167018325,660.0,44.477999999999994,0.06739090909090908,50.0,0.8696743103129566,630.0,690.0,5.333333333333334,35.77777777777777,490.0,1350.0,8.653846153846153,179.6875,,0.015210087675372626,0.024302603333249052,0.042061601624301455,0.007087207783319845,0.08818943278092173,1.0352965423681222,0.32604980976358183,0.47694605008731566,-3.168620029919954,45.35443788422283,64.24349519099744,0.7065417647469985,9150.74350410779,1.4189291551570664,4.668426492182667,364.3923615719707,0.6355555555555555,0.6056701030927836,0.8468085106382979,0.26495726495726496,50.56360708534622,50.567916264013824,50.551096940859274,52.31958762886598,0.5294374182293938,0.47360425370300036,32.92307050426147,31.21247747295943,0.47514952266277455,0.5262826403925367,44.25513904790046,46.58561827720923,0.4931655445401586,0.50874185324864,39.002858251528025,39.651220537770655,0.8670984732376107,2.120586483145551,1.2766745307080627,1.002843952177835,0.4939323718488833,1.0949974998305407,-0.6504843067413909,0.0051581672373713925,0.36386658833927815,0.8171720483081745,1.1241224891447785,1.033120207851968,0.6046405465850393,0.998387653592169,2.1324691307118,-0.9348120303203536,0.0005153187445651595,0.0883979998112471,1.0902380508343943,1.0838364413672532,4.001152533590092,0.903766715956312,1.5453753333864175,1.3615379942448511,1.467563516376725,1.144549094489579,1.8283046664691145,1.8924638689534026,0.78344721699707,90.20894722743103
174,2025-05-30 16:34:20,665.8258928571429,55.34651143154077,15.501117029274155,50.00032104137277,,,,,63.924830297556746,63.99619709833466,0.0831833610907897,0.09601983408136952,660.0,44.477999999999994,0.06739090909090908,50.0,0.8670324393788493,630.0,696.0000000000002,5.122494432071269,35.634743875278396,490.0,1350.0,8.653846153846153,179.6875,,0.014732816017136666,0.02545301241523264,0.04536417006794459,0.007763458414919823,0.09331345691523371,0.9907429087552073,0.3243751551900842,0.4861482102110264,-3.0930326910733656,45.25214493838329,63.938753306236045,0.708841585191887,9082.13416212679,1.4149522523287075,4.665158023012424,361.88113200699314,0.6369710467706013,0.607235142118863,0.851063829787234,0.25862068965517243,50.32362459546926,50.30102978262085,50.34129612246963,52.4547803617571,0.5285308264101443,0.47277905575638074,32.89703277045927,31.108085837677393,0.47452968544597834,0.5281707754454847,44.04492320016613,46.42498821476528,0.4925176284319872,0.5094653070317857,38.85354765743473,39.515772390435444,0.8483316931951244,1.8771873604358542,1.2638569155525705,0.9803288934617309,0.7523228397751085,1.07052727158611,-0.6763851402235174,0.0033959733761017544,0.2584487136956944,0.7492883865686765,1.1752902453368779,0.9857386360938749,0.5299884766969352,0.9945614962640947,1.8576965080010075,-0.872386669128732,0.0006176052811322448,0.10275449297236108,1.0935794244618569,1.0871339991527944,3.9894436942814293,0.9035692379236678,1.5546989598060719,1.3513629341520084,1.4561552565795488,1.1416841606787278,1.8099896555444783,1.9115406265739059,0.7652835050220596,90.11364779241677
175,2025-05-30 16:34:25,666.1915367483297,55.359771524216846,14.801228733487306,50.91121597194132,,,,,63.8825824465851,63.95415959222654,0.08310667301884415,0.09590950715841194,660.0,44.477999999999994,0.06739090909090908,50.0,0.8676502382755548,630.0,700.0,4.910714285714286,35.634743875278396,490.0,1350.0,8.471698113207546,179.6875,,0.015473545949901578,0.028046184350155323,0.05066600724679115,0.008840955945540067,0.10302669349238813,0.5560921722311464,0.272273750480744,0.4917755343719196,-2.9825000617546285,45.22241993275007,63.98377745620147,0.7078199281617091,9087.896883025052,1.416612229574078,4.665433500579254,362.56080655520475,0.6369710467706013,0.609375,0.8547008547008547,0.25862068965517243,50.245098039215684,50.19075724117514,50.29259786495328,52.467532467532465,0.5277442702050663,0.4728648174542266,32.84088138179129,31.091864464429264,0.473355385913532,0.5292130952660136,44.02136832982059,46.516822548388944,0.4914441252174206,0.5104527652172616,38.823335724581234,39.56335941166236,0.8345801460977408,1.9229744233153432,1.2567075819857196,0.9717824711507244,0.45663523358225966,0.9444726718947262,-0.6647367455175581,0.004081071162696743,0.28604456918688936,0.7396890851950768,1.210076147237884,1.0274956453253665,0.5444911290273482,0.9945248997923442,2.031703903183681,-0.841656687927338,0.0008205515078985137,0.11381950715497237,1.0905830174928628,1.0890990663904823,3.987530459628852,0.9005893303502936,1.5280649066324308,1.335486711552909,1.4532098799211373,1.141151855183642,1.810506314484095,1.946423414287451,0.7456608510471349,90.06418828563787
176,2025-05-30 16:34:30,666.3028953229399,55.437029337763946,13.030837451954268,51.240934093378904,,,,,63.86507029338822,63.93661212702153,0.08321312451691432,0.09586393986275522,660.0,44.477999999999994,0.06739090909090908,50.0,0.8684713299365127,630.0,700.0,4.910714285714286,35.18930957683742,490.0,1350.0,8.471698113207546,179.6875,,0.01643245680166344,0.03022222035349233,0.05403596156517382,0.009344056314870876,0.1099920929209152,0.914475682504408,0.3196252946564792,0.4927207372845348,-2.9181054991568076,45.21001200111097,64.11538345703578,0.7063352400215493,9106.400339305666,1.4193901757162752,4.666316848985743,363.9947286811531,0.6369710467706013,0.6103896103896104,0.8553191489361702,0.24786324786324787,50.12244897959184,50.06730156119706,50.17494527703546,52.34375,0.5275508525686716,0.47294776119402976,32.83673432417166,31.084652248033365,0.47401309426102356,0.5274661921978504,44.11417191250902,46.53155986240414,0.4917528802627253,0.5093198191050676,38.88346341113708,39.56564880355858,0.8592863048207839,1.8414742699189692,1.404828361893327,0.9106315194862871,0.7975919773601063,1.2513887261457077,-0.6855467636041713,0.0032684982711364795,0.2497633345250586,0.7584415887568783,1.193125682114496,1.0418597691679228,0.5126619474565259,0.9973637211598447,2.0268343144890864,-0.9186844343708246,0.000843689102488233,0.11490114317390743,1.0823864142059167,1.0792532770109053,3.991669664106166,0.8930325434627107,1.6250604724749889,1.336244226951285,1.4572426373659246,1.1423277961292222,1.8093949417530104,1.9449041712615027,0.727393152044936,90.04913594277501
177,2025-05-30 16:34:35,666.4810690423162,55.585430618472714,13.833563662530036,51.32118389892038,,,,,63.86682172478877,63.93837728882511,0.08346551517521988,0.09584408981578191,660.0,44.477999999999994,0.06739090909090908,50.0,0.870924375686571,630.0,700.0,4.910714285714286,35.18930957683742,490.0,1350.0,8.471698113207546,179.6875,,0.018578469564954084,0.034346237057925125,0.05894303848365996,0.010547964998784251,0.12241571010532343,0.5827021806391351,0.2805705005376718,0.4881015442669112,-2.8311837508523903,45.21126015899217,64.33248211155906,0.7043049941754671,9131.219977926541,1.4239071904777487,4.667498915347785,366.4139354397204,0.6347438752783965,0.6098191214470284,0.8559322033898306,0.2457627118644068,50.16366612111294,50.11546879871468,50.21232282287272,52.83505154639175,0.5278995834246875,0.4731766124171188,32.83161278716411,31.08284893245546,0.47293285352543407,0.5303515638274331,44.135111103966885,46.85028474842101,0.4911567292600648,0.5114663086469716,38.89616195954158,39.75445163696723,0.786607316080756,1.747325213209916,1.255939669263225,0.8539729612072129,0.868469338967317,1.322321980838011,-0.7082339727818707,0.003824330186986809,0.25596994291379216,0.7853820618710372,1.2566603457943757,1.1355442954508854,0.5956246836455484,0.9903230667090468,1.944164111533398,-0.8386465999533672,0.0007757308657768501,0.1210897739899132,1.086631579002448,1.0878883253051341,3.996182914145829,0.8951703462328707,1.5199077083714183,1.338184514652216,1.4606309646120015,1.1453775162552409,1.8095995948819104,1.9104166522749406,0.7064155430972857,90.02506265664161
178,2025-05-30 16:34:40,665.5011135857461,56.184573156930966,13.296960312143788,51.72939660264872,,,,,63.81649193474319,63.88751859916043,0.08454458425219506,0.09591709810351047,660.0,44.477999999999994,0.06739090909090908,50.0,0.8819222889398278,630.0,700.0,4.8997772828507795,35.333333333333336,490.0,1350.0,8.333333333333334,179.6875,,0.019539869274117147,0.036127084881218144,0.06000101278076525,0.010796973923914292,0.126329329988767,0.9142731520249769,0.314749603258566,0.47885264758983836,-2.813393837223076,45.17529763464801,65.38214974357051,0.6972117621500397,9263.188808337178,1.4497988414188336,4.673730626175891,379.1638597908049,0.6258351893095768,0.6015424164524421,0.8540772532188842,0.23529411764705882,49.795918367346935,49.72783983712124,49.87202692418874,53.09278350515464,0.5282211617574463,0.47330296877572303,32.7914568456201,31.073269838142306,0.4703991030315874,0.5331419134612919,44.81876509055017,47.635160338352065,0.48905919234449885,0.5135072992011857,39.265114860116,40.19776180089737,0.8217086029791417,1.8079431293405661,1.262425042159185,0.9124285077073192,0.9276903293218313,1.336537418685443,-0.7149674858698244,0.0041006602773988885,0.2818812913637002,0.7704381235704097,1.2096488972464172,1.040275595458457,0.5519616816232301,0.9964054677399099,2.081032095791314,-0.8859796373826894,0.0008852181782296056,0.11763784778303649,1.0837235311674314,1.089767723166128,4.022801547890377,0.8914489717706136,1.5945932726513756,1.3411897353167725,1.4678386786943263,1.1535260637265,1.8006875070242447,1.955210132233161,0.7051024952973629,90.15762524681234
179,2025-05-30 16:34:45,664.1777777777778,56.39764846518044,13.667689967103497,51.81623331727449,,,,,63.82963435757894,63.900287331972436,0.08511357066589606,0.0963296917924913,660.0,44.477999999999994,0.06739090909090908,60.0,0.883565275483737,630.0,700.0,5.321507760532151,36.14190687361419,490.0,1350.0,8.351851851851851,179.6875,,0.018380597338161025,0.03400802823474646,0.05471574378280102,0.009957324222464037,0.11706169357817255,0.9121101110370838,0.31317426645742946,0.47448040744760117,-2.9056037904400562,45.184326492206544,65.68611479462513,0.6919315587599615,9324.19313917005,1.453736724524482,4.676581370778483,381.9612694731098,0.6288888888888889,0.6036269430051814,0.8547008547008547,0.24369747899159663,49.83739837398373,49.770628420234225,49.910914475261535,53.48837209302325,0.5281458766838242,0.4734373295516527,32.80931106952937,31.090069598135774,0.46959217225971783,0.533159784325757,45.012589658326775,47.8401926647976,0.48810281332900807,0.5135119084441694,39.37758821357786,40.34305935771783,0.8548097593401155,1.884077547467557,1.2736329258023897,0.9112370477663219,0.9212508030207855,1.3160103285874263,-0.695988674855664,0.0037044858221425697,0.2696528264259844,0.7620066889634977,1.1373589339146464,1.0184293018347166,0.5493662742152459,0.9921828201100977,2.0148361275804287,-0.8795380826406226,0.000617328819836427,0.09428938423002803,1.0776468105226327,1.0842833431195855,4.035529028479259,0.8902921290340482,1.474213964134119,1.3547880230585883,1.4776307321826385,1.155264692859623,1.7953750807351503,1.9729852647855768,0.7428944072809411,90.3372591006424
180,2025-05-30 16:34:50,662.4115044247787,56.42473275102303,13.06315873059868,51.99100883795387,,,,,63.78784279852148,63.85844900659071,0.08532753834070837,0.09635811425117138,660.0,44.477999999999994,0.06739090909090908,60.0,0.8855251994480692,630.0,690.0,5.3097345132743365,36.14190687361419,490.0,1350.0,8.37037037037037,179.6875,,0.016399187938114193,0.030608946357677854,0.04654062643437511,0.008528796007235566,0.10207755673740272,0.8948023718141377,0.30799383553456333,0.4559339772806488,-3.0674296610701917,45.154742328615626,65.8965272493402,0.6864733292673373,9338.185290726706,1.461047304807063,4.67723259702732,385.1117741351747,0.6371681415929203,0.6112531969309463,0.8577405857740585,0.25862068965517243,49.75845410628019,49.686189533867434,49.84020707997715,53.213367609254504,0.5272112553168284,0.4734571272528673,32.775329475418275,31.070363423948127,0.4742199794421069,0.5294076168147074,45.378741940550526,47.913142711549646,0.49101723585970675,0.5113080331654354,39.566450421315636,40.36708174881271,0.8317537254932305,1.739014735599421,1.443765054485473,0.8783827007776814,0.878663579711576,1.4663988195096143,-0.7228645568960458,0.004118761826333267,0.25936331015892766,0.8146662017797448,1.1143004717499283,1.07047236836324,0.6528390526205878,0.9920662514293976,1.8274096434687583,-0.8329730363611886,0.0006303367253081414,0.0942458176022327,1.0832011784520708,1.0819929949818687,4.034114303044276,0.8840359463468244,1.5226818845011356,1.3624699641680347,1.4834139428415574,1.1562650879983292,1.7998907851504158,1.9521383705741764,0.7428944072809411,90.57813700277212
181,2025-05-30 16:34:55,661.0154525386314,56.55768433970255,13.019357059038459,52.25263457274102,,,,,63.699683416840976,63.77035975240744,0.08557871358310642,0.09637753343138819,660.0,44.477999999999994,0.06739090909090908,60.0,0.8883171327601848,620.0,690.0,5.0884955752212395,35.61946902654867,490.0,1350.0,8.528301886792454,179.6875,,0.015050428179340231,0.028630642315173795,0.04155979447554196,0.007697794816865031,0.09293865978692101,0.7112011669335053,0.31405184679516207,0.4471744543210053,-3.180622058010163,45.09245381963298,66.16286727583042,0.6836626098175758,9372.01237789541,1.4674694713786325,4.67880296347273,388.3470083979937,0.6393805309734514,0.6128205128205129,0.8619246861924686,0.25862068965517243,50.04035512510089,49.98748224832789,50.094583302620585,52.820512820512825,0.5272995573044761,0.4734426229508197,32.741411087489794,31.026870075253587,0.47753888029747615,0.5267642053770438,45.71278142725367,47.90696183657154,0.4931980427154073,0.509589709747065,39.75964276635209,40.34964748000801,0.8401513053148776,1.7957656766761816,1.3951590953680464,0.9623397178198746,0.8763103165348483,1.2007379359865347,-0.6861472553113206,0.0037500102876225666,0.2666821392804305,0.8249095129026994,1.0468311594587518,1.0573827386381973,0.6353374459863627,1.0079052546517366,1.8431934176068507,-0.8233337902475326,0.000815899375985867,0.09369672216668559,1.0775361854310024,1.0797505963885312,4.036674874539281,0.8783495547894883,1.5096218519807927,1.3604055369487509,1.4924219493346682,1.1586778200537007,1.8128507790436341,1.9050065035274166,0.7415194702915423,90.76943628105798
182,2025-05-30 16:35:00,660.9271523178808,56.557015558709985,11.023974275296931,52.55262857684359,,,,,63.72752418889439,63.798293254774634,0.08557223796959126,0.09645016217438561,660.0,44.477999999999994,0.06739090909090908,60.0,0.8878789340780472,620.0,690.0,5.3097345132743365,35.76158940397351,490.0,1350.0,8.547169811320755,179.6875,,0.016910999164943798,0.02752910745699042,0.03861119905772174,0.007244964037371655,0.08741183156374491,0.7881390497938418,0.32018382727372946,0.44171593669862186,-3.254212913562159,45.11220578857911,66.07695573967233,0.6882380832317359,9364.70199197579,1.4647530885329105,4.678464071566294,387.138159484809,0.6393805309734514,0.6118251928020566,0.8613445378151261,0.25862068965517243,50.0,49.94348390794233,50.05894464776042,52.55102040816326,0.5276234063419419,0.47385978344088364,32.76605241232702,31.028660586267296,0.479532848370493,0.5267582643171356,45.68612263095772,47.79807848789735,0.49443340942404157,0.5097553973630228,39.74990999951947,40.285565941049626,0.8572972376046769,1.7110922582583532,1.2659153013505762,0.9168859677639394,0.8790157834065075,1.208547906950391,-0.7276847966718343,0.0036816905030616826,0.2527720887070056,0.8463015577868837,1.1480196343800633,1.0749180498915143,0.601461013891621,1.0114547784420163,1.924276905611908,-0.873079129469818,0.0007423515610125608,0.10400801396713573,1.0714091009134865,1.0847042574714565,4.038657506859392,0.8819340666012149,1.5938130097333867,1.3659204725209237,1.4980027268159721,1.1590492909043784,1.8147094244431974,1.979233064197503,0.7415194702915423,90.78156312625251
183,2025-05-30 16:35:05,660.1545253863135,56.02403844098203,9.581014708622932,51.800722376223256,,,,,63.5700435934873,63.6394946824763,0.08486503733076362,0.09633025485522068,660.0,44.477999999999994,0.06739090909090908,50.0,0.8812962092529012,620.0,690.0,5.077262693156733,35.32008830022075,490.0,1350.0,8.38888888888889,179.6875,,0.017021832166191117,0.02719773247382609,0.03728045016316733,0.007143316824600501,0.08478761743896912,0.7318232602565787,0.32321416698264516,0.4416560452988685,-3.2892862140453945,44.99991824126421,64.97653606039842,0.7041504443715171,9185.82468604263,1.4439256469763087,4.670088262494725,375.28514747716093,0.6401766004415012,0.6128205128205129,0.8619246861924686,0.2608695652173913,49.91830065359476,49.86005450791586,49.982206609948946,52.820512820512825,0.526844532279315,0.47465235957516694,32.64401827359131,31.003182727683292,0.47698342258359305,0.5340130167062179,44.36532101151145,47.482379712856954,0.49351108303061914,0.5147704183274956,38.94812984920471,40.09846457435776,0.8129853470515965,1.9915047833178776,1.4513952941527926,0.8570945277843425,0.8965513938170964,1.465227005699624,-0.7204599556995633,0.004301724588328461,0.3092514820888664,0.8230472759527688,1.1930624647872587,1.0659148906214555,0.6930085716920749,0.9945908580924601,1.8700368079469034,-0.7725381904453765,0.0006057766919602196,0.09068447922483286,1.0732319224358657,1.0816650848993732,4.010098516000144,0.886042571021009,1.5289290062559118,1.3659828796449935,1.4997303102651744,1.1480490135509402,1.8091094869311852,2.034759701875499,0.8180605388122337,90.88781140277545
184,2025-05-30 16:35:10,659.1189427312776,55.062628943453866,9.277494711513691,50.49106084521545,,,,,63.41983171838,63.48980917773396,0.08353974582384725,0.09623760386846202,660.0,44.477999999999994,0.06739090909090908,50.0,0.8682241414320231,620.0,690.0,5.066079295154185,34.801762114537446,490.0,1350.0,8.254545454545454,179.6875,,0.015324007055929772,0.027176571991649405,0.0373352376341873,0.007224536593573723,0.08414603288441487,0.7289381820854405,0.3229691413851897,0.4436957555143679,-3.2878176895974307,44.894074605815575,63.64213508442563,0.7070247103521996,8976.016405924285,1.4176065693128561,4.66005374765684,360.87803512311194,0.6409691629955947,0.6128205128205129,0.8619246861924686,0.2672413793103448,49.836333878887075,49.77430915035386,49.90679797505758,52.56410256410257,0.5270776004402863,0.4735974504093632,32.57394582949162,30.893766017775526,0.4769901684757564,0.5248116679962763,43.877655678094456,46.10251715035103,0.49352183101797514,0.5077422206286326,38.639220723902994,39.24198559170696,0.8243027256213465,1.8469820028560344,1.2548294940022444,0.9382356068685845,0.9229286798684364,1.254212984497313,-0.6752667493179215,0.0042650493331309845,0.29053311928731784,0.821407785245239,1.0316913120763824,1.044257903690947,0.6036896860067743,1.0172272973809828,1.829491831120997,-0.7787968548157617,0.0007603579328966224,0.08967083506090107,1.0635077250369758,1.073485000940782,3.9641181801030645,0.8876409917093901,1.570352654285491,1.3654215007964794,1.4990958966326111,1.136656095751855,1.8098671584467465,1.9530142148280347,0.8165529437581903,91.03061088089827
185,2025-05-30 16:35:15,658.1057268722467,54.945233757306184,8.045635319895265,50.91738723703101,,,,,63.31880860517519,63.388566289237396,0.08352911909260985,0.09631417967276348,660.0,44.477999999999994,0.06739090909090908,50.0,0.8679226051250335,620.0,690.0,5.054945054945055,34.505494505494504,490.0,1350.0,7.982456140350878,179.6875,,0.012232677233596253,0.027430595674759417,0.03822557605608426,0.0074750445933261305,0.08501799641114013,0.7263732221676117,0.32424191404452796,0.4496174653567284,-3.2642504571410154,44.82248507281274,63.48968225374293,0.708023911045533,8940.23547057814,1.4164694829080964,4.658319067485449,359.7247895678343,0.643956043956044,0.6169665809768637,0.8666666666666667,0.2672413793103448,49.95884773662553,49.89989294631421,50.02208963919451,52.95629820051414,0.52839628346803,0.4733131368768934,32.570182330498895,30.8310411330064,0.47683018376796504,0.5260716426942756,43.77221927634554,46.049572172764826,0.49383105230037366,0.5083888002811845,38.560021675359145,39.183374770198796,0.8544913105524177,1.7231809392432051,1.4717342558295075,0.9251356871468073,0.8759350960765353,1.4319201813065061,-0.7409747008272379,0.004508715990057579,0.28686704715028194,0.7870482181088132,1.0741097751322788,1.0053036507061397,0.5555284772626841,1.0074353987893354,1.9154898349307319,-0.8552276866685286,0.0007280972318700689,0.08999238624686215,1.0583035970269843,1.0633220844170832,3.952808460064895,0.8835131075366495,1.5071944012671192,1.3619984521748332,1.4936901554952797,1.1265652128195829,1.8043182369134008,1.9453667359989988,0.8538632974588716,91.17076109512016
186,2025-05-30 16:35:20,656.945054945055,54.80951447946741,8.296383136545264,50.85895838875325,,,,,63.29255198334064,63.36190853010608,0.08343089588223102,0.09635594511079522,660.0,44.477999999999994,0.0684276923076923,50.0,0.8659709991452696,620.0,690.0,5.054945054945055,34.285714285714285,490.0,1350.0,7.982456140350878,179.6875,,0.013955590770596807,0.027541281730178228,0.039487792897002875,0.007596903437994511,0.08544525782842863,0.716585592685397,0.3226143246653553,0.4926682702713654,-3.231763695420148,44.80363519055975,63.25078278016475,0.7089342515216037,8902.849456468277,1.41173327814016,4.6564991396585125,357.17293967669264,0.6483516483516484,0.6211340206185567,0.8713692946058091,0.2608695652173913,50.0,49.941827090625104,50.061059572813264,53.07692307692308,0.5284566270365477,0.47253532743168186,32.553233699320266,30.79878441453174,0.47595761484596716,0.5264890939059377,43.58491561014929,45.89449487576874,0.49351387184591883,0.5084622118676952,38.46659520302256,39.082411525613196,0.8300166105585401,1.9512962580066677,1.3635693141583936,0.8577450361399712,0.8981591569618979,1.371665540969191,-0.717052224804028,0.004014091164841227,0.29519486216088603,0.8176392030180543,1.1497471155628922,1.0377881892711063,0.6360538028469647,0.9302002354502434,1.7794051164683355,-0.8576741755795582,0.0007143930193750951,0.10002611788618121,1.0581808848645995,1.0622213416983344,3.9462740143437345,0.8848492434893664,1.5141326479234847,1.3552053929279755,1.4817019865988839,1.1215335958712458,1.8091498841708062,1.9282738958863705,0.8732692814920278,91.33183901508815
187,2025-05-30 16:35:25,656.7692307692307,54.70210488491373,10.141784136766407,50.85199710189606,,,,,63.26470506916939,63.33446062005607,0.08332035927502593,0.09633681662139247,650.0,44.477999999999994,0.0684276923076923,50.0,0.8652736492374563,620.0,690.0,5.054945054945055,33.99122807017544,490.0,1350.0,7.982456140350878,179.6875,,0.013472742673183437,0.027554451902464125,0.04441953611650796,0.00782838514477903,0.08719340160608997,0.7049394314304175,0.32116035787538394,0.5094368988743009,-3.1140759036926737,44.784226587233995,63.171067918780686,0.7100558765780025,8881.420906611562,1.4115746737545407,4.655452562512341,356.68271835271514,0.6491228070175439,0.6211340206185567,0.8713692946058091,0.26956521739130435,50.206440957886045,50.16904180240323,50.241653791510096,52.57731958762887,0.5292466846420514,0.47148833113166005,32.5735709984923,30.734209140289074,0.4765189660359815,0.5240591743415713,43.584676129546544,45.72701421131428,0.4941557923780869,0.5063766724607819,38.46072032211903,38.95439120628852,0.8696874148556557,1.8496751548628538,1.4322798226567093,0.9253105816730756,0.8635154271110839,1.3451590227992059,-0.697979961164867,0.004157875885022355,0.3005979568691163,0.8251410224473603,1.0334223701233096,1.0272253666894136,0.624258841182361,1.0235034835232457,1.7800869690664858,-0.7221835240750536,0.000937354941683015,0.09576572137298413,1.0539759482639748,1.0500974169986959,3.936605396573813,0.8814342536431983,1.5281295282023148,1.3504758226017586,1.4792572277601066,1.1142199298709932,1.8106803293693574,1.8701038415664297,0.8716667777136258,91.35628952916373
188,2025-05-30 16:35:30,657.1868131868132,54.84228909679742,11.773192871368325,51.013842652537235,,,,,63.331009600684105,63.40102347044998,0.08345645655944905,0.096374198426998,660.0,44.477999999999994,0.0684276923076923,50.0,0.8661002491402062,620.0,690.0,5.066079295154185,34.285714285714285,490.0,1350.0,7.982456140350878,179.6875,,0.011221472163511761,0.0277918056657336,0.040405698144495246,0.0080403970924694,0.08732635276177796,0.6954627515582689,0.31956373214843714,0.4627707513990481,-3.2087844607801115,44.83129363012263,63.3821017654078,0.709556030189671,8926.840599285191,1.4137914977055377,4.657667889894281,358.4363063305628,0.643956043956044,0.617948717948718,0.8666666666666667,0.26956521739130435,50.20678246484699,50.156000865042735,50.25323674200567,52.685421994884905,0.528990694345025,0.47172610869923626,32.60449504815452,30.780860427438046,0.47655198503867047,0.5238580393174759,43.74362530201873,45.86704775366622,0.49398848047930227,0.5063197846449341,38.57821828382271,39.054949142428335,0.8167526570579151,1.7544084739850603,1.5266996894490585,0.9174758514679929,0.8381164884291961,1.410174077658294,-0.7031330798518459,0.0042334705426873565,0.2826054576830358,0.8500167567880695,1.1421621097255086,1.0880361493791328,0.6038963837305272,1.0215514062787883,2.0396372455781613,-0.7426183433527769,0.0010527441407468471,0.11424582580874168,1.0539884956806476,1.0542279888241448,3.9456120247398005,0.8829010975595523,1.5538259680616606,1.347726898195964,1.4823194428074695,1.119502096409633,1.8104689654780444,1.9008296413538066,0.8344573134257154,91.29824092033978
189,2025-05-30 16:35:35,657.1428571428571,54.84082508714255,13.697729329374019,50.52685155409068,,,,,63.363853840879045,63.433691992879595,0.08346180357443843,0.09642325584481594,660.0,44.477999999999994,0.0684276923076923,50.0,0.8659183314077223,620.0,690.0,5.274725274725275,34.285714285714285,490.0,1350.0,8.125,179.6875,,0.011198801307902718,0.027999091538828805,0.04133740517271047,0.008271581135252516,0.08880687915469451,0.6838444362747801,0.3294129930182057,0.4817074988760193,-3.185987494654227,44.85439376386396,63.38135511528885,0.7080311494397759,8927.040202427086,1.4137439236751066,4.657677600561005,358.420022674135,0.643956043956044,0.617948717948718,0.8630705394190872,0.2782608695652174,50.16393442622952,50.11343434637004,50.211740005557616,52.56410256410257,0.5287469826640333,0.47192924631949035,32.615899642540505,30.793408313874398,0.47685272942899504,0.5232976877695275,43.76276676058101,45.84775263531832,0.4941411882033475,0.5061593350106874,38.583878823740314,39.04931843780783,0.8380387755765418,2.026637947468091,1.4109473202923777,0.9657459057014559,0.8808940161512262,1.2923956432472696,-0.6829866064433292,0.004491784578235658,0.3288779120523051,0.8120531734659215,1.198755835773427,1.0517958519539787,0.6564832940487108,0.9473235629875436,1.823866291729547,-0.8198417294453644,0.0006781757007285784,0.1076592901224578,1.0606762940368148,1.06009203083941,3.9467890373446957,0.8864344714113106,1.5922006206810626,1.3470172885823315,1.4833518163627535,1.1221301240639157,1.8095320520663327,1.9003443003017735,0.8150513293925592,91.30434782608695
190,2025-05-30 16:35:40,657.0769230769231,54.85613834584003,12.34235087276149,50.36111075322807,,,,,63.365591908270396,63.435489467015465,0.08349627988946312,0.09645196596800425,650.0,44.477999999999994,0.0684276923076923,50.0,0.8657798525780753,620.0,690.0,5.274725274725275,34.285714285714285,490.0,1350.0,8.125,179.6875,,0.013099026977157233,0.031679333421623795,0.06622906711076303,0.011441544709129406,0.12244897221867346,0.6764442199497375,0.3150035723862612,0.5408707473059794,-2.7146358321836814,44.85566477001444,63.37787212542401,0.708458346457974,8930.36296630843,1.4130452509400482,4.657839220704915,358.2232048860642,0.643956043956044,0.6173469387755103,0.859504132231405,0.2782608695652174,50.040883074407205,49.986779268154265,50.096694506179574,52.94117647058824,0.5284985462724231,0.47210936642143403,32.609130751808166,30.807742497503682,0.47662316750511236,0.5237187631635478,43.75475215744389,45.85058711496788,0.4939081221305079,0.5064895587538123,38.584340210246225,39.05734140642448,0.8538592876695074,1.8742676425834834,1.2893446585251223,0.911851537950084,0.853215881892186,1.3078821050039096,-0.7126363456318152,0.004042045368134387,0.2929568819544253,0.8163762349731313,1.2987115605031665,1.0737269715399962,0.7153882514266698,0.9364807266749042,1.7758357260108482,-0.7707094426833868,0.0005526743848014547,0.11145161708727307,1.0654697167403238,1.0633815907079602,3.9468508661287016,0.8882065807954226,1.4394235110139746,1.3438270741195328,1.4730506728948545,1.1221428278674137,1.8107757797972643,1.9126884981665375,0.7956453453594031,91.31350971669397
191,2025-05-30 16:35:45,656.8791208791209,54.944838875611396,12.076430762019234,50.25951144430051,,,,,63.5713668353818,63.640595387116726,0.08369749967355536,0.09683829389321565,650.0,44.477999999999994,0.0684276923076923,50.0,0.8652294358009167,620.0,690.0,5.482456140350877,34.868421052631575,490.0,1350.0,8.272727272727273,179.6875,,0.013679970440641336,0.03591053804270761,0.07339351030250728,0.012826294535947835,0.13581031332180404,0.6719863271824146,0.3242051186566173,0.5404119061900736,-2.6119197627677235,45.000696556979555,63.363907556699985,0.7114007236117567,8942.810796691952,1.411918808623838,4.658444152430301,357.8285199288298,0.643956043956044,0.6183206106870228,0.8600823045267489,0.2807017543859649,50.16286644951141,50.11798248331741,50.20593574644351,52.806122448979586,0.5285025213768911,0.4761257341744617,32.64127048126875,31.051683504411635,0.4768281719659838,0.5241754129679609,43.75081931079572,45.837965322080905,0.4940902938134309,0.5080290526801798,38.59713192641063,39.125646326322816,0.8351196510754008,1.7798290999757465,1.2938953200562358,0.894079199707764,0.8827567861465284,1.3082618577896277,-0.7102153647458704,0.003708173216584509,0.26085649469899247,0.8456705325829905,1.2928928172724132,1.1908042536728338,0.6914996319930786,0.9749807099404029,1.852426423360451,-0.809280003335081,0.0006869366546371076,0.11682286904201883,1.0708864050683542,1.061744713402556,3.9508635697149654,0.8898774610505787,1.519789869689042,1.3417171743095786,1.4649700824808842,1.1225876899810643,1.8139556493038231,1.9295865527548466,0.8150513293925592,91.34100642398286
192,2025-05-30 16:35:50,656.945054945055,54.837638332768094,11.020895089890935,49.92761253662174,,,,,63.4142384545184,63.48418968036347,0.08347370593626671,0.09652898362987478,650.0,44.477999999999994,0.0684276923076923,50.0,0.8651593754215133,620.0,690.0,5.274725274725275,34.94505494505494,490.0,1350.0,7.982456140350878,179.6875,,0.014526124932516715,0.04147418851842577,0.07956630643916646,0.014181953033513344,0.14940285429106462,0.6762078102823917,0.31172325050584343,0.5325621576422928,-2.531164561682701,44.89010102111805,63.344146653721616,0.7087045120116753,8932.76359255787,1.412069482359117,4.6579559504091,357.7384305541459,0.6461538461538462,0.6214833759590793,0.8641975308641975,0.2782608695652174,50.04095004095004,49.98620344659244,50.09776908084967,53.196930946291566,0.5284548392397438,0.4719877206446661,32.6328157266831,30.827441117092647,0.47646542809948006,0.5240845592659805,43.72033180206551,45.843132445418235,0.4937904645625224,0.5066702084222942,38.57209852350024,39.063563062244924,0.829535043106029,1.9090209213387563,1.3010233454020075,0.9214865566273256,0.9307620973183628,1.316499181108337,-0.6933150687616071,0.004281230755831742,0.3222300226085527,0.8185979746603178,1.2187521801088965,1.1608950324357812,0.7183676363789255,0.9501495075540416,1.6682511222478125,-0.7560526633952793,0.0006118358196829846,0.093218186332558,1.0706181847322451,1.05690482598388,3.945541399548874,0.885074215491915,1.470897002064653,1.3118585693396378,1.4377700590430516,1.1223459327292413,1.8102127355851587,1.9223551740444196,0.8150513293925592,91.33183901508815
193,2025-05-30 16:35:55,657.7973568281939,55.32559369316819,11.08672664952357,50.627228588098234,,,,,63.48593211223208,63.555875214319414,0.08410735178374751,0.09651290242081892,660.0,44.477999999999994,0.06739090909090908,50.0,0.8714622571085854,620.0,690.0,5.286343612334802,35.02202643171806,490.0,1350.0,7.982456140350878,179.6875,,0.014570439753385388,0.042803698978773716,0.07512036005074534,0.013747069918012644,0.14624156870091706,0.6844283767240642,0.3120954734153334,0.5136731007335964,-2.588663651085824,44.94079034829127,64.09334052149963,0.7078863934975739,9049.060378335918,1.426172971698451,4.663573595941642,365.63275967051146,0.643956043956044,0.618925831202046,0.8636363636363636,0.2782608695652174,50.36674816625917,50.323278930466216,50.400867178065745,52.94117647058824,0.5292344786015672,0.4712372378965857,32.685820042617976,30.84359631476716,0.4790705185453858,0.5233905768713273,44.3621545286281,46.25965353072836,0.49551872064166397,0.5059805736163633,38.96385239090384,39.31464726034908,0.8462935686017922,1.6820803751981777,1.4745829839181432,0.9005621689786911,0.8906934904282044,1.5145266707472955,-0.763006293942795,0.004575396830371862,0.2939564096524095,0.8471357209117887,1.2446433405927868,1.1450150289792846,0.7164983450727271,0.9499642203560881,1.910657660711675,-0.7914630559633125,0.0006436502477877759,0.10745201093665385,1.0754179693443215,1.0663956126505447,3.969045931078539,0.8844807272995513,1.5146798222422029,1.2922826220441075,1.4181536257118652,1.1319087811207045,1.812624250595378,1.893562220879776,0.7776694702458955,91.21350120546477
194,2025-05-30 16:36:00,659.3392070484582,55.395932509739076,8.351374058621635,51.02994821089003,,,,,63.54045467677245,63.61076323717086,0.08415510577019086,0.09642395171500849,660.0,44.477999999999994,0.06739090909090908,50.0,0.8727614277718098,620.0,690.0,5.298013245033113,34.87858719646799,490.0,1350.0,7.964912280701754,179.6875,,0.014601887495385515,0.042938697828981215,0.07395560997705179,0.013562332262202492,0.14505852756362103,0.7058299351195739,0.3164021733706944,0.5098329013757271,-2.604290230944041,44.97960204145545,64.15800103249455,0.7053729757716144,9056.160977867172,1.427931543340369,4.66391424367989,366.45293372785176,0.6387665198237885,0.6147959183673469,0.8625,0.27586206896551724,50.48939641109298,50.46306992233127,50.504420525288275,52.42966751918159,0.5292602739726027,0.4715874842457121,32.696616585541484,30.888541493010155,0.4836423317080051,0.5184800726833838,44.52028712572302,46.197328177382225,0.4985024304424608,0.5027706006989208,39.0546374780528,39.2716500107637,0.810881757143965,1.7736852163289405,1.513356959450637,0.8605065800714664,0.867137118310497,1.4275063273536808,-0.7611242588881701,0.0041635505128576515,0.2889458556280157,0.8178582854186757,1.2130860560796348,1.0432136188807064,0.6809863954144808,0.9439909242301399,1.823327831409083,-0.8104320724909,0.0006738381089296624,0.10881831629079934,1.0745165089558433,1.0651546224772632,3.976676093763023,0.8861819292119881,1.5241150259387157,1.3011538522884134,1.4131156982854103,1.1335354225726084,1.8109752663116385,1.8719865379995233,0.7971112070020429,91.00020044097013
195,2025-05-30 16:36:05,660.2207505518763,55.4342855184393,9.348588228171382,50.984264770364476,,,,,63.589182026477275,63.65960629918734,0.08396325845878362,0.09634811982522852,660.0,44.477999999999994,0.06739090909090908,50.0,0.8718996693489262,620.0,690.0,5.298013245033113,35.54083885209713,490.0,1350.0,7.947368421052632,179.6875,,0.014301966314107423,0.04216398627391939,0.06752879925894958,0.012636739876444848,0.13663149172342123,0.7286234641387412,0.3208706065150683,0.4942403717266439,-2.6952011164071688,45.01413930182122,64.21827438438278,0.7052681278506856,9079.966878752082,1.4268649541502207,4.6650543742976955,366.52322054031447,0.6401766004415012,0.6153846153846154,0.8625,0.2672413793103448,50.36615134255492,50.323787207432225,50.40945765479674,52.685421994884905,0.5288256227758006,0.4717404388028671,32.72373102294547,30.917241653899,0.4847961317538307,0.5176863036319069,44.68631812361822,46.12070833652345,0.49937405856069783,0.5023818930573964,39.16445837431748,39.254852703189066,0.8603879730459828,1.7806198982394048,1.4136869561271457,0.8974161032529313,0.8991487364079176,1.525038360714257,-0.7691062876348014,0.0041975492717999914,0.2971253590020124,0.7866306493725093,1.223479598080806,1.0167578203679757,0.6801502145759046,0.881842890608521,1.5875501361300417,-0.7623728475135462,0.0005390840630594791,0.09727219778324175,1.0788845517302867,1.086271531475698,3.976269077495655,0.8877551212200048,1.5197770182784203,1.3114770939447709,1.419318903500024,1.1415703773152337,1.8104590508497689,1.9000706854545046,0.8570158025651972,90.87869466363516
196,2025-05-30 16:36:10,660.7743362831858,55.54465218611476,9.876753444322173,50.99878456453684,,,,,63.678794849820285,63.74949434365107,0.08405994170195825,0.09639847530549245,660.0,44.477999999999994,0.06739090909090908,52.5,0.8725015076125244,620.0,690.0,5.3097345132743365,35.98233995584989,490.0,1350.0,7.947368421052632,179.6875,,0.012361384367553645,0.026929782526392925,0.0363228017771133,0.007377376730422081,0.08263166573059182,0.7505140992393731,0.3275671691081277,0.43957484647033934,-3.315309586783948,45.077699747609124,64.41266090183123,0.7007024424522349,9120.20669638258,1.4293160283746325,4.666974791062263,368.26419462898957,0.6438053097345132,0.6195372750642674,0.8672199170124482,0.2782608695652174,50.28386050283859,50.238195625045314,50.322706204370995,53.07692307692308,0.5285722097665008,0.47222980721970403,32.76007054666125,30.964136961617022,0.48300167240093894,0.5188007760376635,44.70137303324319,46.383878213260445,0.4979497589270109,0.5034736079126944,39.18610493495144,39.43502209889297,0.8182450131378016,1.6434037627071507,1.5062777054450898,0.8716189161855479,0.8680909677212107,1.511166843155712,-0.7793958476251851,0.004300918401488484,0.2804751305265119,0.794789051502705,1.1772279354127186,1.0235111769908327,0.7050414255844772,0.8347712169301333,1.5821085539803053,-0.7705251394622272,0.0005853380771320105,0.09595922053552852,1.0854072148124718,1.0947158183889867,3.980387023427583,0.8891755377270547,1.5447014623453776,1.3175958868644602,1.423084680028774,1.1485580405266902,1.8174433371355738,1.9207943984340943,0.8586014919165228,90.8025580071651
197,2025-05-30 16:36:15,661.2362030905077,56.047266984329326,11.222278513844394,51.563908930605194,,,,,63.79185943658438,63.862696088657614,0.08477517209422365,0.09652490782450503,660.0,44.477999999999994,0.06739090909090908,60.0,0.8786437889833298,620.0,690.0,5.9734513274336285,35.61946902654867,490.0,1350.0,7.947368421052632,179.6875,,0.012220307459550604,0.02783459553100287,0.036503335738866834,0.007498546583437209,0.08401722746324747,0.7625219714198902,0.3394608145884213,0.4524368561623902,-3.310351632463572,45.1577454691454,64.98523082107981,0.6998106128236349,9214.051887623418,1.4398874644704067,4.671420763552978,374.28567693995495,0.6415929203539823,0.6169665809768637,0.8666666666666667,0.2672413793103448,50.282485875706215,50.202226187285916,50.356234715727574,53.07692307692308,0.5289629992915916,0.4730855059054045,32.841369574905904,31.0424928708434,0.49115139596709345,0.5208621748863242,45.44034719573197,46.90034915269508,0.5035007854456429,0.5053162989539168,39.64455012245833,39.76983224933863,0.8226885311261872,1.8078414883685767,1.279086266061178,0.8791004055344527,0.9266604133881278,1.4684688860776205,-0.7498774449586335,0.004614208524656878,0.3095073669315533,0.789296140241351,1.2537786885345281,1.0264964135290673,0.6619057886123044,0.8709877485668809,1.6158928482629207,-0.8039243808158222,0.0005865376815106467,0.10315848040219139,1.0822082466105867,1.0896873932812075,4.004477179839732,0.885751649605321,1.5981533627747584,1.3295447595257717,1.4318601964031379,1.1495334430742283,1.8169010033853534,1.9940667771719873,0.8390878216456927,90.73913333778461
198,2025-05-30 16:36:20,660.8830022075056,55.96694498908303,11.931368130572153,51.91012032220026,,,,,63.79185943658438,63.862510916551365,0.0848040743914056,0.09658002650925733,660.0,44.477999999999994,0.06739090909090908,50.0,0.878548285466912,620.0,690.0,5.9734513274336285,35.32008830022075,490.0,1350.0,8.089285714285714,179.6875,,0.01226251322133256,0.032940356273520335,0.045418541031126865,0.008759974518229078,0.09827363030163509,0.7654674304825084,0.34389123134226757,0.4621640707860487,-3.0918348645483604,45.15761453269338,65.00118674758387,0.6968270818133391,9208.706820480213,1.441430800293744,4.6711687564277025,374.77885053445164,0.6423841059602649,0.617948717948718,0.8672199170124482,0.2672413793103448,49.91935483870967,49.85758289502659,49.986005765534905,52.69922879177378,0.5271904969485615,0.4740227879845172,32.771939216347874,31.068025721346086,0.48675409829562644,0.5170079461554841,45.2865847024008,46.69693230202741,0.499558041352165,0.5027310020247329,39.50279276744069,39.65206453825278,0.8485278892007931,1.6886222548594136,1.4324376360114561,0.8976783034899593,0.8824730859495848,1.579612648475458,-0.7772219827859006,0.004114638476941815,0.2670077021394643,0.782429389479546,1.1993522952041766,1.0063712912409737,0.7013614572472004,0.8646354164300334,1.5228151270120438,-0.7688017576026636,0.0005092382210011548,0.09505714414067058,1.0810715549238634,1.0886479931873432,3.995182335122184,0.884021331311902,1.5837817222287642,1.3361742182188263,1.4374854772687595,1.1490318392664443,1.8173946467764588,1.9695432467013179,0.8375381706887155,90.78762776404568
199,2025-05-30 16:36:25,659.3171806167401,55.819962999774766,11.69678880625471,51.881061558585046,,,,,63.69520897224295,63.76503148153123,0.08470926457266503,0.0966650358941487,660.0,44.477999999999994,0.06739090909090908,50.0,0.877090242468342,620.0,690.0,5.960264900662252,35.02202643171806,490.0,1350.0,8.254545454545454,179.6875,,0.01227034653630229,0.030083365352590683,0.03941590808607156,0.008068428569550931,0.08958282810779578,0.7662007619805798,0.3367532107263969,0.44126441209606904,-3.2335857856370556,45.08868616316441,64.84158109882254,0.698218356436378,9177.217122906859,1.4392825441911248,4.669681116719513,373.30142325315387,0.6431718061674009,0.617948717948718,0.8630705394190872,0.26956521739130435,49.95957962813258,49.9014247739319,50.02183581062489,52.69922879177378,0.5272975184074175,0.474152034027702,32.71795534213456,31.04784948867468,0.48818581395735694,0.5162775920752887,45.30500407151938,46.50960264927205,0.5005317226702275,0.5025151097812042,39.49907042218628,39.54182656671647,0.8183658343119975,1.6502023220663493,1.5055525212294176,0.8352242177502369,0.8895244093837706,1.6227513926668597,-0.8482491263542854,0.004240863922499631,0.2777346056339147,0.7478005670263729,1.2040034592912312,0.981087710032728,0.6967834956412781,0.8111538634619508,1.3779973498309106,-0.7361323899840065,0.0005217576735231601,0.08915770367079975,1.0779128862325433,1.0872862007427015,3.993050796803054,0.8835845049694303,1.5736531296861898,1.3418558034274777,1.4512949284167342,1.146510013467889,1.8031582246442273,1.9690302424634984,0.7985829069357518,91.0032405706077
200,2025-05-30 16:36:30,658.476821192053,55.62693780302715,12.664855701283377,51.90620410894876,,,,,63.683050911928895,63.75361002362519,0.0844782018330192,0.09671266909083037,660.0,44.477999999999994,0.06739090909090908,50.0,0.8737185527853414,620.0,690.0,5.960264900662252,35.16483516483517,490.0,1350.0,8.272727272727273,179.6875,,0.011751212260712865,0.030001834910223405,0.04007950151103736,0.00812929777635981,0.08903665445112528,0.7616941524600866,0.33696049222842545,0.45912722286841556,-3.2168902596322395,45.080609972828015,64.5666223646845,0.6987090437129337,9144.242282203544,1.4325892959162958,4.668117834395177,369.9017139383445,0.643956043956044,0.6205128205128205,0.8677685950413223,0.2672413793103448,50.04042037186742,49.988003672210404,50.09683951636554,52.307692307692314,0.5272489225901479,0.47303560717596377,32.733893146586624,30.996030072673424,0.4874541222360324,0.5129040540214179,45.07057494021403,46.23301848400477,0.5004728710639381,0.4998110296935989,39.38822467421958,39.35889911067383,0.8299971072716039,1.8040209044221398,1.2885422861891764,0.8508140904752202,0.9365181522721535,1.6075071977434479,-0.7640741682433883,0.004546055956955241,0.3052839224704351,0.7638583334367586,1.2020559487484652,0.9819205451004986,0.6727055782062519,0.8152945835595213,1.5397441687730777,-0.7614863670061484,0.0005283080400952728,0.09630074387283072,1.0763430802397047,1.0876665610975254,3.982163330867083,0.8861207014752429,1.6155295878445874,1.3371511315585216,1.4477010252834601,1.143130561532862,1.8015498935089271,1.9133961934913386,0.8344573134257154,91.11938046867142
201,2025-05-30 16:36:35,658.1497797356828,55.61911528764422,14.261109503213785,51.498623499069744,,,,,63.605780902669615,63.67606789229,0.08459817294871337,0.09670539010363383,660.0,44.477999999999994,0.0684276923076923,50.0,0.8748030782777898,620.0,690.0,5.947136563876652,35.16483516483517,490.0,1350.0,8.425925925925926,179.6875,,0.011133721841090445,0.02951625293477537,0.03934063124174715,0.008077401248259721,0.08806800726587267,0.7502740043340629,0.3355865808655246,0.46240513592639565,-3.235497420350588,45.02577940593324,64.61251474282666,0.6977824601140806,9135.74814501781,1.4356184888477679,4.667714228366116,371.0356831030038,0.6461538461538462,0.6211340206185567,0.8672199170124482,0.2672413793103448,50.000000000000014,49.94339132640909,50.05939653032249,52.31958762886598,0.5272994768962511,0.4734602585783645,32.68412783583769,30.970654108836694,0.4877740026896869,0.5126859399148258,45.11042575032279,46.25825926271552,0.500583943408087,0.49973755461863273,39.38941518117049,39.35309434326863,0.8633339259561013,1.6956070232073603,1.5533464683546692,0.8954997558576432,0.8891753947015495,1.6246975993294304,-0.7721085920950771,0.004730043930412784,0.29868535579577143,0.7877603246714818,1.1795729719021941,0.9983914739407933,0.6786170248923453,0.9522623236245522,1.6173123864614687,-0.7651287480391665,0.00048823931892851566,0.08698987315775257,1.0732319537006383,1.0720776331965944,3.9820608290883204,0.8824061392482514,1.5085716600454107,1.331987445374548,1.451664817971039,1.1388279183428875,1.8002981900862913,1.918544924172214,0.855436417270485,91.16465863453814
202,2025-05-30 16:36:40,657.3846153846154,55.70956990951659,13.26246036371103,51.62963356188086,,,,,63.56411999700285,63.63436090439072,0.08479812093145339,0.09671272656134353,650.0,44.477999999999994,0.0684276923076923,50.0,0.8770385936651193,620.0,690.0,5.947136563876652,34.94505494505494,490.0,1350.0,8.584905660377359,179.6875,,0.010626858926105738,0.02884490391961321,0.03903790449705663,0.008058861654607603,0.08651432809054738,0.7388947816547902,0.33341187010576606,0.4640876104496307,-3.243222194670449,44.9962881119668,64.77592524157836,0.6964527154479961,9150.356370629597,1.4405857493787797,4.66840811843087,373.2610992233719,0.6541850220264317,0.6285714285714286,0.8760330578512396,0.2719298245614035,50.203417412530506,50.1673798111814,50.237394991621734,52.59067357512953,0.5274911274911275,0.47342573392993564,32.67566548739669,30.94536950885762,0.4892095912037708,0.5130849657765827,45.27863675151577,46.36359093405819,0.5016654809372261,0.5001717633098433,39.47461517807721,39.41572312123943,0.8298806466657914,1.593541871416447,1.477168700361478,0.8563470540063463,0.8596008494465526,1.5799019365966367,-0.7965849057501612,0.004077221035707019,0.2637842758600525,0.7865721202595072,1.2179609256709818,1.031578627950443,0.6897427240377503,0.870806612879889,1.579484333078546,-0.7698097427895922,0.0005309977960276662,0.09572187105406141,1.0651813698242498,1.0582378704206843,3.98100252830462,0.8773977697604667,1.4693107255006739,1.3251703914353328,1.449387014273553,1.1366454976829525,1.7997207041385352,1.917082818403794,0.8165529437581903,91.2707699508542
203,2025-05-30 16:36:45,657.3846153846154,55.6295675638056,12.561265699248716,51.4377805547025,,,,,63.5426250499449,63.61253446409618,0.08465935260395861,0.0967017673346877,650.0,44.477999999999994,0.0684276923076923,50.0,0.8755434434537673,620.0,690.0,6.153846153846154,34.72527472527472,490.0,1350.0,8.584905660377359,179.6875,,0.010262623602276939,0.02809033336570132,0.03910068204590152,0.008177365520654508,0.08481334788978132,0.7288713964422052,0.3312017985919615,0.46621788359150335,-3.2416153685137603,44.98085448802536,64.62238730682792,0.6966003051064713,9129.90922618659,1.4371701019068102,4.667436569559371,371.4934518048609,0.6571428571428571,0.6311688311688312,0.8765432098765432,0.2831858407079646,50.08156606851551,50.032613516543535,50.131264649776654,52.083333333333336,0.5267676491496691,0.47427854454203267,32.622667128792926,30.97745388192229,0.49097932392019655,0.5110513202830216,45.26406300101163,46.14666540470681,0.5025026949944769,0.4987756120246264,39.452970800407265,39.300873889651534,0.8371530727785791,1.6888244674567536,1.4279583161987084,0.8486673364565431,0.9382628569843514,1.6723512049546663,-0.7927559966912067,0.004522881587195833,0.2891667795935935,0.8113499559233325,1.282499764805085,1.0624917356825931,0.7489132280463959,0.8915173142139565,1.6945556879467607,-0.7545497734362057,0.0005682906236876166,0.10891483780934312,1.061828185678607,1.0470585071681888,3.9772624977008046,0.874128459788801,1.5404736073109546,1.320516147090873,1.4391330820913817,1.1302764476098952,1.7956282589508425,1.9156193829335069,0.8150513293925592,91.2707699508542
204,2025-05-30 16:36:50,657.4505494505495,55.84855281064345,11.654712224680303,51.19791529593166,,,,,63.91590014033205,63.98622242444948,0.08499829920003601,0.09727633985767689,650.0,44.477999999999994,0.0684276923076923,50.0,0.8749022806822409,620.0,690.0,6.373626373626373,35.16483516483517,490.0,1350.0,8.75,179.6875,,0.010082394149457387,0.027237234130367466,0.03924067833250985,0.008239486925885092,0.08402754981974409,0.7214926061201389,0.32874166671491023,0.4669977693826484,-3.23804135767318,45.245091778838955,64.62492480874516,0.7001182889224237,9185.89331053312,1.4358634314358025,4.670091506964029,371.0409371678387,0.6615384615384615,0.6354166666666666,0.8811475409836066,0.2920353982300885,50.12145748987855,50.075499148638556,50.16696152770347,51.94805194805194,0.5267716106541752,0.4785140453981775,32.67337859594829,31.29825193124106,0.48988502230789394,0.5104575419121216,45.22344028274999,46.16515304348629,0.5018438644763501,0.4998467673347161,39.450660449995176,39.43857204235434,0.8298453249569304,1.594867110194094,1.4250404788532727,0.8387529711009403,0.916042070249663,1.733528821550514,-0.8035012166367034,0.004711763790910163,0.28121381728738926,0.8074384849738077,1.163631300264679,1.0326734558969681,0.7247237544831673,0.9365103542108129,1.752230797892756,-0.758431083125063,0.0006012425964087295,0.10039213552301178,1.0670871223027203,1.063885191036393,3.9894952105044723,0.8817405846431863,1.4235429266736008,1.2995088133136847,1.4179423100665047,1.1376705635581745,1.800075486660777,1.8902726356857458,0.8344573134257154,91.26161663435181
205,2025-05-30 16:36:55,658.7444933920705,56.529200120814316,11.417633215342848,52.10799112740551,,,,,63.792918289109956,63.86258635632516,0.08581354483849835,0.09693985427548003,650.0,44.477999999999994,0.0684276923076923,50.0,0.88613597930453,620.0,690.0,6.607929515418502,35.46255506607929,490.0,1350.0,8.73076923076923,179.6875,,0.010096626089641783,0.026269262336436686,0.03656192984114559,0.007415259427240865,0.08023396728928807,0.7184867552279509,0.3274082439638238,0.45569141195922047,-3.3087477481999765,45.15766787666901,65.84263210581466,0.6970351713552229,9340.896534527717,1.4580609495963954,4.677358671557231,384.010282768521,0.6674008810572687,0.6413612565445026,0.889795918367347,0.29464285714285715,50.60435132957293,50.55495817939628,50.63676639805328,51.958224543080945,0.5292107404393815,0.4730222681983993,32.85123345968928,31.042006937217597,0.4916911912895258,0.5150241853529068,46.03541692327553,47.07433049255034,0.5035581029494601,0.5009386950314033,39.99039354096688,39.85008759716389,0.8319172445515007,1.6573747115535409,1.4588102939872334,0.8521137418791903,0.9408371728482163,1.5162127385080422,-0.766837038684132,0.003959845244655234,0.2647861375373455,0.7892906753718238,1.1348720587210228,0.9852086770707906,0.6699731510847577,0.9658073733063164,1.6882619334257982,-0.7950986685408249,0.0005942946849136543,0.08872004925361823,1.0663469355436361,1.062324034779906,4.029300323109865,0.8794310730511202,1.4327524310104927,1.304548788690989,1.4266137725060763,1.1441968096357822,1.7941427452424572,1.9393841742939837,0.8165529437581903,91.08235530143446
206,2025-05-30 16:37:00,659.295154185022,56.78156225903723,8.935185534002798,52.890487881571474,,,,,63.80675848416114,63.87683961958271,0.08613638638853346,0.09682555101213036,660.0,44.477999999999994,0.0684276923076923,50.0,0.8903413609113665,620.0,690.0,6.622516556291391,35.46255506607929,490.0,1350.0,8.901960784313726,179.6875,,0.010242278178275893,0.024961224539586713,0.03472656817114556,0.007190972465253336,0.07699140384827215,0.7246784941309902,0.32506841838230344,0.4510447457170883,-3.360250231645184,45.16774645577246,66.3864081798446,0.6838391060849185,9412.981680933579,1.4723816361168116,4.680697323448798,390.8623604664087,0.6740088105726872,0.6492146596858639,0.9032258064516129,0.30357142857142855,50.443190975020144,50.39761745518449,50.476690956056025,52.219321148825074,0.5287643008187388,0.47380422389923454,32.84449819904245,31.070502187681004,0.4865888303876993,0.515693823047599,46.271834759835755,47.60719332545836,0.49943720524231894,0.5018234053532606,40.09797167834057,40.180852030791456,0.84366691522691,1.5814073644073845,1.4201260572630527,0.885899408310338,0.870019342806859,1.597159364104033,-0.7981355350973833,0.004240160354918298,0.2636874346598931,0.7841350530158269,1.1600337136360888,1.1424487472778315,0.6334185082847281,0.9709536780052135,1.7166858772335203,-0.8561622018164569,0.0006643529922801464,0.10161096952701279,1.061949739407822,1.0569966477483064,4.03915538383251,0.8685238027883205,1.3862724622184994,1.3165457144371269,1.4374806909018671,1.1463242896153734,1.7914586037665703,1.954705409884088,0.7985829069357518,91.006280903381
207,2025-05-30 16:37:05,659.1390728476821,56.67724642191384,7.756230199259575,53.037885881558864,,,,,63.71951813338235,63.78987541578128,0.08598677996291561,0.09667082526012996,660.0,44.477999999999994,0.0684276923076923,50.0,0.8894801480336509,620.0,690.0,6.401766004415011,34.58149779735683,490.0,1350.0,8.73076923076923,179.6875,,0.01072235880756494,0.025963302500037196,0.03891030267940967,0.00813851031879838,0.08373447430581017,0.7386637770746297,0.3241467036573196,0.4646867733032362,-3.246496213053976,45.10625347754398,66.25526558846109,0.681535225492679,9388.733852047439,1.4688709542557348,4.679577137995166,389.28174075755993,0.6740088105726872,0.6492146596858639,0.9032258064516129,0.3063063063063063,50.040816326530624,49.98321224882648,50.09955387884186,52.493438320209975,0.5274946863589295,0.4732999128160419,32.73558652715973,31.031776861248165,0.48513333235673156,0.517442670278473,46.06723156066973,47.65972355339815,0.4985690229803083,0.5034626717049346,39.95087907522412,40.214552243886985,0.8344307339554096,1.6126835271596163,1.4702372399215564,0.8723155139521332,0.9056205657102878,1.7020930452975178,-0.8162946403985922,0.004781175803592619,0.2876150983403925,0.8168794195366955,1.1446656562110515,1.0494113899708608,0.6792900538611368,0.8637615000437044,1.5359245068524312,-0.7989644481055952,0.0004571267644590949,0.08208320202423716,1.059442868052507,1.055879439082142,4.032826232184564,0.8637391437232539,1.5386296223933895,1.3211076461276958,1.4434151382419542,1.142172763381688,1.7808538159482297,1.9628626025756897,0.7985829069357518,91.02783080478247
208,2025-05-30 16:37:10,659.0748898678414,56.43761910886501,7.967307306898603,52.925440979715084,,,,,63.58222326282911,63.65267064800343,0.08569861056708176,0.09652714938465534,660.0,44.477999999999994,0.0684276923076923,50.0,0.8879091055364141,620.0,690.0,6.401766004415011,34.58149779735683,490.0,1350.0,8.566037735849056,179.6875,,0.01146785005321998,0.02547835202422604,0.03812416763089195,0.008269278054071391,0.08313043587986232,0.758694288707326,0.32548923191210494,0.4586066129376235,-3.266906876925239,45.00923505583714,66.02419524812768,0.6833060586133913,9333.695195109587,1.4672445033720438,4.67702372424787,387.49455026951176,0.6696035242290749,0.6465968586387435,0.9032258064516129,0.29464285714285715,50.2463054187192,50.21217328626943,50.27691241767687,52.35602094240838,0.5282544540386928,0.47361210061928,32.69935454425086,30.935165733121558,0.4854775236799814,0.515690293462516,45.969985537336896,47.39171947169403,0.4990788754263566,0.5023055131599476,39.89039582351611,40.01079408655321,0.8451646683401167,1.68692698860576,1.447208698013835,0.8527277859245603,0.8967734417301392,1.7406973612865038,-0.7801500601775155,0.0049775999104051975,0.2997625237249893,0.8417816336958233,1.0909394164670094,1.090981426879638,0.6532476821935627,0.9947430761772411,1.7340040167230044,-0.8649450553612857,0.0006182248852212734,0.08189868449043115,1.057624079923405,1.0516390103100406,4.025497822407877,0.8612720781160144,1.508519035691246,1.3313997872976577,1.4512234883493431,1.134183318765065,1.7820525827217493,1.9443444801485397,0.7582277334897481,91.03669540806095
209,2025-05-30 16:37:15,658.8986784140969,56.44012183753295,10.022989817388575,52.52723299429023,,,,,63.59710379788555,63.66686340161106,0.08569551290672539,0.09656227258031518,660.0,44.477999999999994,0.0684276923076923,50.0,0.8874637124498969,620.0,690.0,6.387665198237885,34.216335540838855,490.0,1350.0,8.584905660377359,179.6875,,0.011506642452732621,0.02424275112041903,0.035248797345448495,0.007500876745481045,0.07849906766408118,0.790966826438876,0.32797791061628034,0.44903459868195716,-3.345323868165504,45.0192708481568,65.81710362021019,0.6862734581089608,9308.658458093254,1.4632279755841044,4.67585720595618,384.8921626087015,0.676923076923077,0.6526315789473685,0.907258064516129,0.3090909090909091,49.87468671679199,49.80310577347912,49.95201094901816,52.493438320209975,0.5271028037383179,0.4757668376814759,32.603238722039514,31.052695720410888,0.48479975144429166,0.5160412361705472,45.78707979126974,47.28038127110846,0.498185476121211,0.5032041092121787,39.74265136985768,39.99815223635842,0.8438210553213515,1.590602187748,1.5078496509687493,0.8485000921819243,0.916375671518983,1.3814095603251313,-0.9066708190753293,0.0036723248444784085,0.24633031456407137,0.8624477480870424,1.232693184955473,1.1166973140084577,0.687616013728225,0.9905405219726517,1.8585860755237238,-0.8388058809324328,0.0006894774263297323,0.10257737621957826,1.0451994059909047,1.0300440231001748,4.027738127685334,0.8513422992310932,1.5261149800687759,1.3361042140851338,1.4521855995761557,1.1242492539493059,1.779239616762036,1.93146459555762,0.7776694702458955,91.06104165273786
210,2025-05-30 16:37:20,658.0176211453745,56.42817587671423,10.709926123635237,53.03885627717635,,,,,63.33449516768643,63.404328026091186,0.08586321993145934,0.09625045459640368,650.0,44.477999999999994,0.0684276923076923,50.0,0.8926995099349523,620.0,690.0,6.167400881057269,33.70044052863436,490.0,1350.0,9.1,179.6875,,0.011478878809876183,0.02141217941755997,0.026634516022904738,0.00557795524792191,0.06472988595184216,0.8274856102756278,0.3337016172866809,0.41147169705691006,-3.625547309497065,44.833630303825345,66.13295911977873,0.6832063266729004,9296.559760721333,1.4779628527278643,4.675292375360194,390.96822768001357,0.6718061674008811,0.6481481481481481,0.9102040816326531,0.3063063063063063,49.915824915824935,49.84577924529015,49.99014622963692,52.64550264550265,0.527508269018743,0.47343207973129225,32.539968615874905,30.841803030291402,0.4846770781525411,0.5179090818649614,46.013727333656846,47.50058082594577,0.4980515269610785,0.5036896965823215,39.833679961740025,40.01457027676564,0.8143121918246707,1.4912533021160954,1.4331637370089885,0.8060742407953277,0.9387719913881347,1.4899295621159667,-0.807904935174067,0.004233244547288709,0.23731787598769005,0.837500383980218,1.1917871370508206,1.1362291635900812,0.6992302993366277,0.98585557419123,1.8095192745607478,-0.8176057079839302,0.000728091138364337,0.10059618405126176,1.036858070126168,1.025570564265451,4.022282290689448,0.8434711898114817,1.515791727742621,1.3364148759375925,1.4573498939788958,1.119085790537388,1.777433814844863,1.8969647785931127,0.7776694702458955,91.18296846756375
211,2025-05-30 16:37:25,657.6043956043956,56.41951041993002,11.595281667338288,53.005355917069394,,,,,63.19851947186835,63.26814049193322,0.08584716329822478,0.09616201170350834,650.0,44.477999999999994,0.0684276923076923,50.0,0.9005404129033303,620.0,690.0,6.153846153846154,32.967032967032964,550.0,1350.0,9.285714285714286,179.6875,,0.01165538607463844,0.024203256311580885,0.033373294860870886,0.0072830966462494404,0.07651503389333965,0.8589248483600386,0.33963000562845685,0.43616650431590426,-3.3999992538778625,44.737331174909166,66.09310639864792,0.6768834695871454,9289.152859134134,1.4975369950004949,4.674946219501291,392.6187278765098,0.6725274725274726,0.6507936507936508,0.9105691056910569,0.29464285714285715,50.260869565217405,50.25296848486251,50.27176715535112,52.51989389920424,0.5282082391220428,0.4843624699278269,32.514218319621065,30.728821741993524,0.4928347066140577,0.51428082746786,46.06263601290128,47.39759779741971,0.5000259816493686,0.5013762664279974,39.86816292101388,39.942413313526636,0.8430068339139296,1.6920723007602483,1.3337852216165507,0.823653246030636,0.9684015498891974,1.6921113249964987,-0.7998894769534535,0.005161648014053417,0.30091968947426107,0.8806755833899728,1.1782795533569508,1.1414059205852636,0.7190604868314638,0.9981002397247165,1.8946619860169767,-0.8317863953427952,0.000776444768239759,0.09681687090681451,1.0289197223883497,1.0151890030773547,4.0220443598266025,0.8366259055411078,1.5049808127903566,1.3328163714330377,1.4589329317382307,1.1168397112038237,1.7725100209891191,1.9153517289918174,0.7568333772930906,91.24026603388926
212,2025-05-30 16:37:30,657.5164835164835,55.63200411525936,12.650724118511384,52.01989730118369,,,,,61.79581269762825,61.86397846603546,0.08460929194920283,0.09399426391142404,650.0,44.477999999999994,0.0684276923076923,50.0,0.9002552387727485,620.0,690.0,5.274725274725275,32.30769230769231,550.0,1350.0,9.285714285714286,117.1875,,0.011448129217383037,0.021301307623303248,0.024693654661566672,0.005134157326183952,0.0625772488284369,0.8827399639926391,0.34490921628002846,0.39461074310357286,-3.701208964644558,43.744438684512225,65.49480541557354,0.6684297959386172,9000.768194806738,1.4972144433701937,4.661249687015363,392.23907453566835,0.6725274725274726,0.649867374005305,0.9102040816326531,0.2920353982300885,50.13146362839615,50.10602152999242,50.162347391335636,52.26666666666666,0.5165830305127763,0.4841576729959024,31.440753351381836,30.429232488603365,0.49358225113457,0.5069988549667427,45.9865490459627,46.6348243619198,0.5006164079043879,0.49972420174197735,39.39088514148394,39.36916325568196,0.8303897071173639,1.5557677624973003,1.422849307919897,0.8120763121495349,0.9599310292486352,1.7751035396303179,-0.8567769761386399,0.005447124324535493,0.28979652052262517,0.8816737869129291,1.1979002476585454,1.1308331999715058,0.6765797339348929,1.005836231969705,1.8814911009074244,-0.8638516229945937,0.0008716266874619085,0.10236001653952459,1.0119305714643945,1.0036684679455736,3.9929100808964404,0.8354285971588129,1.5162478057548057,1.3324669606529786,1.4647258763935596,1.1058200311038275,1.760048344079228,1.8615043734640635,0.7180214092267784,91.2524651535916
213,2025-05-30 16:37:35,656.967032967033,55.851053502745074,14.278366295495431,51.860866197096456,,,,,61.797594866447135,61.86551502583763,0.08504952545417183,0.09420540804401836,650.0,44.477999999999994,0.0684276923076923,50.0,0.9049775099626681,620.0,690.0,5.274725274725275,32.967032967032964,550.0,1350.0,9.12,117.1875,,0.011214915043284064,0.021312592249742107,0.023912028900618696,0.004982332555132631,0.06136110409798038,0.9050840003852783,0.35143858276096124,0.3900384496146547,-3.7333736453771635,43.745525196368035,65.81820503224066,0.6697554115221189,9033.363991717835,1.5065808089053812,4.6628196200735035,396.6417783126935,0.6754385964912281,0.6533333333333333,0.9142857142857143,0.2831858407079646,50.0,49.96671012870394,50.04320656408663,52.67379679144385,0.5162686050536518,0.4849971148297748,31.428463920001892,30.458236886932337,0.4925610975307892,0.5148968538124291,46.12607413806888,46.99234671408682,0.4995470485162502,0.5056386470489428,39.43693846388896,39.597884059362514,0.8375077538430119,1.6354929852181783,1.4174781587514707,0.8480237252581112,0.9677727197253301,1.5354408400956752,-0.7777955752557286,0.004631164253837649,0.27048461463268886,0.8686429541661911,1.2662308184269566,1.1930944965454113,0.7088749138758752,0.9999155921712086,1.8630490764180916,-0.8073541080944792,0.0007819239084640365,0.1057732002145017,1.012994864124542,1.004917590336335,4.002790118613041,0.8370756292426261,1.4775199704484299,1.3165170422062673,1.4685074591758445,1.109197007517017,1.7600789652011755,1.9277744407557134,0.6986154251936221,91.32878362103573
214,2025-05-30 16:37:40,656.1184210526316,55.565615212872096,12.489332123751671,51.50771067462191,,,,,61.801159049906936,61.86933464598131,0.08468839378678993,0.09421539692993251,650.0,44.477999999999994,0.0684276923076923,50.0,0.8991857564551885,620.0,690.0,5.482456140350877,33.33333333333333,550.0,1350.0,9.12,117.1875,,0.010964347532467552,0.02128534936917753,0.023513210954914196,0.004883784611504191,0.06057656313332347,0.9124751238596556,0.3538202575686475,0.38815689994105096,-3.7501928474952018,43.74822607567319,65.29476224626964,0.6703052773766229,8974.053726555596,1.4925969863118267,4.659958775234262,389.81922039748014,0.6776315789473685,0.6542553191489361,0.9186991869918699,0.2920353982300885,50.30461270670148,50.275210369388205,50.33253147881893,52.51989389920424,0.517294964028777,0.48402905904059035,31.46216523714939,30.427418795710164,0.4894497969464283,0.5117908132720924,45.67880914031723,46.70073494577299,0.49807638205672,0.5031892174656031,39.22002961426228,39.41310986870282,0.844023448157382,1.513645284352009,1.4002866199102586,0.801777067817055,0.9285576536151607,1.6737121654906724,-0.8886355702843418,0.004929793623248996,0.2622182905859272,0.8717197055456689,1.1410122982446538,1.1201906863354032,0.7094394381922853,1.0007043650232204,1.8450825650993186,-0.8491304489836503,0.0007269883070237863,0.0924492000412852,1.015861923590828,1.0096192492650464,3.9884852864905596,0.8408024563063222,1.4457484914617293,1.314070439858848,1.479255779201616,1.1090588920478777,1.7596524105343165,1.8653999902480094,0.7167037950089812,91.44690664794948
215,2025-05-30 16:37:45,656.2061403508771,55.68944101303835,12.207827092253625,51.541629579100764,,,,,61.93644603961081,62.00475519297085,0.08490381872715604,0.09442796859677964,650.0,44.477999999999994,0.0684276923076923,55.0,0.8995233710972237,620.0,690.0,5.274725274725275,34.285714285714285,550.0,1350.0,9.12,117.1875,,0.010727711645739718,0.025108762371592964,0.030303706758052926,0.006322051146912593,0.07124719508817501,0.9151022418347485,0.35468334394354956,0.4253319266891739,-3.4964852386998886,43.843982862761486,65.50276162494379,0.6701288086801872,9022.346093546597,1.4939966067858768,4.662289592403667,391.44361441108066,0.6776315789473685,0.6551724137931034,0.9149797570850202,0.2831858407079646,50.17331022530329,50.14131994474923,50.20855018400522,52.0,0.5162755923625488,0.4843265587323459,31.486357815359035,30.510737081602812,0.49065754132564143,0.5125351149087493,45.78708946796223,46.85451542632735,0.4985858139884836,0.5037928156928105,39.285219186960646,39.53638003850783,0.8372317760877778,1.546885000455609,1.4542948437465508,0.8536713166745229,0.9085012224908562,1.696247359954583,-0.8910740232839086,0.005033730624109441,0.27271416311806024,0.8731294944710779,1.1831269363560248,1.1925478162933802,0.7214010027393245,1.0031075035696426,1.8579445935084888,-0.8340889535400582,0.0007164779693082534,0.10427619058572511,1.0269005636709765,1.0200915903403347,3.991381591820729,0.8467170076517518,1.5195998201471566,1.3348986600668225,1.4947957015773083,1.1190419552507354,1.7577927110839773,1.8693635655605125,0.6986154251936221,91.43468235136852
216,2025-05-30 16:37:50,655.9429824561404,55.86584080281367,10.56056567872432,51.444369560928294,,,,,61.87012274039941,61.9382202540354,0.08524721775981117,0.0943350251433515,650.0,44.477999999999994,0.0684276923076923,60.0,0.904308682620714,620.0,690.0,5.263157894736842,34.21052631578947,550.0,1350.0,9.520833333333334,117.1875,,0.010558447550645144,0.020910822762376317,0.022832921985842018,0.0047425615739073715,0.059044753872770854,0.9203853195222266,0.35472546574433794,0.38670534616914837,-3.779551837762941,43.79693555625439,65.84168864891849,0.6695654409325242,9045.695226127194,1.505600821612948,4.663412061065592,396.52520210478235,0.6798245614035088,0.6577540106951872,0.9190283400809717,0.2831858407079646,50.043140638481454,50.01584208003581,50.079413999753605,52.3936170212766,0.5159455266333391,0.48437320464207734,31.458664578975867,30.47169553987585,0.4893848685500504,0.5139102163956359,45.90898854719023,47.19632119895657,0.49754290303231324,0.5047747401008466,39.33407254613575,39.70646685635327,0.8544442143096206,1.6109141047010433,1.383621096170577,0.8210475638336348,0.9439441548377601,1.7934075430100593,-0.8090930809148453,0.005405301733932312,0.29049974705815135,0.8940663384059699,1.2544924926415593,1.105090278575781,0.7635277683949604,0.9490083408521945,1.8209299110806767,-0.7990319188831594,0.0007582906713853101,0.11178222337213069,1.0267857898554644,1.017155308561242,4.002635047593821,0.846632923353764,1.5912955396215256,1.326399134816074,1.5048627070750487,1.1194426832954871,1.7544608583212566,1.8527185923917773,0.7167037950089812,91.47136504964729
217,2025-05-30 16:37:55,656.2061403508771,56.12655681400422,10.724902068495151,51.60027700440402,,,,,62.05901695888426,62.127285262261424,0.08553189822940857,0.09461800997316737,650.0,44.477999999999994,0.0684276923076923,60.0,0.905427539501605,620.0,690.0,5.4945054945054945,34.505494505494504,550.0,1350.0,9.5,117.1875,,0.010461284743252858,0.020550873638966675,0.02225735214531947,0.004640807563133941,0.05790439539224966,0.9309361045422815,0.37573907293299724,0.4058974348517874,-3.8050828914535084,43.93062470565611,66.19594754196332,0.6656612324559291,9125.53455035214,1.50853143749634,4.667228423689608,399.434671607641,0.6820175438596491,0.660427807486631,0.9190283400809717,0.2920353982300885,50.300945829750646,50.28003006288302,50.32120050071839,52.406417112299465,0.518329997140406,0.4837449741527858,31.62801172738834,30.489023827460183,0.48800226650353473,0.5130500138346002,46.20536388507327,47.40219213524125,0.4968962641073174,0.5036357849852526,39.57595699577615,39.84307585709382,0.8539620617170848,1.5268965286922445,1.4328607373678919,0.8471597955701193,0.939510856292042,1.70610124758955,-0.7990908028485387,0.0053826557332801,0.27772702717335956,0.8628445080013429,1.2484140826405783,1.0925421184274438,0.7160504015466806,0.8886344038389336,1.7464894390147814,-0.7963883737404441,0.0006171919526959018,0.09815953238773907,1.0253074217803748,1.0197165110346902,4.019417116390602,0.8448433084964347,1.559813813257089,1.3325589348251472,1.5147145419385688,1.1325886266051834,1.7494396366139733,1.865837677486701,0.7374273932599346,91.43468235136852
218,2025-05-30 16:38:00,656.9230769230769,56.369997413638515,9.520867162711207,52.329590245742054,,,,,62.330208928375534,62.398502569471404,0.0858748158946587,0.09500476408509959,650.0,44.477999999999994,0.0684276923076923,60.0,0.9087689320625397,620.0,690.0,5.701754385964912,34.72527472527472,550.0,1350.0,9.306122448979592,117.1875,,0.010578049904893722,0.019986592165844513,0.02145113334127883,0.004479964448909321,0.05639818407953629,0.944387193223069,0.354758851788298,0.3803514898817856,-3.8419777985806505,44.122404302759435,66.6067550810508,0.665533816264011,9194.924633958395,1.516502610535163,4.670518283863225,403.8466822367416,0.6798245614035088,0.6577540106951872,0.9227642276422764,0.26956521739130435,50.343053173241856,50.332592953577425,50.35265210891764,52.53333333333333,0.5182919858237108,0.4875827346269162,31.62801172738834,30.809561419953184,0.4862348072862314,0.5145855874017821,46.41582515316032,47.78010342923138,0.495949805422455,0.5061051850004903,39.71053175510782,40.084362506736504,0.8309764026833761,1.5968223856597223,1.424086312283916,0.8464258806842159,0.9837107876712161,1.7831053405807507,-0.8072358817430174,0.005194878494959777,0.28244715908463164,0.8479062296234465,1.3527078827317274,1.1004101889179343,0.7272471068732744,0.7307949908994651,1.5778215571389755,-0.7545472133382634,0.0005382795773673989,0.10677283259697207,1.0252255576495548,1.026615791285301,4.030111933440896,0.8472836170107231,1.5143307527656178,1.3383521319583669,1.516594716551267,1.1423383285689956,1.7451150952629726,1.875781662634264,0.7167037950089812,91.33489461358313
219,2025-05-30 16:38:05,657.3186813186813,56.51261586195789,9.055489887899226,52.87623349961433,,,,,62.16363229909221,62.23219212899721,0.08597445572151545,0.09459999563894096,650.0,44.477999999999994,0.0684276923076923,50.0,0.9090944941900243,620.0,690.0,5.714285714285714,35.16483516483517,550.0,1350.0,9.680851063829786,117.1875,,0.010822198424269076,0.021462987810440592,0.024570501374371903,0.00526581086216574,0.059565009203987135,0.9680162516376261,0.37671053282376177,0.412498910060224,-3.7062086866999056,44.00480506251801,66.76620968386905,0.6608345760768476,9230.071396852965,1.5172538786344119,4.672175170374414,405.205162418275,0.6791208791208792,0.6578249336870026,0.9233870967741935,0.26956521739130435,50.340136054421755,50.335208084071816,50.345248388497325,52.26666666666666,0.5185818513451892,0.482729089351984,31.689024290527644,30.54869814014003,0.4863974941256483,0.5144580326413418,46.56422578972569,47.84871609723518,0.49614430188180897,0.504714817941414,39.82726066328317,40.13557781275713,0.8486793411207643,1.6535607144820839,1.389995739893564,0.816437686511912,0.9609874106835505,1.8063407590033524,-0.8365440552695104,0.005458834301186526,0.298690318712053,0.8409832686815443,1.2062176462776315,1.0628295881330885,0.7265968099591171,0.9056163547309168,1.5783702144439795,-0.7727446171885457,0.0004528289364084384,0.08656139200697323,1.02884544688867,1.0392263923534888,4.039113196700119,0.8473189233524663,1.5089434139099773,1.3464219903858305,1.5228159831806272,1.1505450310536705,1.742502957164573,1.8808041102262747,0.7180214092267784,91.2799251036512
220,2025-05-30 16:38:10,658.1497797356828,56.461195371303035,8.838734048311549,52.85545533925199,,,,,62.17957509883262,62.247976767008254,0.08588187040398114,0.0945799708152604,650.0,44.477999999999994,0.0684276923076923,50.0,0.9080344354486117,620.0,690.0,5.714285714285714,35.16483516483517,550.0,1350.0,9.680851063829786,117.1875,,0.011131339150440808,0.018786024943595197,0.019335323977200797,0.004078317220384372,0.05305629203322276,1.0066019420055627,0.3558711677572302,0.3644303669976299,-3.9458215980663187,44.0159664870942,66.66900480675817,0.6664570320912868,9219.0057823332,1.5146550247012298,4.671654197335555,403.9221724895468,0.6850220264317181,0.6631016042780749,0.9274193548387096,0.2719298245614035,50.428082191780824,50.45490898953108,50.404827522895054,52.26666666666666,0.5183159573862017,0.4866797370545495,31.689024290527644,30.553521877437372,0.4910749190598134,0.5125040619320125,46.56084147045487,47.716289079167865,0.49879011895459885,0.504585642313166,39.82528228978723,40.06287060074521,0.8273986967299067,1.4865367769528308,1.4178749720444443,0.8134824084587913,0.908443013147616,1.43640276976886,-0.8683896327109225,0.004508205316304549,0.2366612997796111,0.896772011265333,1.3298343957892702,1.1103831656725598,0.7069067814190988,0.8689990004438757,1.7422514718856839,-0.7733731285326845,0.0006437875108773551,0.11453423301569413,1.0311807628659282,1.0314492438582343,4.038552760600733,0.8462642677048352,1.5250953501704587,1.3545569278476108,1.5328229355864607,1.1500688486517348,1.750469524900981,1.9466323262030054,0.7387859967336007,91.16465863453814
221,2025-05-30 16:38:15,657.7092511013216,55.69186792197579,11.192508068096522,50.18828574563433,,,,,61.72644915582228,61.79467709480933,0.08467551251365375,0.09385066281561727,650.0,44.477999999999994,0.0684276923076923,50.0,0.9873421901903895,620.0,690.0,5.066079295154185,34.36123348017621,550.0,1350.0,9.5,117.1875,,0.011212952870409956,0.018028401725837872,0.017814402235566965,0.003785894856483335,0.05080956161349604,1.0609969882609078,0.35675905816755354,0.3506112170594895,-4.027748034482966,43.6954352149727,65.58087941993608,0.6662831545026464,9002.500997974588,1.7022838434041723,4.661333288148945,424.4185167828939,0.6842105263157895,0.6622340425531915,0.9271255060728745,0.2719298245614035,50.08771929824562,50.06879851154744,50.11546657179235,52.26666666666666,0.5151216685979142,0.5748729221046847,31.361085745156274,30.426539998547085,0.49506870525410024,0.5331488314605045,45.96032058344883,46.78298628373105,0.4986358426922249,0.5448923828156683,39.3428623703428,39.46151379449953,1.0167227609303777,1.4491507950976916,1.4103392591218498,0.8906489605818435,0.9803413454954604,1.6812862515142815,-0.7884710124562077,0.003622810110673993,0.22037189865415294,0.9001154155003964,1.2571786975649069,1.1288294980327747,0.7413732496060732,0.9981479212833042,1.979970999542025,-0.8027967837122785,0.0007187332402075792,0.11598313684720056,1.0283525310340074,1.0239594277012392,3.99333365756477,0.8885580586798855,1.5574878028056456,1.3595029820131517,1.5356502524014692,1.130769285684634,1.7468308441296045,1.9222530715471315,0.7193442599774533,91.22572002679169
222,2025-05-30 16:38:20,656.3815789473684,51.17439596461331,11.697218251701159,47.23407821782763,,,,,51.842696672124276,51.899867909820365,0.07796795527691888,0.07898616054720246,650.0,44.477999999999994,0.0684276923076923,50.0,0.9886640279030846,620.0,690.0,4.835164835164836,33.62637362637363,550.0,1350.0,9.702127659574469,117.1875,,0.011217562243944521,0.017190347416397727,0.017611102702372976,0.0038368118072805513,0.04707491388279191,1.146318215385334,0.386173141284056,0.37410801740862365,-4.039225740468916,36.69874854172007,62.456192892093874,0.5879301151151543,7200.731794100451,1.7051634535769773,4.564346745002754,425.85532849924175,0.6835164835164835,0.660427807486631,0.926829268292683,0.26548672566371684,50.1432664756447,50.14707023401015,50.14247710262097,52.0,0.5088121977211248,0.4918086770395983,26.17440233793972,25.727816265694305,0.49676619154548646,0.5052316861226945,44.01419794786652,44.34075124547383,0.49985787606500864,0.5016745800598429,36.210143321604804,36.24929482634327,1.024712480569613,1.48178146673889,1.4476843030414974,0.9102086152263349,0.8975057428276356,1.5255279399569062,-0.8207250090300325,0.004150252629609348,0.23443746455370093,0.9399247219017494,1.2952950504274265,1.1450439263503984,0.7476541122589446,0.9013411356178009,1.9475528864021823,-0.7846342865395521,0.000709920875838693,0.10762864240024383,1.0321341872588072,1.0221394746116512,3.981231176075494,0.8935971142162753,1.5421653750099975,1.3591840105631716,1.5320362110309116,1.1329064316515047,1.715146803498505,1.7931361207531353,0.6973334221709007,91.41024356018842
223,2025-05-30 16:38:25,656.6153846153846,51.16029898358539,12.514810297120595,47.10398268142855,,,,,51.87030590194387,51.927521652157466,0.07794125774302334,0.07900441597892566,650.0,44.477999999999994,0.0684276923076923,50.0,0.9867562839695782,620.0,690.0,4.835164835164836,34.065934065934066,550.0,1350.0,9.91304347826087,117.1875,,0.01137208363595412,0.01577665376281897,0.0150721139985637,0.003310298592372254,0.04294128940489193,1.2668481484908773,0.3683076285435514,0.350993512478148,-4.1949089975777625,36.718302690451814,62.397332309824556,0.5904970223745503,7194.5377536202495,1.7007769784927778,4.56397300587153,424.33126869043946,0.6907894736842105,0.6675603217158177,0.9317269076305221,0.2857142857142857,50.1904761904762,50.20011865755455,50.18308010993921,51.474530831099194,0.5089256469046839,0.49147820386758423,26.187050032486923,25.73853931716047,0.49774673213230936,0.5039554237155071,43.946710751624515,44.29575254463712,0.5005590064659213,0.5007482424965893,36.168372567475,36.22253855386856,1.0279726728102676,1.5785882495659087,1.4582211789075332,0.8713532713262433,0.9067922201103475,1.7175164675250802,-0.7910371088961116,0.004790815557542205,0.26769391808083337,0.9223967820751227,1.2948066831192344,1.2389413524061403,0.7517206400765719,0.9720013369897105,2.085694651064734,-0.8030163160346893,0.0007033357504320272,0.10765567180130506,1.0346443639430207,1.024837261415083,3.9814692682839836,0.8949955700037767,1.607076998445816,1.3540591223462013,1.523008534153967,1.134022776863489,1.7161472689014448,1.7784474688156977,0.7180214092267784,91.37769447047798
224,2025-05-30 16:38:30,656.578947368421,51.459997922247354,13.42723316793749,46.918464693115666,,,,,51.855441220193754,51.912476658870716,0.07846767782158433,0.07901283133534706,650.0,44.477999999999994,0.0684276923076923,50.0,0.9931004432501731,620.0,690.0,4.835164835164836,34.21052631578947,550.0,1350.0,9.5,85.9375,,0.011640863126000952,0.014789717944589088,0.011462718785519287,0.0025191164279764096,0.040179440705953265,1.3975764898351126,0.40584036249652783,0.32523232070131886,-4.468655354513506,36.70766427367584,62.86761664202895,0.5899266600737091,7244.614070171624,1.7139123577404256,4.566985364964414,430.99834025784423,0.6907894736842105,0.6675603217158177,0.9317269076305221,0.2857142857142857,49.80952380952382,49.78507228562577,49.84720741765972,51.742627345844504,0.5079404060248855,0.49238204456094364,26.153309255024734,25.757829560435777,0.497042269510669,0.5087383061406691,44.11387009980471,44.8408891943919,0.4998366830874817,0.5045129829203202,36.258816715630054,36.55694107272014,1.0187292981501004,1.697942358768794,1.4041489868553896,0.8817094195455059,0.9482050154032073,1.6647784576291547,-0.8195893531746861,0.005058424453092379,0.2894887064942664,0.92711648572646,1.4186377792758806,1.1555150619679553,0.7216235180128383,0.7773475550469771,1.882847642287957,-0.806861990244153,0.0006405671610375821,0.12337162685793338,1.0303982659136346,1.0282016033192647,3.993052957048673,0.8921783684123689,1.5423093201100926,1.3426472478145206,1.4903099698989828,1.1373664194208952,1.7153189586031095,1.8017267546374136,0.6973334221709007,91.38276553106212
225,2025-05-30 16:38:35,655.6359649122807,51.92949499423868,14.772546924920018,47.31310740446246,,,,,51.847197302572376,51.90414974740569,0.07926044221908167,0.07912512490564565,650.0,44.477999999999994,0.0684276923076923,60.0,1.0017101687181837,620.0,690.0,4.824561403508771,34.64912280701755,550.0,1350.0,9.702127659574469,85.9375,,0.01222561677346572,0.014637745680190602,0.010524662423520275,0.0023370440988625444,0.03806940529857883,1.6102929023156547,0.41319902551796434,0.28490516996547766,-4.554033973702862,36.70177625811259,63.650308451627446,0.5815150416036551,7338.083988463973,1.7344756997970154,4.572552788152734,441.5996531757296,0.6951754385964912,0.6711229946524064,0.9322709163346613,0.2972972972972973,49.952516619183285,49.939552209888966,49.97296052047563,51.87165775401069,0.5084634884291437,0.49239450441609417,26.153983195765903,25.750839343063102,0.4930987468784604,0.5086879088593174,44.61482961095601,45.39690236979477,0.4969659983400611,0.5046230648038703,36.565511958570205,36.90517898374783,1.0531002893942458,1.5993602226557693,1.4516934083756263,0.9022051509215778,0.9124446284740233,1.763988817665894,-0.8046693729924891,0.005280371256026064,0.2805222873489256,0.9367524907443706,1.2997919122515889,1.1639339239811,0.7570669924622304,0.9476938388732563,1.994661754242978,-0.8320836043278734,0.0007222493919731731,0.11601781386997477,1.0336746111005408,1.0311829246931694,4.009721151541555,0.888613169222257,1.564267103013383,1.3324982236423957,1.4866672051561387,1.1478336648571468,1.7160710893990414,1.8271702057436836,0.6392223036566589,91.51419874903836
226,2025-05-30 16:38:40,654.9671772428884,51.97180057254381,14.217961729662806,47.34892916782832,,,,,51.772961673440705,51.829650105911156,0.07936751862384453,0.0790508998498957,650.0,44.477999999999994,0.0684276923076923,60.0,1.0040052519901739,620.0,690.0,4.824561403508771,34.35448577680525,550.0,1350.0,9.72340425531915,85.9375,,0.012577395285747152,0.014857518243541354,0.009013239507432722,0.0020038119399529704,0.03810121361934238,1.834046506839166,0.39782608553992643,0.24924347039936998,-4.709060726207987,36.64909705641583,63.781992115915266,0.5766899359584634,7342.472834078225,1.7406188538894969,4.572812458342635,444.08055206237344,0.6980306345733042,0.6711229946524064,0.9322709163346613,0.3,50.38240917782028,50.41026045156367,50.3528311330383,51.742627345844504,0.5099212856674317,0.4913976732754384,26.170821429086395,25.68446281229076,0.49356275221997237,0.5082341409851815,44.765882547267275,45.47052801739411,0.4976291297929359,0.504033295001192,36.66671606858771,36.927364840566206,0.9666640875382653,1.4591565450277668,1.452075418846082,0.8399740459269109,0.9516179703658803,1.484372040378421,-0.8066306468793255,0.003985914542227793,0.2081701264622238,0.949211215344796,1.3530541024147777,1.1805560321162707,0.7965133200774479,0.9636959458943157,2.1032200926991487,-0.7874131304907734,0.0008203162280147667,0.12274792059807045,1.0311772503625622,1.0283134366940727,4.008666580888441,0.8867924703289195,1.5144930926014397,1.3314180372656348,1.4899350425081124,1.1450688613490998,1.7163671674939973,1.8007046481841689,0.6187168738771516,91.60764399305091
227,2025-05-30 16:38:45,655.27352297593,51.751433911488114,13.691812396414283,47.00971784777561,,,,,51.796304335899706,51.85331267842382,0.07898866603172641,0.07905715215279913,650.0,44.477999999999994,0.0684276923076923,60.0,0.9992546151512406,620.0,690.0,4.824561403508771,33.99122807017544,550.0,1350.0,9.326530612244898,85.9375,,0.012593445328115653,0.014839098392910925,0.00784851352732189,0.001736455544214337,0.0369895395085971,2.0719762052827897,0.4107298386125665,0.21218197446058343,-4.847431124695437,36.66582902189985,63.409054830495464,0.5784081146972567,7303.122090910064,1.730104633784991,4.570478671039407,438.7946430670674,0.6995614035087719,0.6737967914438503,0.9325396825396826,0.3090909090909091,50.1432664756447,50.14676666660569,50.14272184921323,51.61290322580645,0.5091370974350569,0.4912251927177301,26.158193770243116,25.6930371616574,0.49248153566914477,0.5078209576742461,44.4912264178293,45.181209258866375,0.4966568750446687,0.5036650157965779,36.4908870040945,36.749376185517896,1.0144967795227773,1.6728108517974807,1.3167650820560555,0.8646573820386608,0.9182328731042015,1.7631548615475463,-0.783580387618112,0.0052113389017183825,0.28045495701813916,0.9463805097825926,1.4386601103127474,1.1739270841534362,0.7934455699245302,0.7554137804754752,1.8497551647069708,-0.7608586696824814,0.0006958463163992478,0.12172731447728627,1.0369688729342905,1.0375576928823622,3.9974540065702406,0.8890544378458005,1.5838669390115838,1.334390007620491,1.491271398765047,1.1416701031945105,1.7152655577064126,1.790619369504183,0.6392223036566589,91.56481667000601
228,2025-05-30 16:38:50,655.8901098901099,51.70819770267344,11.27278691063476,46.74090918216043,,,,,51.93396349092424,51.99113724336943,0.07890418683672686,0.07918089129233163,650.0,44.477999999999994,0.0684276923076923,60.0,0.9980128684142798,620.0,690.0,4.835164835164836,34.94505494505494,550.0,1350.0,9.306122448979592,85.9375,,0.013371280727862136,0.014963443493133902,0.007024292602956486,0.0015219908521460664,0.035971420822240835,2.237668357756872,0.42135812526154937,0.1952742605767027,-4.958380765920665,36.76328570638699,63.33108903500616,0.5846349818778035,7297.140463940935,1.7267564181445305,4.570122816105828,437.4294578371184,0.6995614035087719,0.6720430107526881,0.932,0.3090909090909091,50.38095238095238,50.40237751122856,50.356707389620304,51.344086021505376,0.5094879764436446,0.49141736145169207,26.222852039679488,25.76639836624847,0.4956611258641773,0.5073365142117544,44.452085789976444,45.109188723368234,0.4989284024784023,0.5033143282645037,36.470803613308355,36.71336262848237,0.9698561625598424,1.5443212403229005,1.3509789436518727,0.8577800456199748,0.8837303561033769,1.6406151499379125,-0.8269392082896518,0.004433853799514602,0.2510040020696878,0.9202812761804663,1.3967588492909702,1.1552361933609199,0.7708657995625696,0.8959401850950934,1.9206763256909065,-0.7710560572253664,0.0007070327984210231,0.1161153011377759,1.0497595579948693,1.0584451640089994,3.9973661117950243,0.9023711187873885,1.5494692854806844,1.3348754637704172,1.4867942064120505,1.1444347028605992,1.730660851026929,1.7708589311529788,0.679209441160466,91.47873873270113
229,2025-05-30 16:38:55,656.2280701754386,51.41429497879525,9.840788501660022,46.601940752806,,,,,51.953064193759346,52.01020786748069,0.07835344733082893,0.07917451130390435,650.0,44.477999999999994,0.0684276923076923,50.0,0.9902468847006279,620.0,690.0,5.0438596491228065,34.868421052631575,550.0,1350.0,8.941176470588236,85.9375,,0.012468535458803552,0.015058513080309598,0.0066499585051806144,0.0013893588924004786,0.03548457790542613,2.2872813789552877,0.42601097014588124,0.18740418789548952,-5.013144664156306,36.77677067401752,62.79639099425163,0.5875787083898852,7248.840924790758,1.7090338833930714,4.567238679262431,429.28463985590224,0.6951754385964912,0.6684491978609626,0.932,0.2972972972972973,50.236518448438986,50.24832235553336,50.22554741785235,51.742627345844504,0.5090181996245816,0.49215173315892735,26.231769419393853,25.785667768193544,0.4936850107278521,0.5100640750808012,44.097148512059874,44.71831842576422,0.497597668167036,0.5052347056723427,36.2729429466539,36.50088125703062,0.9884750703641512,1.6424539650652181,1.3716243493273836,0.8696473721316809,0.9313211136448034,1.672334673019451,-0.8357579699930242,0.005126306705939148,0.2737482650561853,0.9062597672834137,1.509055171194282,1.16558025904764,0.7708593042015144,0.7871287618090266,1.8218392590827301,-0.7567435643917804,0.000677882523906919,0.1294334570083178,1.0523934128632177,1.055950206483875,3.99083289961833,0.9021393430638703,1.5016249430691244,1.321992941071474,1.4758723666667959,1.1435717122328006,1.735142099115334,1.8834224751900428,0.6973334221709007,91.43162678786258
230,2025-05-30 16:39:00,656.030701754386,51.26503477500668,10.507160882917786,46.13877974153504,,,,,51.97423963756549,52.03157472354571,0.07815315560754554,0.07923433302651042,650.0,44.477999999999994,0.0684276923076923,50.0,0.9863992339878019,620.0,690.0,5.054945054945055,34.64912280701755,550.0,1350.0,8.941176470588236,85.9375,,0.01241545108315621,0.015082507999822272,0.006650355843898749,0.0012771633409893327,0.03532184130499444,2.2859979054469335,0.4626770738088487,0.20462649867939,-5.0130849153852886,36.79187932283373,62.522316619456966,0.5902304493362471,7226.64808066587,1.6993509918547283,4.565907016160881,424.9894430413182,0.6973684210526315,0.6693548387096775,0.932,0.2972972972972973,50.047125353440144,50.03695253623665,50.06203976132083,51.87165775401069,0.509891720263779,0.4908395081833727,26.263238742605626,25.768540122485597,0.49213570513894694,0.5098390365149599,43.860895954764686,44.59777328590341,0.4965914128572074,0.5048856439883879,36.148325811968824,36.41474364136789,1.004765771262153,1.4431807265784578,1.278885357656784,0.8888684751037419,0.869725884669768,1.6022793684347345,-0.7712290751101303,0.003691095086278412,0.21034079229065644,0.889822422967078,1.5804111532186855,1.163787978800301,0.7414176059357276,0.7844663455871173,1.9428339526737166,-0.7563062477838796,0.0007626945265698397,0.142850865596441,1.0606655362185111,1.0599974525403302,3.9842179243070626,0.9115324824582113,1.5699167948383763,1.3106573691574985,1.4543104325641318,1.1426290597440942,1.7494632919033635,1.8391877695639005,0.6986154251936221,91.45913421360522
231,2025-05-30 16:39:05,656.1842105263158,51.06246812155798,10.75953790142583,45.98819099211308,,,,,51.88321628299591,51.940157193849345,0.07784068954444702,0.07909185513003088,650.0,44.477999999999994,0.0684276923076923,50.0,1.0045494907542052,620.0,690.0,4.385964912280701,34.868421052631575,550.0,1350.0,9.5,117.1875,,0.012333107092782195,0.014998945028595357,0.00671838467049704,0.0012223542731728703,0.035227674255363065,2.2476162116424967,0.4257716509999781,0.1921277093373807,-5.002907529756251,36.7272373676661,62.23586583765753,0.5901297728141073,7180.899860842171,1.7415137869832205,4.563148980403359,431.8186341290822,0.6951754385964912,0.6684350132625995,0.9285714285714286,0.2972972972972973,50.39370078740157,50.41875627888709,50.366114835162456,52.26666666666666,0.5161712143666638,0.48734487263226633,26.29676451179016,25.63940043420576,0.49023902909988565,0.5129718649959962,43.57573063581008,44.43488152474619,0.496426393406617,0.5058291567934916,35.988637958619826,36.27559476248309,1.0514808926283297,1.7383592585821739,1.3199986648274482,0.8310584117409803,0.8864835078826916,1.6133600970051098,-0.8131648152676166,0.004004857139664404,0.247844530609976,1.0151113667464904,1.4727138775808761,1.2022532699405295,0.8584721431286462,0.7211474861573155,1.766439274226682,-0.7625081516664236,0.0007996613440042618,0.14306649690153359,1.0544474548775948,1.056677700664357,3.968636486766578,0.9118935905425841,1.5295163858495882,1.3006391277146203,1.4414673864065375,1.1397347070673498,1.7600696284742745,1.7838547386199766,0.67796304933282,91.43773811910968
232,2025-05-30 16:39:10,656.3815789473684,50.27553455737945,10.848462507013823,45.5972509899707,,,,,50.09022696099914,50.14547886090177,0.07659847382670656,0.0763161440773326,660.0,44.477999999999994,0.06739090909090908,50.0,1.536512716268338,620.0,690.0,3.7362637362637363,33.84615384615385,550.0,1350.0,9.5,117.1875,,0.012326709937155744,0.014682389600217265,0.006728905685153346,0.0011334464202832396,0.034830785605183406,2.181987723889857,0.45215199678756995,0.21091632997153803,-5.001342751049939,35.4582081483903,61.68785628812179,0.575001468089903,6871.733940519991,2.9007784428870185,4.544036446116628,593.8128142449832,0.6936542669584245,0.6684491978609626,0.928,0.2857142857142857,50.0,49.99637418722823,50.018501364291915,52.41935483870967,0.5326241134751772,0.48652444912650344,25.40836454718155,24.732565157084856,0.48752882539873504,0.5156311728727208,43.06754635976264,44.16534913225145,0.49400715923550054,0.5111363972060653,35.358157039166905,35.793001014326194,1.171312088735927,1.8622990295963344,1.4253445639928923,1.2976907548494137,1.7241719190859488,2.104128807084706,-0.29959943021438273,0.005193932214685665,0.29763654942770207,1.1202649874988542,1.0650892529457234,1.2051649381457459,1.0995793146532962,0.7973839691928921,1.636579949392492,-0.671234831465998,0.0002898434271576289,0.06822254432471354,1.0814839636465727,1.9261897383175945,3.9463355100942414,1.0865087212940328,1.6734662465759897,1.2952762311448014,2.365635933454021,1.7698170358167278,1.7522912144598033,2.9873317737608986,0.679209441160466,91.41024356018842
233,2025-05-30 16:39:15,654.4638949671772,37.96621461694359,12.371554005516005,36.859111758773146,,,,,24.823941471398907,24.851050400249857,0.05801116747448334,0.03794160953989733,650.0,44.477999999999994,0.0684276923076923,50.0,1.5321479486876286,620.0,680.0,3.282275711159737,33.260393873085334,550.0,800.0,9.14,117.1875,,0.01244611524231533,0.014109352639104976,0.006688670017782956,0.0010475088216272432,0.034221971873895536,2.1094406812704,0.41228929446545326,0.2056147240827557,-5.007340226132854,17.572346257625338,50.789933180818906,0.3478652744257902,2798.872483728051,2.895489824983511,4.153953222477691,588.2469389466143,0.6936542669584245,0.6675603217158177,0.927710843373494,0.2857142857142857,49.82857142857143,49.826862907270076,49.830926615471114,52.94117647058824,0.5358033487709298,0.46909610575205424,12.85592179793908,12.011898862615945,0.4865650695437575,0.5177766988289736,35.42811986344613,36.39738873167041,0.4913079846161068,0.512084833072786,26.632294967438494,27.102173536176416,1.203210589760099,0.575499163229453,1.4575072708974055,1.3303589303287522,1.6991110970498982,0.6778242124614071,-0.30817012136303756,0.00022499651457983242,0.020785190602066548,1.127473691096719,0.8170294660464084,1.2448636756331353,1.1881762328490773,0.8573645634976126,0.9763672960831471,-0.5693823725334749,6.038602893686267e-05,0.02735791948503887,1.0911202635111437,1.9336775806196793,3.919409773985541,1.0905199924910551,1.7031654402939038,1.2451424470216668,2.378972376574073,1.766135748850074,1.7072670154327387,3.2001015626589857,0.6960564831117954,91.67809020696112
234,2025-05-30 16:39:20,653.8730853391685,37.70396690672835,12.791399869496134,36.26224223632211,,,,,24.841603473968718,24.86873191127524,0.05766251548214596,0.03799147576334818,650.0,44.477999999999994,0.0684276923076923,50.0,1.5217968028113498,620.0,680.0,3.282275711159737,33.479212253829324,550.0,800.0,8.788461538461538,117.1875,,0.012519239564358525,0.013640238247773233,0.006610117036794807,0.0009717352741716967,0.03368127683155854,2.0635395972334063,0.40497984432088574,0.19630458707720752,-5.019153919254897,17.584848973973013,50.353062319034464,0.3494409638752732,2781.7263449556103,2.872985087522601,4.1512845135756296,578.1032479858607,0.6958424507658644,0.6702412868632708,0.928,0.2909090909090909,49.94272623138603,49.938766244770385,49.94699208697123,52.68817204301075,0.53584229390681,0.4655294953802418,12.85592179793908,11.998168358380537,0.48478552428958155,0.516963100773175,35.05113796997421,36.1503611588377,0.49030282528032226,0.5113183034106739,26.39940338591852,26.93329404167308,1.1652403835399352,0.4005480036873197,1.354322741528052,1.2922686393859513,0.9140002703108543,-0.05884100162583694,-0.23956392144514058,0.00016733989961936714,0.015555746502870792,1.1216323194606677,0.718128664579607,1.2111712233099006,1.2046205189075083,0.7328337410300021,0.7904095890692244,-0.508770894206496,5.192617994429747e-05,0.024856400155927202,1.0945589283159416,1.9449106487222299,3.9051671288148406,1.0922472061489095,1.8364471067575736,1.2386618036366515,2.3681681427545254,1.7643727942059717,1.7077737361516927,3.077225539526446,0.7153913854204564,91.76092631015328
235,2025-05-30 16:39:25,653.4792122538294,37.5497211454564,12.413692231462678,36.159303692244514,,,,,24.796766924149424,24.823322880383184,0.0575060933746373,0.03799444398401003,650.0,29.651999999999997,0.04561846153846153,50.0,1.5169985905649825,620.0,680.0,3.282275711159737,32.96943231441048,550.0,800.0,8.826923076923077,117.1875,,0.013206794490152636,0.012962652611143263,0.006423837620476029,0.0008725310946235863,0.03276163809517736,2.0178985486533336,0.39566558221188014,0.19607803498145723,-5.0477395796689715,17.55273994030213,50.0814234843097,0.35079145992293737,2760.1507502492464,2.8617595973594,4.147902912394213,573.2839772225749,0.6958424507658644,0.6684491978609626,0.928,0.2882882882882883,49.71297359357062,49.71732466178922,49.709389255208336,52.659574468085104,0.5328310010764261,0.4707977207977209,12.77761886501742,12.039773268250409,0.4872881673961797,0.5172167702234582,34.933587602800834,35.970582531624416,0.4919556306887939,0.5120139551680832,26.302310608216622,26.808513955732025,1.1832859987107587,0.5123643546990699,1.3858285547478122,1.3221882235578,0.7884984485838178,-0.06038995619361209,-0.1823292663870595,0.0001627844014993019,0.019428296163586413,1.1461623371930045,0.7258680588105011,1.2033737961267823,1.1862871729722784,0.756695087853525,0.8899354698774968,-0.5311007180272813,5.114557602724097e-05,0.02413934939264538,1.1014889681694937,1.9489026699917673,3.900126489247899,1.096621371177531,1.6889125726197327,1.2373182981038284,2.3307584755148376,1.7646578431620423,1.7071320743965512,2.9802550431091013,0.7153913854204564,91.81623359228503
236,2025-05-30 16:39:30,652.0524017467249,37.412794075302095,12.331063359529894,35.90970232014372,,,,,24.87523452304358,24.902397072388137,0.05737697457302558,0.03817362970938483,650.0,29.651999999999997,0.04561846153846153,47.5,1.5090456367916192,620.0,680.0,3.485838779956427,33.11546840958606,550.0,800.0,8.826923076923077,117.1875,,0.012454182023715326,0.012385233215516482,0.00620991622331046,0.0008048668434466375,0.0318437834834534,1.9950424702741927,0.38893723862781787,0.19501188439298497,-5.081607873737981,17.60865383768568,49.87936039197956,0.35749126094794936,2752.976427519154,2.842209766420995,4.146772602705581,567.0704209956675,0.6943231441048034,0.6639999999999999,0.9236947791164659,0.2882882882882883,50.0,49.99598533578736,50.00414640370213,52.53333333333333,0.5363957597173145,0.47027411890352455,12.88732520675577,12.06706406246852,0.4877557203011911,0.5198221834130495,34.78032900188906,35.7967309489634,0.4931542565523906,0.5142392180816993,26.227413487268695,26.704423209091637,1.1997401498391476,0.35118897373406854,1.3899727915469589,1.3476163438302264,0.8340540328188863,-0.163812103614275,-0.1478865261303229,0.0001772876453296362,0.011808085601644685,1.0595569607595527,0.8391437948967724,1.1685918046735089,1.0708259871574357,0.70857735968782,0.850681049618518,-0.6103784480094031,6.848062062884147e-05,0.03568246426418934,1.1133568186356317,1.9527830283430754,3.890653329662118,1.1096151653047144,1.7462926562206293,1.307595457041664,2.3954010227454696,1.7669585421383942,1.7057854794740566,3.0850226453708154,0.7333837204097902,92.01714438789178
237,2025-05-30 16:39:35,651.677559912854,37.06504016949933,11.38624313167831,35.43338896450995,,,,,25.374917987692022,25.402655905330334,0.05687634874899771,0.03893784219159748,650.0,29.651999999999997,0.04561846153846153,40.0,1.488415227650603,620.0,680.0,3.485838779956427,33.33333333333333,550.0,800.0,8.660377358490566,117.1875,,0.012206885948116994,0.01267350430247664,0.006059624836919034,0.0007528175031464152,0.03069792033553652,2.091466822378459,0.42468242358949176,0.2030548221207421,-5.1061073889164685,17.962390250807573,49.245501747343056,0.36537911928204503,2774.1785110566675,2.801887800403618,4.150104513300538,551.8770085793996,0.6971677559912854,0.6666666666666666,0.92,0.2882882882882883,50.170648464163826,50.16675116661019,50.18151808013399,52.0,0.5351767588379418,0.4828755510342489,12.93393412998437,12.48193442899439,0.49314689915288995,0.5130337474643016,34.523002232705124,35.206360168579955,0.4959709355001811,0.507488737070702,26.064215876145685,26.300858264031174,1.1556826645659966,0.43711049453144524,1.340276396731526,1.3297657482183058,0.6831480320250378,-0.21305618690669892,-0.05341029471583147,0.00020325013139892753,0.01630922361481742,1.0540603554566226,0.7570628092217606,1.136462621030637,1.08280264874788,0.5603211457702253,0.47458820764482423,-0.5658228844591165,1.2633572496865938e-05,0.02174694581781966,1.1169221002220713,1.9546778623086236,3.86982116930395,1.1150957658291583,1.687529734555545,1.3057345335354738,2.398683320760625,1.764573160622312,1.7159016227706332,3.2065074881770275,0.7513108134926765,92.07007221182134
238,2025-05-30 16:39:40,653.5589519650655,36.99551810847559,10.971947373322154,35.62079224377406,,,,,25.0219202146452,25.048237634580587,0.056731734637813364,0.038299285052392586,650.0,29.651999999999997,0.04561846153846153,50.0,1.4867184793552388,620.0,680.0,3.282275711159737,33.18777292576419,550.0,800.0,8.660377358490566,117.1875,,0.012755627587237691,0.01290718706379685,0.005837493730409039,0.0007220798606770616,0.03219834174844002,2.2110836704731556,0.4008649626939932,0.19124104493308589,-5.143453730007563,17.711778688184015,49.19305263379787,0.3634955173146692,2722.1806506548724,2.7928041192261097,4.141887052643674,549.54624013191,0.6971677559912854,0.6657754010695187,0.9196787148594378,0.2882882882882883,50.73446327683615,50.72228018174053,50.746692475012956,51.86170212765957,0.5411558669001751,0.46837242359630427,13.029973897910146,12.021544986383782,0.49558720928329336,0.510969301237585,34.62671090893427,34.942056594606726,0.5008009531613136,0.506080959596946,26.13291146895227,26.118793689969486,1.1305008470431204,0.6392084312100164,1.1896940662148685,1.2636283547566143,0.7687933707318217,0.17954862011760753,-0.06618275203431336,0.00014282186759070407,0.027693571783640385,1.0849853898694872,0.7466490553027292,1.1997144387412286,1.062207310337366,0.7493843302160172,0.8480240629160885,-0.6199970606023536,4.278935477967797e-05,0.025435333929146993,1.1180812351774083,1.9616585060234524,3.866645346567827,1.1196538139230239,1.7365319935883037,1.35299636122603,2.3779519100825253,1.7656548052219667,1.7209214785006612,3.207126052685936,0.7540611900377784,91.80503123642802
239,2025-05-30 16:39:45,654.3107221006564,36.76413960322719,11.718644378369758,35.16034995629055,,,,,24.969279370472464,24.996462059279715,0.056224041466134814,0.038161195479586366,650.0,29.651999999999997,0.04561846153846153,50.0,1.4846182944796114,620.0,680.0,3.063457330415755,32.96943231441048,570.0,800.0,8.327272727272728,117.1875,,0.012147811723544736,0.013056120724359053,0.0056721099373890005,0.000730177069098996,0.031606219454391786,2.3018102378969543,0.4130870743082454,0.19007525044847323,-5.17219410746677,17.675167827788933,48.92012102404625,0.3658852118368823,2700.5082116992226,2.7916958367645965,4.138415612182683,545.5237106184434,0.6914660831509847,0.6595744680851063,0.9153225806451613,0.26785714285714285,50.45351473922902,50.448110515614495,50.45807597876571,51.86170212765957,0.5358664772727272,0.48399577910657743,12.863146050472622,12.296698386509737,0.49122799340549134,0.5106097962423086,34.23785519923044,34.95586292090327,0.4952209055518754,0.5058467211295921,25.85600407524948,26.126842098249764,1.1731657102740225,0.6778998948323394,1.481108513727471,1.3354366347778284,1.8539917531416945,0.8539917531416945,-0.2607207789870722,0.0002714350844320517,0.02462156982416746,1.096122204561188,0.7693877672444414,1.2014793640368462,1.2069786047203883,0.7602472756586796,1.012570505948525,-0.469709363244063,5.076129133753125e-05,0.025983108283443978,1.1254997237000257,1.976063187226001,3.862502363308768,1.127264130131827,1.7785160552344763,1.365827293237286,2.3620090554862188,1.76988902676394,1.7234426265690161,3.348159277535071,0.7540611900377784,91.69955186944017
240,2025-05-30 16:39:50,655.4166666666666,36.30088153730677,10.04911265323284,34.90865857243365,,,,,24.669240534954223,24.69560046614975,0.055402644022397377,0.03764355790359335,655.0,37.065,0.05658778625954198,50.0,1.4860269840829965,630.0,680.0,2.850877192982456,32.01754385964912,580.0,800.0,8.160714285714286,85.9375,,0.011243308260985496,0.01327149922857859,0.0054646541698210324,0.0007584408329111688,0.030737902492296285,2.428607340217694,0.4497250860981035,0.21286421297336997,-5.209454440267021,17.46242655508815,48.240890552771624,0.3620582244836847,2646.487102016745,2.795375726445288,4.1296398917061925,538.3947930874497,0.6849015317286652,0.6515957446808511,0.9102040816326531,0.2631578947368421,50.68965517241379,50.67613822944866,50.70317019477953,51.86170212765957,0.5484104046242774,0.46451133407655143,12.929834366305242,11.738918084823567,0.4957464316796099,0.5190698652626884,33.87173724329364,34.755874853835174,0.5013201803027466,0.511274643071536,25.604108437171554,25.93979729346326,1.1588241294424313,0.6289432579601868,1.3444459849310215,1.320174711642811,0.7802147302956985,0.3006988297828084,-0.09964837595154591,0.00019464434255187882,0.023817341663733182,1.0443088228063568,0.8014356535817644,1.1498142982780015,1.131804512728318,0.5606756838256226,0.611533724385922,-0.5042967262884145,2.4217007977209187e-05,0.02674153941205389,1.1388566650889933,2.005194206415304,3.836915394300098,1.134519567115163,1.7312329641670492,1.361144132486975,2.3412746215387057,1.7673405202414296,1.7129519456051536,2.719824561031307,0.7360741678470617,91.54481881754609
241,2025-05-30 16:39:55,656.8791208791209,36.80218647671642,10.684986761296335,35.13266660874734,,,,,25.384948382764232,25.4115184109079,0.05608210478567209,0.03866890416749788,660.0,29.651999999999997,0.044927272727272725,50.0,1.4823893906940973,630.0,680.0,3.5164835164835164,32.67543859649123,580.0,800.0,8.142857142857142,85.9375,,0.010972724666862652,0.013403969787644802,0.005395076792522761,0.000797281658796696,0.030463830573849358,2.5297102418028405,0.44718397429242424,0.18841406969337043,-5.222268446356148,17.968656988599772,48.86162156803119,0.369127611608594,2747.9231112445696,2.773648721344119,4.145974686664672,541.3270293499379,0.6813186813186813,0.648936170212766,0.9098360655737705,0.25217391304347825,50.79908675799085,50.751000543567535,50.85001078088496,52.26666666666666,0.5522548317823908,0.45704347826086966,13.299332565810783,12.084504221967439,0.4902449940714162,0.5227503560470163,34.10114646747187,35.25919307226555,0.4973791700610384,0.5148610467482754,25.818571234371163,26.333622095895034,1.188655871747857,0.7262702027996903,1.4276169404254695,1.3081364060866632,1.6724918921123724,0.6546839514240315,-0.062495232617645606,0.0001568644283213731,0.027046190136005805,1.091527430334242,0.7497982089632607,1.1918815241970222,1.1189492249069968,0.8309955797915345,0.9482507914458616,-0.6137219069923775,3.626855059226769e-05,0.024799811781749864,1.1310388783999885,2.0315574554474023,3.8615193651211315,1.1314089666028866,1.7749497180232412,1.3583802667824734,2.310572693972112,1.7725453980128758,1.7167125760717237,2.998244567767115,0.7956453453594031,91.34100642398286
242,2025-05-30 16:40:00,657.6043956043956,37.360276886101204,12.156482005244063,35.38325219087746,,,,,26.269528083444367,26.29738855153702,0.05681269336979396,0.03998339224582588,660.0,29.651999999999997,0.044927272727272725,50.0,1.491653735961666,630.0,680.0,3.5164835164835164,32.747252747252745,580.0,800.0,8.125,109.375,,0.010285294229590049,0.013408682642069082,0.005254684885693713,0.0008103745217457422,0.029759036279098587,2.551757704553371,0.46468577307690884,0.21134971767006477,-5.248635241114598,18.595061772289306,49.6405376667166,0.379774116181722,2860.3538463666982,2.7998923353223937,4.163389871768752,555.9526437372896,0.6813186813186813,0.648936170212766,0.9057377049180327,0.2608695652173913,50.45351473922902,50.418813181349556,50.48948244932646,52.3936170212766,0.5452322738386308,0.5068624321736355,13.12614969210371,13.239181930536548,0.4884904700319793,0.5221234153739838,34.69481088098321,35.502860135114716,0.49475813861816553,0.5167915334865613,26.217372146111888,26.624020990398453,1.1533290314581661,0.5802669501911994,1.302471775313494,1.3062267983473752,0.7574353197852961,0.02969304664511352,-0.065721083000955,0.0001536112599868949,0.024321529964018703,1.0397186209190339,0.8193029467510371,1.1392772619148754,1.1349853938088668,0.6576699978983243,0.5243742154458135,-0.48866765270656864,2.2135927378967883e-05,0.02843590819618025,1.117157250346886,2.043073897508961,3.8865112685792993,1.1238250200227404,1.9002730477428842,1.3708363570329343,2.365364224452923,1.7769976555393436,1.7155056760441727,3.531028318673601,0.7762393613262468,91.24026603388926
243,2025-05-30 16:40:05,659.0728476821192,39.989229634793794,13.988314567234182,37.19826461367577,,,,,25.499436051372847,25.52606643986481,0.06067497663639331,0.03869797883114753,660.0,44.477999999999994,0.06739090909090908,50.0,1.5682397663316496,630.0,690.0,3.7527593818984544,33.480176211453745,580.0,830.0,8.254545454545454,85.9375,,0.010109529619887514,0.01337181088685214,0.005234924480903344,0.0008272782429784779,0.029375921929126685,2.575634932269315,0.4551962971277433,0.1887147293842384,-5.252402860570119,18.04965467664676,53.17880916831232,0.355573207682315,3015.4864277420393,2.9462507799175137,4.186327488077997,626.7124319488993,0.6806167400881057,0.648936170212766,0.9016393442622951,0.2631578947368421,51.00446428571429,50.902095660672366,51.118946902421825,51.86170212765957,0.5485733695652172,0.454481792717087,13.366018198322044,12.156591014744974,0.5145962470506128,0.5112212900541023,37.35656633927523,37.848021030155685,0.5182426913655913,0.5048521417648526,28.049615230413377,28.10921024325377,1.1828837056455277,0.5869804834352548,1.3458191417714946,1.282543696168226,0.8034961301081704,0.35678487019160343,-0.33960515056378715,0.00013995665691461534,0.020641897216979184,1.0447517330390648,0.7207767402055767,1.1332792650577566,1.1085988599918366,0.5879671231167078,0.4719650665522934,-0.5297490265127566,1.4254485993436456e-05,0.020926889493789444,1.096173671833876,2.049588578530155,3.949877164446306,1.1085574444099424,1.7838129114455366,1.3721553083686078,2.363779360240448,1.8044142384401247,1.7072906684113152,3.1197755302884236,0.7971112070020429,91.03697749196141
244,2025-05-30 16:40:10,660.1103752759382,40.745269555501075,15.914477479163452,38.19999938842954,,,,,25.6852976092226,25.713605161754632,0.061735256902274355,0.038935349407635655,660.0,44.477999999999994,0.06739090909090908,50.0,1.5884587108237755,630.0,690.0,3.9735099337748347,33.554083885209714,580.0,830.0,8.711538461538462,85.9375,,0.010236261738139846,0.013277116072499418,0.0053147395855743474,0.0008317017956052095,0.029162746438275287,2.571847287872722,0.4552766009402179,0.18871285319437262,-5.237271264517578,18.18226457863011,54.67294880078411,0.33737251180898226,3119.0053193332355,3.011033751592174,4.200986225390657,658.4883765529274,0.6777041942604857,0.6445623342175066,0.9012345679012346,0.26548672566371684,50.445434298440986,50.43157193528213,50.47664414005734,52.3936170212766,0.5411328388401888,0.4617706237424548,13.347645681273379,12.355596055240154,0.48236595011158107,0.5286148532610568,37.80872608399829,39.74006202389178,0.48833146892805235,0.5217922770903114,28.350913112125834,29.419775369493756,1.1399018294354928,0.6238238391421271,1.3001672204625727,1.2755165500804297,0.8435101687956648,0.3092338582072891,-0.2307645332976173,0.0001618891496135449,0.022392881919672893,1.0492036926509472,0.7682802048631268,1.1488848404761796,1.143331504932687,0.7444188984121629,0.7271927688337643,-0.4889517703871682,3.525581505783055e-05,0.025885866833630665,1.072844326424022,2.0627094168015643,3.9822073195132823,1.0691240855137623,1.773998210111722,1.3873209843078558,2.3770189577443963,1.813362539787375,1.7133886782389816,2.933803053911941,0.7791052750592702,90.8938902451259
245,2025-05-30 16:40:15,662.4168514412416,53.78819158869901,20.615922173635663,46.2873830625242,,,,,55.2518924438365,55.312109127318074,0.08120328189075468,0.08341301063665364,660.0,44.477999999999994,0.06739090909090908,50.0,1.5846972593905961,630.0,690.0,4.867256637168142,34.070796460176986,580.0,1380.0,8.711538461538462,179.6875,,0.01046251516487799,0.012963831620626021,0.0053978426385135935,0.0008679659559622202,0.028959436651548796,2.5318809738373207,0.4476548275649104,0.18930101793703438,-5.221755916624216,39.11156744565693,65.0091660677617,0.6016315823047069,7987.846100944165,3.00306497877869,4.609399798840153,655.0075781996965,0.6777041942604857,0.6436170212765958,0.8966942148760331,0.2631578947368421,51.16772823779194,51.024420056016375,51.326826196940324,52.3936170212766,0.617533718689788,0.5229269851413962,27.75487945088815,27.558019603092752,0.4931349568537701,0.5298875634716882,45.52361311556579,46.455623886082826,0.4931228422722633,0.5188897603404081,37.672271072461,38.19404034067117,1.1430519458648087,1.8606453029909271,1.2026582551762655,1.3085763377662305,0.7688615504182348,2.1419539688218743,-0.02719267497563745,0.004771205258619374,0.3143292181696406,1.0265311917715454,1.010563120304159,1.135912519532011,1.1882505431130044,0.6311514082866463,1.113168514518665,-0.41085696813384476,9.50159953911361e-05,0.0500908797496564,1.0667505922305667,2.0614230361771577,4.017991205835708,1.064818736447375,1.869420957220629,1.3957295829495855,2.3662132203154416,1.8114590005576352,1.760732288215143,2.594149429581316,0.801543965750489,90.57740585774059
246,2025-05-30 16:40:20,662.6548672566372,53.48245044445175,20.52028674146574,46.60339151664333,,,,,54.407924259451605,54.46847390774914,0.08072214835664047,0.08210799344491441,660.0,44.477999999999994,0.06739090909090908,50.0,0.9856202443302148,630.0,690.0,5.099778270509978,34.368070953436806,500.0,1380.0,8.528301886792454,164.0625,,0.01072173334999342,0.01185145505941181,0.005479330083191027,0.0008332397689392033,0.02880855056865397,2.1875266118049534,0.41440737350088613,0.19019804797652615,-5.206772433087937,38.51502726105194,65.13483055894585,0.5913123121767628,7881.218534234605,1.695530193545947,4.603563479961668,441.7083139308556,0.672566371681416,0.6402116402116402,0.8966942148760331,0.25217391304347825,50.560747663551396,50.62497964751444,50.43807207261255,52.254641909814325,0.48732075471698116,0.5156414498420815,26.814964409045032,27.649170235277072,0.4938572927758678,0.5072360020285792,45.76893322659832,46.389353827501104,0.4921703368050576,0.5093385143583027,37.50891603978424,38.186704251823194,0.946329163971552,2.148334368064545,1.2785477031114683,0.8070804069536448,0.8761516353752206,2.350096844352648,-0.809260086755132,0.008701324130082263,0.4246018753868693,0.9852096286760185,1.2164705700758232,1.1137153412374525,0.9604850814870309,0.6909267436900715,1.2916640834432003,-0.6458721907220605,0.00022362599307819417,0.07648254778695714,1.0455866558260802,1.0491475614510561,4.016008008762998,0.8867392526270542,1.7071336382794344,1.3962339654807294,1.5124836834817708,1.1000904028319787,1.7621683274825557,1.7889220031910609,0.801543965750489,90.54487179487178
247,2025-05-30 16:40:25,662.949002217295,53.463459141872164,21.608064641358972,46.48414688046925,,,,,54.5995522977168,54.66009792682372,0.08067728468225097,0.082372376016158,660.0,44.477999999999994,0.06739090909090908,50.0,0.9816467035684221,630.0,690.0,5.543237250554324,35.033259423503324,500.0,1380.0,8.351851851851851,164.0625,,0.011052535044126345,0.011899272791631343,0.005680949965896136,0.0008447244592229083,0.029256593108165946,2.361694791829233,0.41650824438804757,0.194176743166671,-5.170636812716459,38.650525904377794,65.10170597428447,0.5944398933522342,7896.7042938574305,1.6885831010510743,4.604415985349746,439.71856223109006,0.6762749445676275,0.6445623342175066,0.9053497942386831,0.25217391304347825,50.32080659945003,50.38117789283489,50.21049261951389,52.51989389920424,0.48505404398061874,0.5160808894858593,26.918585493834254,27.753689134582892,0.4941836373729748,0.5066864657763918,45.72501794809066,46.34063933966573,0.49180066314370907,0.5091131443900889,37.51481182179062,38.17389629265227,0.9902343375677105,1.7926215906114553,1.2386315236713157,0.7688862051192364,0.7964733479317001,1.8600607083605025,-0.8238091203027442,0.006340824712648596,0.3200324705339569,0.8850079609711587,1.3161536172554507,1.095540960451719,0.8276373998046738,0.5009199229545738,1.33030238962548,-0.7048313089417294,0.0003169274186780073,0.09467341309071683,1.053078872948817,1.0625102693813329,4.01866151795796,0.8919219009710833,1.7125600054024666,1.3988614081799773,1.521462195813705,1.1058799474303622,1.7468365782265232,1.8314518759139047,0.8406436713968545,90.50469915381785
248,2025-05-30 16:40:30,665.5011135857461,65.95321070446208,28.336767840150845,52.97463805321904,,,,,73.55300566840992,73.63520324382453,0.09910639761145741,0.11052273868048611,660.0,44.477999999999994,0.06739090909090908,50.0,0.9841803313627826,630.0,690.0,6.45879732739421,35.18930957683742,500.0,1380.0,8.351851851851851,164.0625,,0.011311756078899136,0.011654848148350772,0.0060447906686602335,0.0008736105664524438,0.02988190634088194,2.311455152630885,0.4328804312551371,0.21644779703464256,-5.108558424355299,52.067951547757986,77.49261394045489,0.6719085716706737,12675.954606169531,1.613546000047136,4.8099507852319165,468.7804758015419,0.6733333333333333,0.6409574468085106,0.8962655601659751,0.2543859649122807,52.666119770303524,51.98442290790576,53.54502431402064,52.3936170212766,0.5920734415872859,0.5047654412674837,36.641744631832545,36.99265299811472,0.5242194020088191,0.5274776617411028,54.07438611732723,55.51726317516346,0.543823602076677,0.5144391576858454,46.18372920124228,47.17320683555066,0.7842490621324656,1.8601281467178905,1.193506797305353,0.713756118376002,0.792356525101598,1.577790250463113,-0.8251136527248109,0.006240789400833805,0.3361673834214541,0.881748338427146,1.446392640621481,1.1223821046004265,0.8148171992331441,0.6292664986908321,1.5959691414691553,-0.7013628227215312,0.0004641072612341416,0.1158788201714545,1.0487259780580658,1.0644585973057068,4.056367924636044,0.8395595273561066,1.7225682453264075,1.3913280444811504,1.5221524566345754,1.1040502885609473,1.786379446680434,1.8796942429150678,0.8241514669468334,90.15762524681234
249,2025-05-30 16:40:35,665.478841870824,66.19478170550735,27.802871639663095,53.89534801230642,,,,,73.54845341677824,73.63062216424647,0.09954936021494105,0.11053995515789036,660.0,44.477999999999994,0.06739090909090908,50.0,0.9005735534517738,630.0,690.0,6.45879732739421,35.4120267260579,500.0,1380.0,8.314814814814815,164.0625,,0.011554939024265451,0.011157269824228766,0.006575267044882235,0.0009592525264424326,0.029578350527633995,2.149273362675586,0.4196301432414898,0.23142556960127272,-5.024440086551869,52.06471223532318,77.84853046826916,0.6717449432562695,12725.497908229367,1.4961527203678195,4.811644893863797,465.89316254695194,0.6770601336302895,0.646112600536193,0.9008264462809917,0.25663716814159293,50.03903200624513,50.08106403055411,49.962931041735786,52.67379679144385,0.4949028024268438,0.505841073271414,36.62342375837129,37.01230220536662,0.48683166253431237,0.5156256314070323,54.180248891623215,55.90075425350531,0.4893407330166939,0.5124718878368951,46.230603507190715,47.39851709244948,0.7922903548120694,1.5243436349638813,1.2511431088996767,0.8768116777511554,0.9183903797408064,1.3734597560071524,-0.7575515122418588,0.004423468090915727,0.24599993605089687,0.8507108177190565,1.5825457115914763,1.119610637579948,0.797161678892677,0.7011558083588412,1.413454043721459,-0.7279545382327071,0.0009728408152410594,0.165007158445215,1.0471140618490105,1.060184054213412,4.063539884223892,0.7638313651688672,1.563936214875188,1.3977076168071643,1.5243191716574627,1.1054151467965996,1.7947627229839511,1.924868113591106,0.8241514669468334,90.16064257028114
250,2025-05-30 16:40:40,664.9111111111112,66.32578029245579,24.294089396104273,54.36189448238616,,,,,73.55604034631399,73.63824131558556,0.09978803454231062,0.1106272597155992,660.0,44.477999999999994,0.06739090909090908,50.0,0.9029147671683515,630.0,690.0,6.6815144766147,34.96659242761693,500.0,1380.0,8.333333333333334,164.0625,,0.011028261143162379,0.011201605597660329,0.007761054543452882,0.0011580726114097505,0.030092718737112625,2.0875768499432215,0.37223641025979015,0.26089068783943037,-4.858637059245012,52.07009978890195,78.13108391837567,0.667370969551271,12764.863605973254,1.502516159544396,4.81298628864067,469.572864600315,0.6777777777777778,0.646112600536193,0.9004149377593361,0.2543859649122807,50.11727912431587,50.16772992179782,50.029925911094054,52.81501340482574,0.49535871941911785,0.505135503031803,36.647849554339395,36.98962911671856,0.48512076701445583,0.5153921824862645,54.418777652415294,56.06302625685884,0.4882742563462996,0.5122365540038709,46.36940072341511,47.4775814701308,0.9127746066219574,1.467947454053779,1.2430172006931721,0.8178693536311359,0.8867426154203129,1.2940544918385388,-0.7993294709491382,0.003695556128280566,0.220635889929031,0.7036852660399768,1.6243203948983955,1.0555129197115924,0.7590650929370286,0.8893676790180023,1.5337831877698545,-0.6964733162081351,0.0013304010486343866,0.18819959251043358,1.0452518044913774,1.0599416534564052,4.071270999929818,0.7618664232992037,1.5387145384469034,1.3950291499589027,1.5259687732678864,1.1100965220022245,1.7569641977259072,1.8908039214726708,0.784906158996984,90.23762574780254
251,2025-05-30 16:40:45,664.6888888888889,66.72545292319116,22.315457722110317,54.69791976222441,,,,,73.50747046583575,73.58961711657001,0.10053724574913286,0.1107444254896506,660.0,44.477999999999994,0.06739090909090908,50.0,0.907858015853124,630.0,690.0,6.6815144766147,34.88888888888889,500.0,1380.0,8.49056603773585,164.0625,,0.010761430452905,0.01101684649535976,0.009433631024510959,0.0014153969704856556,0.030914733805631693,2.0427821536886097,0.36088856115781337,0.30515000012041016,-4.663474206130325,52.03571728804828,78.82264311585628,0.6654152866208815,12884.16074620746,1.5149410216522918,4.8170262445164145,477.6466219650772,0.6711111111111111,0.6370967741935484,0.8949579831932774,0.24347826086956523,49.921875,49.94946569316353,49.86371225540628,52.94117647058824,0.49525734081161327,0.5054473423572136,36.6127323484928,36.97601859020245,0.48561064454723274,0.518773384674474,54.780593205808145,56.67535333625554,0.4885111096955056,0.5147223314119048,46.58971759171578,47.84845010217593,0.956773424049386,1.3979204820502358,1.263020513446035,0.947264332013519,0.866505196116024,1.3372550505104503,-0.7888516678244463,0.004479068188161172,0.23539729704262188,0.7290826105554269,1.550944501900427,1.0818592872540198,0.8270552924458788,0.5800245321821302,1.2290786057207772,-0.6658591595777822,0.0014372824310238863,0.18189680810768405,1.0453647719299064,1.0730354468784602,4.100155417587219,0.7647606355459928,1.4817829285852833,1.389316007120033,1.5188252018772213,1.1181521781522215,1.7563582857944482,1.9043384033119473,0.7652835050220596,90.26779445688877
252,2025-05-30 16:40:50,665.6347438752784,76.45966633384502,22.906743448414876,59.25969506000156,,,,,94.16574483324602,94.26739088115819,0.11486730077925657,0.14146759269959333,660.0,44.477999999999994,0.06739090909090908,50.0,0.9086388658561565,620.0,694.0000000000003,8.017817371937639,36.30289532293987,500.0,1380.0,9.16326530612245,234.375,,0.01050252592731363,0.011055981235600192,0.010414181343057676,0.0016734162987188776,0.031185699770034044,2.006845826471427,0.3552070639284124,0.35301707902521545,-4.564586811001676,66.65711133682987,83.21725546509484,0.8010010780130684,17426.4831331045,1.5026213879595405,4.948179860239023,475.469032405473,0.6703786191536748,0.6363636363636364,0.8949579831932774,0.24561403508771928,52.125435540069695,51.48620474123366,52.879756077255976,52.67379679144385,0.5726705503149304,0.5334022292758543,49.72519560846167,44.39501352574164,0.49886634608018154,0.5330293737181425,57.12679867083293,60.51149048540266,0.5262205276902813,0.5191067654799892,53.55402041246602,53.06862400098461,0.8875599584605759,1.554509246760241,1.238826206797683,0.8943108740458909,0.7389481839211065,1.173230883611661,-0.7817076800584892,0.003994323824568589,0.2375014078829143,0.7790680488010812,1.21160332965898,1.0752490838492317,0.820270563272739,0.7750633899754353,1.0346069430527622,-0.7358142873311727,0.0011680433107339567,0.12078005792864961,1.0441494288448916,1.0847935519605136,4.1809477406444735,0.7628109668681967,1.4597005035036554,1.3868100545143875,1.5173383399467304,1.1239949038506734,1.8111211572217552,2.04108432495387,0.7638610365721432,90.1395255462241
253,2025-05-30 16:40:55,666.2583518930958,82.01037106644654,25.21599442845088,63.177032748634836,,,,,109.99695612671678,110.11965214089551,0.12309692956813525,0.1652235825668936,660.0,44.477999999999994,0.06739090909090908,50.0,0.7815053366146357,620.0,694.0000000000003,9.131403118040089,36.97104677060133,430.0,1380.0,9.16326530612245,234.375,,0.006624549790291918,0.010977938068728831,0.011851486275336042,0.0019819695744591986,0.030481793192436674,0.9948684668428605,0.3601473836996159,0.38880541576132416,-4.435301995186948,77.86635277073093,85.97192013125361,0.9061072520799487,21021.801569915664,1.1916390543320143,5.029640042317468,397.6203049204415,0.6770601336302895,0.6443850267379679,0.8962655601659751,0.25663716814159293,51.44884683619162,50.73832743027149,52.26371549059047,52.94117647058824,0.5716789833276895,0.490801606865699,56.72256750561922,53.346614677401504,0.47699124014011973,0.5443989697848529,58.12440780663823,63.401890422184714,0.5188645933440935,0.5151634905487137,57.42739181064132,58.56275302622327,0.7255639203270057,1.4618982203833744,1.178361982871179,0.8529146233707844,0.858173712150343,0.8974225571610965,-0.7215809668421774,0.004572877910251388,0.2557549512437054,0.7905020897659703,1.2081897860377158,1.1062288331590318,0.941097673953029,0.7457744271618285,0.6799575173763373,-0.6386675045230471,0.0011518408475854121,0.12083659160305084,1.0299017529558747,1.083187818342478,4.203953150429746,0.6882969541033166,1.3607245279551525,1.3871013612326608,1.5254229122374285,1.0132725869386332,1.8418233173531398,2.1811773708058615,0.7652835050220596,90.05515627611565
254,2025-05-30 16:41:00,665.4,81.81813592092094,24.85170885153253,63.01690579562501,,,,,109.8192508494884,109.94201346484599,0.12299565765532845,0.1650892046049963,660.0,44.477999999999994,0.06739090909090908,50.0,0.7453946585985967,620.0,690.0,9.131403118040089,37.193763919821826,430.0,1380.0,9.183673469387756,234.375,,0.006866333512429291,0.012080965103420466,0.013551943718788786,0.0023441173178559488,0.03280223992548154,1.961185333785014,0.3682969556611191,0.4131408022615346,-4.301225294062999,77.74074325829531,85.88244717485692,0.9054615925745656,20968.97569550658,1.1050870212987691,5.028547326280533,379.63031092124606,0.6733333333333333,0.6409574468085106,0.8921161825726142,0.25,50.05662514156285,49.798502321526996,50.3344438432732,52.53333333333333,0.5323631785529142,0.4679366137213522,56.70777558748479,53.17755493620676,0.4566011110879446,0.5437963423628087,58.00745240965225,63.3319050533301,0.49071430310149955,0.5095753307629013,57.35580905386416,58.46456123046757,0.7356047133257952,1.4277153737753014,1.2822472098478173,0.8926526317940295,0.8695811326372298,1.080919099962316,-0.7270654786860762,0.004664761711806857,0.25458472884683353,0.7706755356178528,1.3879781344828688,1.1207929224530444,0.9308884366666541,0.6476943510943522,0.5589496278898183,-0.6480367338945712,0.0012972349619255173,0.15100090718666143,1.0395017158034214,1.0893271708924301,4.183054174340663,0.6671550928569008,1.3572139805279884,1.395497813258693,1.544765868706654,1.0081888300455055,1.8230793135991723,2.1427712818479088,0.784906158996984,90.17132551848512
255,2025-05-30 16:41:05,665.0888888888888,81.81828174757763,22.95875072472547,63.99132858402483,,,,,109.82636458129194,109.94886945764554,0.1230617998950233,0.16530497097072958,660.0,44.477999999999994,0.06739090909090908,50.0,0.7449785127597197,620.0,690.0,9.555555555555555,37.333333333333336,430.0,1380.0,9.0,234.375,,0.00644263274866294,0.013606144405546649,0.015416952052486969,0.002899841912630838,0.03605749875995797,1.9813903089125369,0.3773457636683424,0.42756576531058693,-4.1722875923504805,77.74559117729564,85.78258957723612,0.9080798017645269,20951.96671193167,1.1042089316014732,5.028194905381072,378.779123504476,0.6748329621380846,0.6426666666666666,0.8921161825726142,0.25225225225225223,49.94369369369372,49.67726155286802,50.23594948235197,52.53333333333333,0.5321322985957132,0.4682902455724781,56.69396631525095,53.202790460197456,0.45653904552076674,0.5449404812407844,57.931959394030855,63.310767984666384,0.49053325360668715,0.5102409703873095,57.29182170795252,58.47559429180663,0.6753027151902675,1.4689592561131541,1.1751264496999294,0.8046962407256542,0.7297097430076871,0.8148925594902154,-0.745339312248817,0.004185392463135257,0.23951879043356405,0.7613721520202319,1.162839970823812,1.097840120130405,0.8578577199919022,0.9168217605236308,0.8095713915076419,-0.7065124944629606,0.0010805822367667872,0.11992167320318001,1.041534032710938,1.0903159894805445,4.177373497882971,0.6709260369320212,1.3484013949647606,1.3969360350284232,1.5472395126632652,1.0068703413149684,1.80520333332361,2.190737934157268,0.784906158996984,90.2135052958669
256,2025-05-30 16:41:10,663.9689578713969,81.88821213889777,20.034804542155584,64.59997695145682,,,,,110.09916566724567,110.221973451009,0.12338756223841955,0.1658952772484867,660.0,44.477999999999994,0.0684276923076923,50.0,0.7444983278314226,620.0,690.0,9.777777777777779,37.55555555555555,430.0,1380.0,9.183673469387756,234.375,,0.004672173652782296,0.014946877395079668,0.01679200893756172,0.0033781872123336385,0.038714889855131586,2.000167247701962,0.4187478108831953,0.4337351597898443,-4.086852164212773,77.93870486297207,85.78517995959423,0.909458483085751,21004.643941933064,1.1023174052074274,5.029285433999842,377.68639412925137,0.6733333333333333,0.6419098143236074,0.8884297520661157,0.26126126126126126,50.1952035694367,49.944030760582066,50.45944643141249,52.51989389920424,0.5343379582835613,0.4680744928500167,56.965685159701934,53.195856108750206,0.45578754016889916,0.5470601021507244,57.76451552977096,63.449731375680564,0.4905745706129261,0.5105040112292474,57.364422183916965,58.54770498827806,0.7358573629080347,1.419564245965033,1.1758294980659671,0.8353825066836988,0.8031480673586646,0.9718446776225381,-0.714783084488684,0.004295744677571929,0.24061960673378519,0.7752333633557869,1.220380643444933,1.1046879415950526,0.9406613142536864,0.7875963465579421,0.649822220690611,-0.6422691119472421,0.0011862507450517146,0.12693548120488488,1.0425161133706076,1.0874491013897323,4.172446576164647,0.6720379330740313,1.3182368796091415,1.3890266178345023,1.5435037707149104,0.9984546077355085,1.8102927547112808,2.1550874836226543,0.8210938185736717,90.3656703957255
257,2025-05-30 16:41:15,663.8666666666667,82.01080921749154,21.1101130074351,68.2407549968556,,,,,110.29858465899632,110.42061716399482,0.12363256484181372,0.16634228952084046,650.0,44.477999999999994,0.0684276923076923,50.0,0.744983961369595,620.0,690.0,9.555555555555555,38.13747228381374,430.0,1380.0,9.204081632653061,234.375,,0.003460581672276288,0.016614534362163817,0.01821074637816926,0.004176530371427816,0.04162925421381749,0.9123477982253954,0.40411019481768296,0.44293436735827757,-4.005743398813533,78.0791671794644,85.95806290157962,0.9133744822074517,21044.07286829075,1.103045216589038,5.03009990689996,379.2625204433882,0.6755555555555556,0.6445623342175066,0.8930041152263375,0.27522935779816515,50.13912075681692,49.88702744774573,50.40767614250245,52.785145888594165,0.5344786403307302,0.46980601322471044,56.94216991198802,53.517684357373874,0.453453484250366,0.5513820483186639,57.82281546004232,63.61541822791883,0.49024583014054357,0.5129751502246612,57.38418206270707,58.647524642800924,0.7300446606107301,1.4395069485160268,1.2651225119960694,0.879057608545033,0.8838250734242545,1.0548701361002415,-0.7386676514763648,0.003930049642977181,0.2286181714621215,0.7762668217000178,1.3049802576147216,1.1104578260696298,0.9213018769079475,0.7129949790205217,0.8081394601770728,-0.6388402523447109,0.0011950563472198908,0.13082033616275496,1.037573209822824,1.0844490264493782,4.181190194973841,0.6720175374848745,1.392511673557977,1.3875951691862003,1.5452491321302753,1.0036775813343137,1.8132532540750206,2.2818234914305378,0.8210938185736717,90.37959429604338
258,2025-05-30 16:41:20,664.8,81.75554910495744,21.5371424454279,68.29197554676293,,,,,110.21184957033562,110.33487687548953,0.12317941908203317,0.16582929832380847,660.0,44.477999999999994,0.0684276923076923,50.0,0.7428085406325815,620.0,690.0,9.35412026726058,38.44444444444444,430.0,1380.0,9.204081632653061,234.375,,0.005592523232424608,0.018244126132969267,0.019445493726313313,0.004980985453092068,0.04562259336642889,2.0701082093815084,0.41083476648267775,0.4295922567194366,-3.9401399207832544,78.01853964004142,85.51771750437896,0.9153594109939232,20932.177782036186,1.0976090010019086,5.027784524612899,375.46006591177934,0.6762749445676275,0.6445623342175066,0.897119341563786,0.2702702702702703,50.30709101060861,50.081768463573574,50.54435332268341,52.51989389920424,0.5345553492305712,0.46577632449114564,57.03525343354045,53.234318042496454,0.4549734625907069,0.5480152608678699,57.68317196334138,63.14645605159088,0.4910692847207189,0.5105228817502122,57.32506435375298,58.36757075058982,0.7158433197372598,1.4483500692650666,1.1637404186743423,0.8577778582182813,0.721823732740722,0.8438126713927872,-0.7093384238263505,0.0036836279220532494,0.2065409634612418,0.8327229954951136,1.1757705212842162,1.1457499044100465,0.901772371053595,0.9286852596378266,0.9339048934083602,-0.7363736378269782,0.0010545886886484473,0.11519477316982601,1.0506586397679545,1.0887142802380358,4.174540051776112,0.6763253260306973,1.4676425221159648,1.3900858321501706,1.5664453783081618,1.009970286732731,1.816821749271151,2.094641213038762,0.8045288129719087,90.25270758122744
259,2025-05-30 16:41:25,665.5011135857461,81.57096288118892,23.731186631244405,68.1718882245801,,,,,110.2644953218008,110.38776251747552,0.12265924470970978,0.16573944836036894,660.0,44.477999999999994,0.06739090909090908,50.0,0.7400727221138722,620.0,690.0,9.799554565701559,38.44444444444444,430.0,1380.0,8.803921568627452,234.375,,0.004610895732308129,0.01999343916445019,0.02065278102918278,0.005940881033416273,0.0494470005160284,2.109138205112078,0.43783619254400247,0.4259222889595127,-3.8799052941062,78.05593543611712,85.11268538476999,0.9172865747482732,20871.32873828556,1.090536074922629,5.026520208540231,371.2296405356973,0.6770601336302895,0.6453333333333333,0.897119341563786,0.2818181818181818,50.16703786191536,49.938322180684956,50.41623079144646,52.800000000000004,0.534534369088939,0.46568447351017717,57.059763010459854,53.262676910552024,0.4524490650988344,0.5482789862788506,57.23149265216572,63.02096271599667,0.48987331291339775,0.510546762107093,57.132967840817706,58.34618450819597,0.6976520864490898,1.4786724840910916,1.1646493042087598,0.8560628914169368,0.837371646310598,0.9920670384124258,-0.7126013506020666,0.003928945333965003,0.2448099725767856,0.8277423086822959,1.2692899406708622,1.1507445833044057,0.8834156032146503,0.8304271701901298,0.7417930788962579,-0.6983947474189831,0.0012589941494489448,0.1357140204773583,1.0531053516080018,1.0901357025043394,4.171435497833653,0.6782104995049225,1.4682588793438471,1.3957033247269255,1.584141885544657,1.0104820344921426,1.8166506871322639,2.1260864942715134,0.8437741209217579,90.15762524681234
260,2025-05-30 16:41:30,665.8574610244989,81.57346159928004,28.223192142179983,68.52220919595815,,,,,110.35454227171621,110.47790335661473,0.12255448030701285,0.1657329815031628,660.0,44.477999999999994,0.06739090909090908,50.0,0.7398087479993635,620.0,690.0,9.799554565701559,39.198218262806236,430.0,1380.0,8.634615384615385,234.375,,0.004305862995979867,0.021193739921990216,0.02139185491507189,0.006718984239498014,0.05216621023863886,2.1136707512521395,0.45027333541307807,0.42203797207760213,-3.8447450408504906,78.11967463473431,85.09849326191988,0.9187794380435055,20867.241064190224,1.0904547298898464,5.026435143128671,371.18421793583906,0.6726057906458798,0.6402116402116402,0.8925619834710744,0.2702702702702703,50.13850415512465,49.89402375112193,50.40042209502007,52.785145888594165,0.534504598777331,0.4661277906081603,57.079363094512246,53.33508106756023,0.4518301946456961,0.5482610967828454,57.19840801523036,63.00869524099238,0.4895947278095527,0.5106153631964561,57.13260420401581,58.34181061564368,0.697129627448956,1.4911197762170634,1.16380145649646,0.8234274771508776,0.8029728635627702,0.9642375570464127,-0.7051882497031273,0.0036688875310892746,0.22173186435505607,0.7988790934544036,1.3141427856306096,1.181668649686293,0.949066288658591,0.6502044185256635,0.7513658415506939,-0.6606928517598717,0.0012818641659983305,0.14612974660608447,1.0594931976680635,1.1111546624452007,4.175258437135726,0.6894651614612585,1.3935285192160383,1.386991741586118,1.583021114630113,1.0217584190400972,1.819913147666144,2.107327031270432,0.8045288129719087,90.10937552262769
261,2025-05-30 16:41:35,666.8080357142857,82.11052042167425,27.460909746718,69.17125171196105,,,,,111.39746843243056,111.52119509981593,0.12313966842603712,0.16706077681427675,660.0,44.477999999999994,0.06739090909090908,50.0,0.7383733466950193,620.0,690.0,10.491071428571429,40.17857142857143,430.0,1380.0,8.634615384615385,234.375,,0.003008658596418117,0.023667164356112463,0.02276684690074463,0.008570483010684601,0.05801315286395981,1.039545109575028,0.4084644011603578,0.4033592727689626,-3.7824498845274754,78.8573933011078,84.99013998937683,0.9282119164137065,21046.872351272345,1.0859312618428474,5.03015767704537,369.17379985145686,0.6703786191536748,0.6394736842105263,0.8930041152263375,0.26548672566371684,50.58886509635975,50.339761615381576,50.83258698194706,52.63157894736842,0.5390841896520641,0.4658616223709893,57.899518651623396,53.53742247606963,0.45252299182171485,0.5483703240115392,57.14084780866448,62.93114137563714,0.49250862197520107,0.5104463863182459,57.52143404150596,58.407010831137036,0.7129937384180242,1.4835350582458309,1.150549894845333,0.8503868077261267,0.7006094974763721,0.7843824187764395,-0.6949135635722095,0.003448569939104826,0.22661512753385546,0.8552277189132418,1.401686757102467,1.1859664660022666,0.9971411312608266,0.7890887175125973,0.7870926616249627,-0.6288527683642637,0.001204204883680323,0.14961801348459625,1.0643371917074638,1.1176069963459563,4.198863028356146,0.6952180286455211,1.4377268863168595,1.3828491839343606,1.5948210626708428,1.0300221778427807,1.8275094872490991,2.113496500425887,0.8453487983224932,89.98091922471798
262,2025-05-30 16:41:40,667.6957494407159,82.85930526898116,24.567355463601928,69.86284741181366,,,,,112.63457322333048,112.76033403161567,0.1241098731871279,0.16870842150865772,660.0,44.477999999999994,0.06739090909090908,60.0,0.7370732385070473,630.0,698.0000000000001,11.409395973154362,41.163310961968676,430.0,1380.0,8.94,234.375,,0.0032332036719036087,0.02539080798312838,0.023621585102897802,0.01000202374779951,0.0622476205057293,1.0748985672436324,0.408423418368799,0.39037634640590096,-3.745594361959185,79.73359684261567,85.7009956418426,0.9303695510823983,21467.283713494067,1.0813934208246896,5.038747205964401,370.08448690662084,0.6674107142857143,0.6377952755905512,0.897119341563786,0.2543859649122807,50.467775467775475,50.21162182310438,50.72264288855622,53.141361256544506,0.5405429288466296,0.46474462221267765,58.62181210038277,54.04638041492747,0.4505890237831881,0.5561555647662284,57.527588808380095,63.81711298865254,0.4923257483988739,0.5140106318543998,58.07727751900326,59.09292165801925,0.7193753346522177,1.4885132171712065,1.1553116175556473,0.9057516995965311,0.7248869375539444,0.8844529859383372,-0.6749230827723137,0.0030171972623194913,0.20836923034447175,0.7941110104755075,1.4966734718480676,1.1585961681909156,0.9635027143960013,0.7721243391091948,0.8102165524035114,-0.6205917706189943,0.0013444935960457173,0.15961927092668943,1.0624263868943031,1.1318321265482536,4.247468502952203,0.7059795471951491,1.4376065989402074,1.3808968437771076,1.5861409244429412,1.045901877088373,1.8373903114556858,2.1566741099872377,0.8846673470816789,89.86128794478323
263,2025-05-30 16:41:45,668.0313199105145,82.81236418337924,23.188927055276576,70.00400664468285,,,,,112.88610872291106,113.01276663939208,0.12401878447457292,0.16904495823834267,660.0,44.477999999999994,0.06739090909090908,60.0,0.7337396087286913,630.0,700.0,11.607142857142858,41.61073825503356,430.0,1380.0,8.96,234.375,,0.003808909314689877,0.02659574277036502,0.024111313466601936,0.011334157667492763,0.06550179666178596,1.8667828251219056,0.44575051259893533,0.3750192516773225,-3.7250741101890714,79.91209365136697,85.75642123168424,0.9324034533970581,21526.351208844542,1.0739984440261643,5.039940531603269,368.4090518723248,0.6629464285714286,0.6335078534031413,0.8966942148760331,0.24347826086956523,50.180691791430036,49.93894007108589,50.43676128458808,53.54330708661418,0.5391748042579395,0.4613071688558317,58.6783270672889,54.25180574843838,0.4423189891521594,0.5589750920080673,57.03408007779043,64.09351397623517,0.4870717486891204,0.5133700478523543,57.82480193784442,59.37691875126287,0.6978058667862154,1.4080981793967067,1.141674255860866,0.8444641252551428,0.6689111284041909,0.6579787354500752,-0.703835504175075,0.0027832055712141784,0.19538483446818966,0.8098602089132317,1.3166358167173993,1.1364790985338074,0.9605655769630149,0.8278034926389468,0.6445390805002615,-0.6354998828017306,0.0011471428023774014,0.13722895550468914,1.0612936176307768,1.1280107312899317,4.245338634738866,0.7073721569428497,1.4131195583933718,1.3797121559930825,1.5915672734228978,1.0467894301677614,1.8398791415469513,2.1839467906417704,0.865008072702086,89.81614815310941
264,2025-05-30 16:41:50,667.9910714285714,83.15702063646025,23.696199425963073,69.93276470266858,,,,,112.80712046928345,112.93234808719357,0.12466611774881688,0.16911651783208104,660.0,44.477999999999994,0.06739090909090908,60.0,0.7371610966623626,630.0,700.0,11.58129175946548,41.74107142857143,430.0,1380.0,8.803921568627452,234.375,,0.004083255626464675,0.027157357086059965,0.02425716325311188,0.01232671538278494,0.06733399353728382,1.6542733629646584,0.4316043335620913,0.36377384342415414,-3.7190433133373344,79.85522914777421,86.13516899506034,0.9329247926323017,21608.95390415639,1.0786415606630462,5.0416038530297165,371.6358924512284,0.6629464285714286,0.6335078534031413,0.8930041152263375,0.24347826086956523,50.02573340195574,49.76594563518074,50.30534650619598,53.66492146596858,0.5389093083375832,0.4629714085248202,58.612507274203935,54.33552238902825,0.4419531901018809,0.5601203813985745,57.12779084523419,64.46458602171258,0.48682508727966944,0.5152157152181094,57.852201621399686,59.61556778325344,0.7114221939626215,1.445796175658159,1.1288012639293525,0.8747800265736843,0.7190898714285971,0.7403892317923837,-0.670926948657974,0.0029640221052106754,0.20891676143097812,0.8036066016475214,1.3024009088168076,1.1394729095342482,0.9656594336111681,0.6062964610505643,0.47230503961671744,-0.6265789992028253,0.0009906820432486793,0.12846405745134715,1.0657679664362738,1.1317122370944541,4.256166141986396,0.709071685160155,1.3486267427048897,1.3753507085142784,1.591576164310077,1.0506239313665013,1.8385392251441983,2.221790169759798,0.8846673470816789,89.82155984762414
265,2025-05-30 16:41:55,668.5267857142857,87.63902574477382,25.00723487313062,72.1420539737901,,,,,120.3377161129565,120.47284278936307,0.13109276638951142,0.18012577136420171,660.0,44.477999999999994,0.06739090909090908,60.0,0.7335462047705904,620.0,700.0,11.830357142857142,40.939597315436245,430.0,1380.0,8.96,234.375,,0.004109121848133646,0.02816422415869719,0.024507572481682418,0.014853074073974697,0.07155392371981371,1.3900649661289384,0.41137914358139527,0.3501845020891402,-3.708773128302116,85.1871640851795,90.13280931700758,0.949291025579417,24091.12573290079,1.0713445550797582,5.088827204196916,381.9455836314622,0.6629464285714286,0.6344647519582245,0.8930041152263375,0.24347826086956523,50.22784810126583,49.94815978350628,50.510234547112546,53.78590078328982,0.5435846023542427,0.4637901127493494,62.41488586489675,57.97616712974548,0.4476486726075718,0.5600226703372972,60.15010177727969,67.20450804838002,0.4898346096390659,0.5125224909395079,61.29295522874221,62.74400684494557,0.6324649772851362,1.505594258033108,1.1111772415634995,0.7798836376722513,0.7926929549785608,0.8391117920475077,-0.669331305448684,0.0033289624616880914,0.22322351708489077,0.7438936075981853,1.2808105648049422,1.0920473583986918,0.9889837327828078,0.5920765563174779,0.5970498385933378,-0.5592546840420183,0.0011445416608181578,0.13488603667536683,1.0600067771054116,1.1317296384072595,4.268101735692308,0.7006789002182375,1.2793381339122745,1.3869325741901517,1.5980535030489476,1.0504494967382667,1.8599536890403738,2.37422883028426,0.865008072702086,89.74958263772955
266,2025-05-30 16:42:00,668.6353467561521,91.8963246482723,25.285319275179035,73.45766371579025,,,,,124.392033812711,124.53101394937116,0.13745176763630473,0.1861123840232927,660.0,44.477999999999994,0.06739090909090908,50.0,0.7429703426586389,620.0,690.0,12.946428571428573,41.517857142857146,430.0,1380.0,8.784313725490197,234.375,,0.00437781043116043,0.02814827106295637,0.02437438072830621,0.01600159290463113,0.07228621665541307,1.1550856195665071,0.39112014921915794,0.3547027747607504,-3.714222668439171,88.05672443163687,94.26574637000672,0.9559541843595388,26077.52134551501,1.0722920189914644,5.123236419524645,404.15991232897113,0.6584821428571429,0.6292428198433421,0.8879668049792531,0.23931623931623933,51.34370579915134,50.72119608762553,52.03656654819297,53.90625,0.5620969510857643,0.46317254174397027,65.64529634890397,59.65333334669737,0.47529562446521684,0.5624108947547941,63.14220542591324,70.6937098407625,0.5167449153811352,0.5141878867739178,64.4059121462605,65.40688339319539,0.7092896435292448,1.3641562421960236,1.1394552580592625,0.84532371500356,0.7422329553700209,0.6853076467134106,-0.7074665089295931,0.003136570819974365,0.19785735608448052,0.7556192462395293,1.2185239802781487,1.0955381142403977,0.9827731891740917,0.6874127201255442,0.3908786220449545,-0.5889662726607758,0.0010359413521850904,0.11609478363098287,1.0645297503792683,1.1382420834388778,4.240234391546743,0.6827671892180773,1.3046387906916534,1.389093183028495,1.5947829405098661,1.0432839355614751,1.8748793954083938,2.33606526694951,0.8666258723312439,89.73501070663812
267,2025-05-30 16:42:05,668.7919463087248,91.16018578588643,24.88173918029555,74.71083127550055,,,,,124.43955076149211,124.57928393028293,0.13635837563302042,0.18610788276982124,660.0,44.477999999999994,0.06739090909090908,50.0,0.7328342487715988,620.0,690.0,12.97539149888143,41.387024608501115,430.0,1380.0,8.94,234.375,,0.004578958578786542,0.027616530776161004,0.024039141631731757,0.016585873035535065,0.0723329220933044,1.1488151781470883,0.38179752700350766,0.4062931612682415,-3.7280718757873843,88.09085646246733,94.32720741519614,0.9347426757298576,26099.536510058704,1.071399802017762,5.123602904927994,404.24567523869564,0.6621923937360179,0.6342105263157894,0.8879668049792531,0.2413793103448276,50.138504155124664,49.871208959620446,50.42112913125406,53.805774278215225,0.5424541975881261,0.457812477367209,64.87325585973542,59.59601826681399,0.4385365275217405,0.5620072219027088,62.44359947759783,70.71389795007606,0.4869263877247833,0.5134148106858878,63.670018225069455,65.38250229606422,0.7316171179653019,1.4587436023233051,1.1669301210423777,0.8813630730426694,0.6154783590107566,0.7178687247977482,-0.6898335751237143,0.003313391634783559,0.21943719027685488,0.7160007889003642,1.2460285646889775,1.0686888011579598,0.9827976898757306,0.6886665065769817,0.41902145135871194,-0.5702403903198934,0.001250417912048765,0.1342660565233973,1.0603971028720656,1.1350760377086921,4.229840889805136,0.6669263618470014,1.2875371804629496,1.383926369104306,1.6070404537689826,1.0414999679584802,1.8751700669768072,2.3077957908306916,0.9060179574372095,89.7139989964877
268,2025-05-30 16:42:10,668.7695749440716,92.60215850417976,22.894337841060462,76.75965882846647,,,,,126.85838296050545,127.00083849837993,0.13848499448433707,0.18971461085093988,660.0,44.477999999999994,0.06739090909090908,50.0,0.7323688342161868,620.0,690.0,13.646532438478747,42.1875,430.0,1380.0,8.96,234.375,,0.0046427491661806455,0.02662735138319749,0.02375176424378288,0.016633320374995583,0.07159651561270407,1.1210683598026747,0.37190848123442394,0.4427568545147802,-3.74009846731165,89.80315411858199,95.519424978345,0.944749313891031,26948.41101383756,1.0702409745904227,5.137503272498762,406.39822232282853,0.6599552572706935,0.630890052356021,0.8842975206611571,0.25,50.313339301700985,49.978066207615555,50.63069445666862,54.02597402597402,0.5485131927963145,0.4578759882996903,66.44250703858964,60.415229867972855,0.43860570628866385,0.5703829352523754,62.6265157415089,72.12406030079157,0.4884914123038749,0.515188835561679,64.56271065984798,66.52773885482738,0.7016904861334249,1.543210761508482,1.1477208614417502,0.8714268093961252,0.6204496372042527,0.5971911520801412,-0.6409750229805714,0.0028658900209944803,0.2018131441092901,0.7046332791144635,1.2482048702096793,1.0356867376717434,0.9946580723426199,0.5341422547595442,0.18931408348751422,-0.5347182149036942,0.001160324225479113,0.13008683167262014,1.060049864513362,1.1477631381435258,4.2659967191562105,0.6752025933000395,1.247445191001277,1.3878718765332012,1.6189763169485436,1.0527382208614309,1.8746599538288118,2.305794260526239,0.9060179574372095,89.71700006690307
269,2025-05-30 16:42:15,668.4563758389262,93.08875141487732,22.10559626962763,81.51272368733531,,,,,127.38814894710583,127.53084934609527,0.13937956830943163,0.19073523855587518,660.0,44.477999999999994,0.06739090909090908,52.5,0.7312959924041019,620.0,690.0,14.732142857142858,43.30357142857143,380.0,1380.0,9.333333333333334,289.0625,,0.004633733315619391,0.025182448342645616,0.02372538551368079,0.01628770303331084,0.06976458132056736,1.0643155921195282,0.3645752608139248,0.4581047678227253,-3.741209685358699,90.17792838310393,96.07072850641684,0.9395445628027993,27217.060012902137,1.0669465063928978,5.1418113208683405,409.3944068683193,0.6607142857142857,0.6330749354005167,0.8816326530612245,0.25217391304347825,50.08680555555557,49.76147148210456,50.409928995168016,53.8860103626943,0.5490915106564835,0.4530263852976339,66.82250097662687,60.55424133368164,0.4308849689802962,0.5722151176508957,62.89906901554006,72.67260828915049,0.48523456263529663,0.5153960221017377,64.85955410337264,66.88843001239475,0.7206061933719022,1.5592784622686091,1.144873948145072,0.923458694721709,0.48941719859512034,0.6926893701226458,-0.6602743429888817,0.0030986392836008514,0.21622404450052476,0.7061830076133881,1.373252350089175,1.0567964037273136,0.9573861935165496,0.6837956925514943,0.25929741764405145,-0.5702986405313166,0.0012196547361474632,0.14347741510665257,1.0735382353805254,1.1607731361627471,4.293594782557817,0.6852081749844214,1.2372022654057477,1.3896288877011282,1.6285156883893988,1.0744559625406878,1.8767843091362704,2.324143383827547,0.8666258723312439,89.75903614457832
270,2025-05-30 16:42:20,670.0,97.60385401838496,21.48698048538952,85.69566359025654,,,,,134.88821839091122,135.040017238202,0.14569202079119012,0.20134591319102513,660.0,44.477999999999994,0.06739090909090908,60.0,0.7455613611030477,620.0,690.0,15.47085201793722,44.17040358744394,380.0,1380.0,9.333333333333334,289.0625,,0.004515500396100762,0.023858499747891865,0.02449765589036891,0.014937468591636699,0.06724762097089226,0.996755849202167,0.3704224062218027,0.46358322879709546,-3.7091778439530083,95.48771192068091,99.81680506983595,0.9566296161640695,29943.393972526323,1.0633415619458206,5.183271134425787,417.36865923129267,0.6607142857142857,0.6304909560723514,0.8816326530612245,0.2543859649122807,51.39240506329115,50.75915855968748,52.06866084563626,53.746770025839794,0.5702963021284412,0.4632381093531933,69.95815995396208,64.99047054192839,0.45592801198923283,0.5719376695216669,66.25841898434464,74.67529037382421,0.5098233702815566,0.5152734794565763,68.13340674899908,70.0005723322182,0.7325562718471518,1.4914343603573517,1.1429530403588624,0.9089785791728633,0.48317526581819514,0.6409337292130846,-0.6653053860716043,0.0028296139344584545,0.19289378467837928,0.7415185960908116,1.3141713906870707,1.0450223862165733,0.9473676797272707,0.5816836017074127,0.33301653799874886,-0.5728257555725138,0.0010304572858421397,0.1296986749926906,1.0808941015983233,1.175946448509809,4.295539908980473,0.6925268855981586,1.2732827792222183,1.4006118754362076,1.6405753565966092,1.0741303997521245,1.8892542946806423,2.330873022489549,0.8879831737587751,89.55223880597015
271,2025-05-30 16:42:25,670.7191011235955,97.90644715141424,22.711934087761392,85.74300380762662,,,,,136.07995006241282,136.23304018846457,0.14599222811611753,0.2029142685651492,660.0,44.477999999999994,0.06739090909090908,60.0,0.7223155527041273,620.0,700.0,17.040358744394617,45.51569506726457,380.0,1380.0,9.48936170212766,289.0625,,0.0043344871314436855,0.023539719154183767,0.026321797907712288,0.014014164705765709,0.06722363851147682,0.9328817735021468,0.37702243913396655,0.46334052486530136,-3.637357865294476,96.33130653892275,99.71932526328156,0.966748932776741,30155.81516272188,1.0412844183296885,5.186341182642317,415.3442192810622,0.6591928251121076,0.6307692307692307,0.8780487804878049,0.25663716814159293,50.2394253790902,49.99701679439684,50.45892209623262,53.470437017994854,0.5374132323673609,0.46410159534923395,70.61904523249765,65.51854836746752,0.4410272715454632,0.5597421993644354,66.17739296314917,74.60505364530536,0.4874899615814329,0.5138258403248508,68.40463895728344,70.19017978558917,0.665654843431365,1.4965063859818404,1.1201703406575618,0.8841436966590104,0.5623985574687218,0.5299062600263196,-0.6577184342208451,0.0031948369991326403,0.2055150774610265,0.7462259499978774,1.197562957365292,1.0670180667564104,0.9567167146923323,0.6537268608468239,0.32816031606204565,-0.5889487534350493,0.0012179180915130147,0.12454552562571834,1.0760983265260644,1.1817231777089048,4.332658376673096,0.6797228873430264,1.264951106837764,1.4075108843955133,1.65207914287081,1.0935196861102368,1.8980829918983515,2.4066964881533424,0.8090513360913284,89.45622675645794
272,2025-05-30 16:42:30,671.685393258427,98.26691857467887,28.45003036732657,86.544687516896,,,,,136.30500377482133,136.45866889262015,0.1462990256464774,0.20317894554300248,660.0,44.477999999999994,0.06739090909090908,60.0,0.7209340512327621,620.0,700.0,17.528089887640448,45.84269662921348,380.0,1380.0,10.348837209302326,289.0625,,0.004156573629555117,0.02496968998541233,0.028914564084598037,0.012626488175878818,0.07053848404414387,0.8696295767107762,0.3826166728157447,0.46146506349387284,-3.543409863238733,96.4908501256615,100.20050237795304,0.9667136821176413,30374.273866833486,1.0384456375652242,5.1894760143657965,416.21109830491685,0.6591928251121076,0.6317135549872123,0.8785425101214575,0.25663716814159293,50.256612712198965,49.996387502887565,50.48903046180985,53.470437017994854,0.5376387120247408,0.46281593706752133,70.7394034850281,65.62772084008142,0.4422633700728619,0.5602531497532912,66.5041830430226,74.94887800744131,0.48823785813039516,0.5130066794253525,68.6524043044076,70.44264353798052,0.676586124594546,1.501450472933543,1.128949867469633,0.8438138280999455,0.44892133105289744,0.5373667852888875,-0.662726583831004,0.0027813675764745676,0.19614580910326898,0.672910259355101,1.2205619972542314,1.0214610670948665,0.953801047528144,0.6812476755890255,0.24397526219890575,-0.5555867067869783,0.0013585555493148395,0.1421513898046641,1.0837281657542834,1.1914894531420386,4.367473456307936,0.6856237372123363,1.2338693807527974,1.3958765510042344,1.674100488286096,1.1116109954888835,1.8924220700254515,2.43046529621679,0.8105710619325937,89.32753429240547
273,2025-05-30 16:42:35,673.7020316027088,99.17680026495803,28.2931912474818,86.48172272106576,,,,,137.2186549854578,137.37246305445422,0.14721166867943178,0.20367855305263127,660.0,44.477999999999994,0.06739090909090908,60.0,0.7227647018947142,620.0,700.0,17.83295711060948,45.61797752808989,380.0,1380.0,10.348837209302326,289.0625,,0.004218766039834296,0.027455906856719694,0.03221748256641175,0.012439540351532807,0.07622053012738664,0.8737434617766936,0.3944508409678563,0.463077604456315,-3.4352460369235707,97.13700017410304,100.40681760650097,0.9678209827151658,30640.63506243835,1.0377788540087245,5.193267872268781,415.64851863102797,0.6613995485327314,0.6323907455012854,0.8785425101214575,0.2702702702702703,50.58731401722789,50.27262987076047,50.859056559084756,53.333333333333336,0.5416226088628279,0.46263552353925635,71.48886344299986,65.76602518038635,0.44697577737530725,0.5596788348034284,67.12823006515141,74.90846027269372,0.4927335715916819,0.5128786491270677,69.34283260745762,70.4151338876525,0.6833824815740845,1.479131426052044,1.1111163221613178,0.8780625206535512,0.4740590260045776,0.6391724993330277,-0.6616655362146104,0.002851055980116634,0.19821466644247882,0.7132063156862911,1.147277997231977,1.0715392675430975,0.9872175553690375,0.7223989070035399,0.35755585811425394,-0.5525965983159623,0.001151593029344066,0.11840347620203605,1.0954174841650914,1.2004178770130123,4.381575230107611,0.6845234801152406,1.2094881631925696,1.4127290768000171,1.6870409412308167,1.111362801015471,1.8931973804589053,2.428196479688382,0.8303410878333887,89.06014407773496
274,2025-05-30 16:42:40,675.079006772009,100.85241324898112,25.905202751201493,88.94030184808597,,,,,138.05451739713428,138.2109067622851,0.14942010681586376,0.20453535346105642,660.0,44.477999999999994,0.06739090909090908,60.0,0.7341351090892844,620.0,706.0000000000002,18.284424379232505,45.372460496613996,380.0,1380.0,10.547619047619047,289.0625,,0.004437413327828792,0.03115971989214176,0.03658789879955477,0.01328999000271035,0.08547502202223567,0.8995866790131628,0.3941946866583765,0.4381953355409886,-3.308037727138199,97.72986940555344,104.09143865267643,0.9440835568304561,31957.599278067995,1.0651436315676632,5.211544256716117,443.4893319264576,0.6591422121896162,0.6298200514138818,0.8734693877551021,0.2702702702702703,50.72237407262787,50.368540927154406,51.033485255751444,53.72750642673522,0.5419693349502321,0.46421702481301214,71.53959625409935,66.58328118479393,0.4737372579899781,0.5369042544244982,70.84424543479852,76.27170127686767,0.5058930349544455,0.5028490480866178,71.19237165855873,71.59156985637719,0.6737422291708194,1.51668729357101,1.1310618543765498,0.8891453622797921,0.5536479258903251,0.7263515827289491,-0.6490426887961183,0.0029107507883715995,0.19228155847187087,0.6919062010158422,1.2327325206062238,1.0484517650037708,0.9687868012852031,0.7493898707194946,0.3753671835029042,-0.569250747945633,0.0012372029525270054,0.13364861582613524,0.8947147065570813,0.796968050032179,4.411417227973841,0.6785892515005488,1.2125387475448823,1.2185860544741827,1.188502701843145,1.119358085169198,1.902716253354814,2.4554029129481263,0.8136290709497872,88.87848592255735
275,2025-05-30 16:42:45,676.7873303167421,107.18661032949692,27.203815868663934,93.40954551203004,,,,,147.8538838686921,148.02174162121878,0.1584762728404002,0.21852895449534934,660.0,44.477999999999994,0.06739090909090908,60.0,0.7478713445871397,620.0,700.0,19.004524886877828,45.47511312217195,380.0,1430.0,10.78048780487805,289.0625,,0.004883809796856546,0.036439779497018966,0.0424478253326225,0.015067120244995178,0.09883853487149319,0.8584604561358727,0.3718222713934967,0.43414035834364945,-3.1594795964505127,104.66717726340681,109.87847009338957,0.9536953493187857,36119.36535983174,1.0661680628988246,5.264710220840677,461.53810720027866,0.6606334841628959,0.6314432989690723,0.8734693877551021,0.2702702702702703,51.447912749153815,50.74841359067249,52.25440152888462,54.123711340206185,0.5684921677503394,0.46549451461903346,76.52465437538889,71.40871477245999,0.49025279937069005,0.5372002794688664,74.90072679078682,80.3952909721639,0.5273040633597605,0.5031290198102902,75.70391115501742,76.02591690741446,0.6914115360423385,1.4868957495546875,1.1370382705973938,0.8592860110866762,0.5966011099232311,0.757107942106034,-0.683716107817908,0.0030263822910768837,0.2089572807009079,0.6875931236363142,1.2180084563549416,1.0408641899627895,0.9437752739164149,0.7458429831681634,0.2974273910263019,-0.5683797618859572,0.001270544040265558,0.131831401000808,0.895729648419715,0.799125385308175,4.4269124903751464,0.6767952008226664,1.2253729956103043,1.2289802491892408,1.1958639221333842,1.1150440907642731,1.9157013696468244,2.4971592665741276,0.7952852994924373,88.65414187337032
276,2025-05-30 16:42:50,679.2045454545455,111.71495609080954,28.562159957604308,93.4450160664193,,,,,156.24946469156595,156.42724955427764,0.16447910550428707,0.23004773118383473,660.0,44.477999999999994,0.06739090909090908,70.0,0.7245213353741196,628.0000000000001,710.0,20.681818181818183,47.04545454545455,380.0,1430.0,10.78048780487805,289.0625,,0.005463263900346134,0.0421978252240401,0.04868522953852286,0.017454628219060804,0.1138009468819699,0.9686837821342522,0.4006027948437993,0.4289359162857366,-3.0223795897936534,110.61076892219008,112.91022340248077,0.9796346653916888,39235.62280598949,1.0481024463051385,5.300650660727807,461.02992224080066,0.6621315192743764,0.6323907455012854,0.8739837398373984,0.2727272727272727,50.29039972668261,50.121250467730924,50.48955738320991,53.865979381443296,0.5356585380981422,0.4728533174095189,80.30904917252745,76.06098850661053,0.4733785710304051,0.5360969530763323,77.68507043891299,81.93746627580843,0.49970963269039415,0.502569212724919,79.00795386571627,79.05384985028238,0.7155653273620792,1.5988334040204988,1.149475197569462,0.8807492079348622,0.4889352312693509,0.6605624739257532,-0.6533620788787564,0.003406656820873993,0.2188028262855659,0.6567870544885489,1.2413487983307863,1.0149620447980843,0.956906566909547,0.5987562057109956,0.31845445673308803,-0.548459854617041,0.001383191601463396,0.14305120808214772,0.914598783968855,0.8165565462649047,4.457084675855201,0.6661180653547479,1.1469362230862472,1.2335304590421277,1.1980703690436836,1.1156023292031525,1.9327352905133914,2.396359472292998,0.8382206999273539,88.33863142044504
277,2025-05-30 16:42:55,682.3744292237443,119.08240511233963,30.551055338936024,98.39692998368969,,,,,164.5867163089254,164.76923232910553,0.17451182226714654,0.24119707489062273,660.0,44.477999999999994,0.06739090909090908,70.0,0.72544800233206,630.0,710.0,22.095671981776764,48.063781321184514,380.0,1430.0,10.682926829268293,289.0625,,0.006342519566049368,0.0497672382959319,0.05695107830422624,0.021206075926093443,0.13426691209230096,1.0260677113730903,0.4020457443870851,0.4270257221866924,-2.865562655041221,116.50944151081224,117.7047411280335,0.9898449322791418,43082.90206256327,1.025491144709367,5.3412750596320215,476.614738207936,0.662870159453303,0.6349614395886889,0.8744939271255061,0.2777777777777778,51.04306864064603,50.68695467674708,51.53316159691622,53.470437017994854,0.5477960431836996,0.47657561149794675,86.23562238893703,78.36355455134866,0.48962185887258775,0.5244606315659122,82.15891140912221,84.28712452139644,0.517197929934351,0.5009207801622613,84.22193684765071,81.37320046205133,0.6643549291336048,1.510048574669839,1.1246784068060114,0.8772604719997035,0.4414872845968656,0.4550645856955158,-0.6490829687816105,0.003229708152641366,0.21528740731329146,0.6544131769543629,1.1346890517822654,1.0084543893405855,0.9314936704405683,0.6635537930161783,0.1485451868001072,-0.5725283286711426,0.001643138861085255,0.14082231787071517,0.9114284553500114,0.8164831399539562,4.496800612170955,0.6377364097607932,1.0802826549026716,1.2372234687546548,1.1975424609847563,1.1194269636530205,1.9461656556826799,2.6394834697685026,0.799824795401855,87.92826552462527
278,2025-05-30 16:43:00,682.716894977169,119.34093321618049,32.16572943784578,100.55055483673821,,,,,164.76597369286088,164.95084003292956,0.17480295872884677,0.24133864989289724,660.0,44.477999999999994,0.06739090909090908,70.0,0.7243056957782018,630.0,710.0,23.006833712984054,48.9749430523918,380.0,1430.0,10.452380952380953,289.0625,,0.0064033560504246296,0.05027435060015427,0.05748848751913848,0.02175628594841983,0.13577443732391226,1.07601466028355,0.4003060851976919,0.4234117161685615,-2.8561705682834044,116.63785754970192,119.90397595454971,0.9800384886121366,43936.25040899477,1.0316491524108673,5.349793100730914,493.04621164128974,0.662870159453303,0.6349614395886889,0.8744939271255061,0.2777777777777778,50.78369905956113,50.43029509699317,51.09231218567775,53.470437017994854,0.5376951346977308,0.47771802425155857,85.52991858102673,79.89266254546858,0.47939122676585955,0.5315103671910058,83.01921551860168,86.74192259512843,0.5077389888152908,0.5029648405572659,84.28391637139644,83.11173874338516,0.6679773452690535,1.5181131568733968,1.1064006256340626,0.8671420058780683,0.4857480471588014,0.5575812183484217,-0.6233819146127723,0.0030388678807033924,0.20887512685569506,0.6186645263127811,1.2812613918900544,1.003791456615752,0.9457200425794104,0.7618189148008216,0.30680620403552683,-0.5340947694827384,0.0017053893677977724,0.1601267401932744,0.9334937204709721,0.8288130457131004,4.515506336021772,0.6418628454504147,1.0859862675411176,1.2419347073279319,1.2008713911070499,1.1249175245322791,1.9495310257979617,2.6913680032675327,0.7798291755168085,87.8841587800555
279,2025-05-30 16:43:05,685.1945080091533,126.19982395431117,34.79898083219609,106.62899504093828,,,,,172.87570440727617,173.07411373542297,0.18418102083302937,0.25230164922011716,660.0,44.477999999999994,0.06739090909090908,70.0,0.7300032378002536,620.0,710.0,24.25629290617849,49.65675057208238,380.0,1430.0,10.682926829268293,289.0625,,0.006393166356289394,0.04909473972346211,0.05616478059484347,0.02270056493374873,0.13351126681532266,1.0907060815231437,0.39969881363968196,0.4217025320407422,-2.879465398335414,122.38187947016934,130.13175110551305,0.974995895581313,50032.27662819591,1.0633253196379677,5.406220375079207,553.4895433572725,0.658256880733945,0.6304909560723514,0.8729508196721312,0.27522935779816515,50.851129681213244,50.452951144340595,51.21831300591227,53.865979381443296,0.5410271177103939,0.4790373207063537,88.33257427563694,84.70367550276765,0.5075143139501388,0.5337012630372239,92.70591008167328,91.32298112586943,0.5138261496731074,0.5031490396928266,90.5456499292821,88.07553441618752,0.6654329839594483,1.5458930211683408,1.10802647873706,0.8936759264664415,0.5146666234556205,0.5296639095529971,-0.638423350997852,0.0028961120081973757,0.19412878154558266,0.6369988047269588,1.2616830282203864,1.0001323960899569,1.0023413488388846,0.6451836677830283,0.12024047441411012,-0.49810961708812546,0.001685707105548961,0.15695107382430307,0.931074236374104,0.8342884334986096,4.555319723519759,0.634379004876869,1.0786629224466437,1.235366841523316,1.2032528425850244,1.132937275446064,1.9575696673305762,2.7726935409233873,0.7612828955818369,87.56637611461778
280,2025-05-30 16:43:10,689.2378752886837,133.74111686358685,41.747821852293725,111.65309979712693,,,,,177.08807183202708,177.28864135313373,0.19404203056538366,0.2569331694922521,660.0,44.477999999999994,0.06739090909090908,70.0,0.7590541570629108,620.0,710.0,25.40415704387991,50.57736720554272,380.0,1430.0,10.609756097560975,289.0625,,0.006649423144601681,0.04878493494391444,0.05765209644944698,0.023477963669200443,0.13612143646353259,1.1201363013663646,0.39678562799003414,0.4235342936958513,-2.853328667803425,125.36200052815063,139.58375802669593,0.9009683647289948,54973.156370519864,1.1206335164296224,5.447120783346399,621.675640872692,0.6574712643678161,0.6295336787564767,0.8765432098765432,0.27522935779816515,50.85354896675651,50.46224433262299,51.20374847857501,53.746770025839794,0.5405775741884087,0.47400896082352756,91.80517553613423,85.37144172757662,0.4744122256201964,0.5366625492928094,96.14192706051183,101.1946409942069,0.5028969745523031,0.5078205365448897,93.99856486704783,93.61794280102355,0.6548410100539255,1.4256313050471559,1.0938600948070638,0.9396122016234261,0.38618490828269536,0.43260031144403044,-0.6169159316730766,0.0028955341859903225,0.19214519176388348,0.5854306056572527,1.3902501335919901,0.9530346355887529,0.8660117434849119,0.7898168468882663,0.3079658506721905,-0.572616816268757,0.0020499938765345797,0.18131750749922776,0.929311196122375,0.8407105012500852,4.59799422355686,0.6096057030767333,1.0032312053200154,1.238917775150405,1.2160726671049766,1.1434645121754492,1.9556658825275048,2.7052806181775484,0.7483932077249165,87.05267390430237
281,2025-05-30 16:43:15,692.92343387471,148.08480029187132,47.71006578824548,119.10210655340143,,,,,186.75254115515264,186.94594908365326,0.2137101922846025,0.2695139636292342,660.0,44.477999999999994,0.06739090909090908,70.0,0.7929466414534276,620.0,710.0,26.72811059907834,52.204176334106734,320.0,1920.0,10.875,351.5625,,0.006801649005628534,0.04909846814987349,0.05973475677810672,0.02464469101564763,0.14027956494925636,1.130819480505567,0.3874009533918414,0.4280145899010185,-2.8178412374027206,132.19074831240624,151.52165880209554,0.9304287856308143,62925.351464016465,1.1462349728439738,5.505795759902599,694.7176978491755,0.6597701149425287,0.6340206185567011,0.8780487804878049,0.27522935779816515,51.71314741035856,50.935734477978336,52.806125126925416,53.350515463917525,0.5530943061566058,0.4780989453551177,98.32335692744891,90.64519251414234,0.5520481894054932,0.5329526405206781,112.58050983674747,101.4122373830529,0.5525003656369377,0.5072511540835014,105.69260549486069,96.07815232672817,0.6707184749596125,1.3493194221009226,1.0786302540933912,0.9735383723673412,0.3497934476080795,0.11449274253521913,-0.5746180610831023,0.002477910141554861,0.16116475731537827,0.5274666549863277,1.471895829505695,0.9645506878701535,0.8682497478161036,0.763186582938066,0.7576541045434597,-0.5558357499922869,0.0021935396279130067,0.2021706040323019,0.9228149550457236,0.8585713398490675,4.682972109577267,0.6055740322371685,1.0170942634702598,1.250080366591061,1.2308466394155122,1.151665246663813,1.9592333996867068,2.7120981020626913,0.7671404304905304,86.58965344048217
282,2025-05-30 16:43:20,692.7378190255221,140.87598183315234,52.49143699451045,121.6158296449627,,,,,191.44462406535914,191.66708229771396,0.20358936406616457,0.2765005436001309,660.0,44.477999999999994,0.06739090909090908,70.0,0.7433717200625801,630.0,710.0,27.546296296296298,52.77777777777778,320.0,1430.0,10.8,351.5625,,0.006744707696018513,0.04816554735954181,0.059584221064944015,0.024340230738043568,0.1388347068585479,1.1237376709425078,0.3788317722931206,0.43543228481487745,-2.820364487195051,135.52909362295358,146.40876930049603,0.930635502575347,62288.16194273635,1.1000414779694485,5.501375625457785,644.2228758760226,0.6550925925925926,0.6295336787564767,0.8724279835390947,0.26851851851851855,50.58184639255236,50.40916432147742,50.68006960622026,53.5064935064935,0.5187211010691412,0.4846296038388009,97.38320374732504,94.34905503525995,0.5094248057401505,0.49933617394060453,103.69815738956333,103.45788709489544,0.5137394527750825,0.49259283168698104,100.59024857828831,98.96272671025511,0.6267134856817462,1.2894717515913254,1.0622306225843885,0.9406180125031669,0.36630611007055336,0.025758560241814554,-0.5472738305654516,0.002374492302887865,0.1646871875107697,0.5101030382982513,1.583976389696608,0.9555649427079691,0.8563591280085782,0.5056711858815657,0.6272531245965509,-0.5548833030548204,0.00231757117721396,0.22530051657853964,0.915034178961212,0.8545689585273872,4.7163699651617454,0.5973567218328789,0.8813537871163758,1.2518428739291931,1.230012943300889,1.1523815110012177,1.9674018004262395,2.8480671220442773,0.7309874388102263,86.61285460695983
